# {"t_start": 1564016092.1408777, "env_id": "SignalizedEco-v0"} 
r,l,t
-223.559956,128,2.16033
-214.704957,138,2.278374
-220.329376,130,2.378946
-214.858097,130,2.4708
-230.196861,117,2.558411
-224.261817,127,2.661831
-218.010748,131,2.765999
-219.490024,132,2.869633
-214.206315,138,2.976418
-230.058596,119,3.068051
-217.815186,135,3.17089
-218.520502,129,3.268752
-220.510667,133,3.36534
-226.744445,122,3.492966
-226.933543,124,3.602357
-217.067396,136,4.833396
-220.288634,134,4.93389
-224.745723,122,5.028314
-224.503876,128,5.129345
-224.305087,132,5.236681
-223.101094,128,5.328581
-212.400652,139,5.429888
-212.214827,144,5.543062
-228.116439,127,5.646157
-227.793203,126,5.731056
-227.105486,124,5.831921
-219.22985,137,5.937341
-226.258492,123,6.040226
-236.016325,116,6.124147
-224.577101,129,6.214676
-228.085035,121,6.302368
-221.315272,129,7.238458
-230.366496,124,7.332523
-231.094865,123,7.406822
-219.351894,135,7.485016
-220.72314,137,7.565709
-233.101311,118,7.657402
-230.484286,122,7.739707
-219.342673,134,7.832021
-223.956947,132,7.937467
-224.745033,132,8.03539
-229.930156,127,8.129741
-223.304672,130,8.222152
-231.053001,120,8.311945
-228.532446,121,8.402536
-227.741557,122,8.493979
-238.47487,116,8.566966
-229.393947,122,8.658254
-226.73074,128,9.55035
-222.688089,131,9.657214
-225.872206,129,9.747098
-234.285775,118,9.838389
-223.677204,130,9.94769
-236.577724,117,10.039222
-222.905797,133,10.142945
-222.323056,133,10.236872
-223.001563,132,10.334644
-230.79705,120,10.42213
-224.807162,129,10.518031
-239.387543,115,10.62161
-227.583258,124,10.712128
-234.568439,117,10.795541
-225.596873,129,10.890709
-222.4355,132,10.996068
-224.8534,127,11.948332
-217.013374,140,12.048991
-218.68643,136,12.166745
-227.763589,126,12.248711
-226.766441,130,12.336888
-217.646324,135,12.44153
-224.640688,129,12.535068
-223.532803,128,12.632421
-217.488144,135,12.746048
-219.344083,136,12.850657
-220.472019,135,12.954993
-220.682893,131,13.053359
-231.754641,119,13.148103
-225.051968,128,13.252891
-223.486511,130,13.344393
-225.327668,128,14.362733
-217.157997,135,14.475497
-230.339954,120,14.572261
-228.766996,121,14.668807
-220.161745,131,14.759366
-210.430209,144,14.867265
-230.294716,120,14.953171
-226.167449,127,15.040556
-225.811025,126,15.142193
-224.074593,128,15.240253
-61.711861,148,15.334686
-215.550271,138,15.437431
-227.495486,122,15.543012
-223.754837,130,15.656452
-213.047078,138,15.777126
-224.232403,125,15.875475
-223.961765,125,16.831082
-212.173148,142,16.929341
-208.018517,145,17.039407
-213.295107,141,17.138543
-219.911563,137,17.236568
-213.459246,144,17.333526
-221.990837,130,17.41488
-213.409196,141,17.500252
-225.48757,124,17.576294
-210.598189,139,17.667373
-231.225706,121,17.740421
-227.287026,123,17.814792
-214.441686,136,17.905874
-217.339129,134,17.99406
-219.23784,131,18.081158
-220.767294,129,19.055199
-212.402589,141,19.179536
-221.162952,130,19.279337
-215.199149,142,19.389476
-216.399833,137,19.502816
-216.007365,139,19.584582
-217.106854,133,19.665451
-225.548978,126,19.750192
-215.457249,138,19.838594
-218.972705,132,19.918359
-210.644303,143,20.00709
-213.414252,142,20.08987
-223.362785,130,20.179623
-212.345872,143,20.293144
-219.147414,132,20.388327
-62.595659,146,21.323131
-218.644017,133,21.412867
-210.528915,145,21.512904
-228.138107,122,21.588469
-224.580805,124,21.666082
-220.370666,132,21.754609
-228.224818,124,21.832571
-221.514545,127,21.911175
-224.874449,124,21.987094
-226.976741,127,22.062967
-220.042921,134,22.148867
-218.9338,135,22.232948
-215.264764,141,22.321411
-216.870329,134,22.401947
-220.506346,129,22.479436
-223.28595,130,22.557507
-213.89844,144,23.470617
-221.705244,126,23.554761
-221.355856,131,23.6426
-221.578342,127,23.72243
-217.611544,134,23.806722
-225.439729,123,23.883646
-218.038647,135,23.966532
-211.715215,141,24.0507
-211.979583,142,24.13613
-211.709579,145,24.223459
-215.034463,138,24.3063
-216.343671,136,24.387921
-217.584252,138,24.483241
-61.999254,146,24.573549
-217.508124,139,24.657231
-219.927905,129,25.54917
-215.303096,137,25.635048
-221.407608,130,25.716522
-220.250403,129,25.803003
-225.651064,126,25.894151
-229.513833,123,25.971494
-214.661982,139,26.057709
-215.48563,135,26.138716
-221.857198,133,26.2238
-214.185361,141,26.308411
-216.625303,136,26.394415
-221.54612,130,26.473184
-221.793441,127,26.550271
-215.784669,136,26.634981
-218.924377,137,26.718628
-61.816766,148,27.614358
-218.853782,137,27.701768
-225.978915,127,27.782522
-219.513594,134,27.867533
-218.545786,139,27.961959
-62.639552,149,28.057299
-211.815609,145,28.16675
-216.407133,141,28.274077
-221.229871,131,28.372328
-216.391486,142,28.45968
-229.121709,123,28.544356
-226.716407,127,28.644758
-223.124529,126,28.720999
-224.598021,129,28.807537
-61.984805,147,28.895856
-224.505669,128,28.972507
-219.266387,132,29.964658
-219.463301,129,30.067226
-221.486056,129,30.170835
-62.694391,146,30.281617
-223.615839,126,30.368325
-220.353712,129,30.466438
-213.497337,142,30.560197
-230.428438,121,30.636511
-223.48915,127,30.71563
-226.443114,124,30.802634
-219.930738,131,30.915063
-222.43064,127,31.01498
-220.225508,129,31.110253
-226.614718,124,31.200888
-214.77571,142,31.305832
-216.307859,136,32.27393
-219.857061,131,32.382789
-213.763607,135,32.460527
-212.566756,142,32.548841
-213.648969,136,32.652023
-209.78297,142,32.756181
-211.568025,136,32.850349
-61.421347,149,32.953592
-220.359859,127,33.046064
-220.432763,128,33.132865
-212.850949,138,33.232422
-63.005828,147,33.334929
-212.961016,139,33.437466
-60.47915,153,33.540111
-214.924989,136,33.633027
-217.190805,131,34.594978
-217.884663,135,34.69451
-212.393871,142,34.794511
-61.16806,150,34.912133
-214.586131,137,35.009443
-220.587214,129,35.102227
-210.070259,145,35.203294
-214.225065,136,35.295924
-211.033045,139,35.394886
-214.499154,138,35.491402
-212.477349,138,35.593559
-221.182057,128,35.706225
-224.395177,126,35.807116
-216.698597,135,35.900582
-213.000515,140,36.004077
-220.676439,131,36.990541
-213.319827,139,37.094145
-229.351749,120,37.180629
-217.564152,135,37.276952
-224.077917,124,37.351726
-217.826459,133,37.442361
-216.671249,137,37.528008
-214.157016,142,37.608384
-222.861293,127,37.68329
-216.867492,137,37.76359
-60.783266,154,37.890092
-221.392343,131,37.991531
-209.202536,144,38.098207
-225.013084,125,38.191829
-215.04797,140,38.294279
-216.595093,135,39.236867
-215.798901,133,39.33145
-220.014414,129,39.47512
-208.368363,143,39.628024
-212.225518,138,39.73974
-60.658856,148,39.864347
-212.657636,136,39.980948
-216.205278,131,40.090448
-208.50521,142,40.202044
-216.288084,131,40.299439
-212.451863,138,40.396104
-218.679491,131,40.492954
-213.147572,143,40.599099
-213.526281,136,40.696602
-212.658618,142,40.79951
-212.192255,139,41.702429
-211.34875,139,41.783213
-208.410149,138,41.862859
-222.113641,126,41.935542
-209.394145,142,42.01756
-207.24244,143,42.100117
-207.097575,144,42.183257
-214.711966,134,42.260951
-209.787361,140,42.342033
-211.817388,136,42.425212
-208.408559,138,42.508493
-216.342367,131,42.587464
-61.556303,146,42.675563
-211.704372,137,42.758445
-218.84915,134,42.848189
-215.852077,132,43.74327
-59.481097,152,43.842221
-215.836499,128,43.919823
-203.288502,145,44.012922
-58.577837,156,44.107304
-215.401198,129,44.186173
-58.754955,155,44.285843
-202.808376,145,44.374766
-204.811947,140,44.46076
-57.655199,156,44.557773
-206.300057,143,44.645538
-211.259454,133,44.727248
-219.906517,125,44.804125
-207.654028,144,44.893338
-206.190915,143,45.812017
-57.947053,153,45.909599
-60.247695,147,46.005351
-213.185023,137,46.090394
-60.738763,146,46.200799
-58.321663,150,46.312826
-60.025091,151,46.424552
-59.727936,150,46.534222
-58.408434,156,46.657982
-223.238938,128,46.759203
-208.171569,142,46.868018
-207.577972,140,46.955114
-209.895314,138,47.041387
-210.316918,138,47.127546
-213.603462,135,47.211977
-216.094463,132,48.185877
-222.583452,126,48.264536
-215.724605,137,48.36821
-61.517494,150,48.459088
-220.306982,126,48.534668
-217.295033,138,48.617745
-60.919262,150,48.70769
-59.670811,148,48.809113
-60.344907,148,48.906387
-214.073897,139,48.992199
-221.018774,129,49.074941
-61.172456,146,49.166434
-213.47307,136,49.25142
-61.720546,147,49.343376
-58.903809,158,50.417468
-207.382137,145,50.530966
-59.352896,154,50.651489
-60.168901,146,50.768862
-208.016961,143,50.886214
-214.345706,137,50.991499
-59.724147,152,51.106149
-61.272845,149,51.216566
-216.61357,134,51.330813
-210.228296,141,51.440012
-208.443636,144,51.56535
-60.453107,148,51.678813
-61.499122,147,51.794605
-208.895599,142,51.900894
-210.575381,137,52.846059
-219.197851,126,52.944018
-58.659529,154,53.049481
-60.261823,148,53.151302
-208.321591,138,53.255084
-211.743163,137,53.347971
-57.369769,157,53.461633
-210.923853,134,53.565467
-214.674918,132,53.645208
-212.077474,136,53.723361
-58.497733,152,53.819816
-205.04519,143,53.934965
-59.145757,153,54.043363
-61.350475,147,54.149408
-208.256997,138,54.254535
-206.341163,142,55.225107
-211.104332,140,55.319924
-216.231715,129,55.412349
-215.451518,132,55.498759
-59.110322,153,55.60271
-206.06765,145,55.704642
-57.364684,157,55.836188
-59.08037,154,55.9452
-208.358576,139,56.042723
-57.588123,160,56.152583
-207.811465,137,56.260511
-59.965707,151,56.370725
-211.566859,134,56.45449
-55.877627,164,56.550286
-216.916119,130,57.395066
-211.233607,139,57.494882
-216.116995,129,57.579527
-217.158482,130,57.67871
-218.833289,127,57.769183
-217.28163,129,57.856847
-58.951881,155,57.977174
-217.918565,131,58.066793
-208.827436,141,58.167563
-214.622968,136,58.26497
-58.756451,150,58.371125
-213.374518,134,58.472845
-209.177643,140,58.566859
-61.722227,146,58.655427
-212.053052,133,58.746454
-209.30071,138,59.625898
-61.222681,149,59.72038
-59.618453,152,59.827706
-58.667241,153,59.932162
-217.557025,127,60.01438
-214.518865,131,60.101937
-207.962624,140,60.214498
-213.366998,133,60.292263
-210.30536,141,60.374076
-215.871767,129,60.448265
-57.730642,156,60.540084
-208.352428,140,60.62147
-58.7385,156,60.712401
-216.22766,129,60.787902
-58.509241,149,61.695235
-215.030659,130,61.779577
-216.74443,132,61.880463
-211.246931,144,61.987458
-211.012434,136,62.088604
-212.265549,138,62.188588
-206.637112,143,62.293755
-204.604458,145,62.401144
-60.583148,147,62.514602
-63.08518,146,62.627416
-209.51963,137,62.736896
-207.633376,144,62.836566
-215.122763,134,62.932926
-209.684966,137,63.034171
-62.066876,148,63.128583
-207.300204,144,64.152746
-206.019011,144,64.264601
-221.799304,127,64.369421
-217.577518,127,64.45833
-59.2402,155,64.577247
-58.954113,155,64.674914
-205.744396,145,64.769798
-58.167368,156,64.866062
-210.250389,135,64.952714
-214.222537,132,65.053646
-213.253399,130,65.13887
-211.705926,138,65.234734
-204.837771,144,65.328853
-213.112307,134,65.424925
-208.218266,140,65.523335
-214.553629,131,66.552122
-212.253244,131,66.653278
-58.840166,149,66.768703
-207.055788,141,66.886816
-59.412946,153,67.010861
-60.193305,147,67.137899
-206.721383,138,67.230411
-59.083277,149,67.343788
-209.672131,133,67.440497
-211.727847,134,67.547918
-57.21377,154,67.659789
-206.533321,142,67.788442
-58.202419,157,67.915949
-216.771819,129,68.018468
-213.553285,131,69.060528
-206.828903,145,69.169814
-210.784069,135,69.272531
-211.472091,137,69.369087
-217.332047,128,69.465847
-213.303599,134,69.561068
-205.802401,144,69.655286
-216.238702,128,69.737618
-210.816077,137,69.821649
-213.164037,131,69.901898
-61.10729,146,69.994869
-205.4751,144,70.084417
-212.246439,134,70.169822
-211.588618,139,70.259428
-60.388746,146,70.350267
-214.975813,134,71.271587
-214.450367,130,71.381428
-207.329832,144,71.483286
-217.704301,133,71.580767
-213.545495,133,71.668358
-209.474505,139,71.760196
-213.717847,133,71.859377
-206.356701,145,71.962749
-208.758995,140,72.062501
-210.322827,138,72.154193
-60.175945,150,72.248323
-224.560513,123,72.343748
-61.494722,146,72.45038
-209.101197,143,72.539522
-211.993553,135,72.62635
-218.318581,130,73.573905
-220.475796,130,73.665047
-225.013077,125,73.754506
-215.865958,139,73.853022
-218.124045,129,73.947787
-61.026711,150,74.070779
-221.242628,126,74.166376
-62.149997,147,74.262651
-214.640556,137,74.347827
-217.05403,134,74.452322
-209.058133,143,74.563925
-61.69446,146,74.662091
-220.874274,127,74.746322
-222.322245,124,74.820792
-226.386863,122,74.905701
-212.145172,135,75.790981
-216.905285,130,75.878587
-217.082619,130,75.96625
-223.798862,125,76.051919
-209.239223,140,76.152933
-219.124039,130,76.252373
-222.988878,126,76.343211
-227.499955,123,76.437136
-210.938716,142,76.520979
-60.184215,152,76.637044
-215.466659,132,76.727327
-60.138968,149,76.834612
-217.415366,132,76.926468
-216.164314,132,77.016258
-212.941815,138,77.118722
-210.93458,144,78.078477
-60.128511,151,78.19232
-207.81615,142,78.300725
-214.506674,134,78.412597
-59.561102,149,78.533578
-211.319149,140,78.646677
-212.807588,136,78.751969
-211.250751,137,78.848009
-59.134787,149,78.943618
-217.248552,131,79.032441
-214.54347,136,79.126225
-209.940289,138,79.21522
-60.884476,148,79.314998
-62.116875,148,79.415158
-215.938273,134,79.507988
-58.028205,157,80.398036
-209.183735,135,80.475057
-210.691279,134,80.550987
-209.232481,139,80.641756
-207.576032,141,80.745516
-212.851827,131,80.844478
-211.374674,134,80.946728
-212.012665,135,81.050815
-211.229405,133,81.160832
-214.895271,132,81.263501
-215.182725,128,81.365945
-211.967323,135,81.4665
-206.951153,140,81.566816
-211.443501,133,81.665312
-213.990628,128,81.754549
-214.746287,129,82.711498
-218.274841,130,82.808839
-206.499261,143,82.916022
-205.144918,141,83.020643
-216.719269,130,83.119355
-58.717693,150,83.227707
-211.494365,137,83.338054
-60.584669,151,83.464627
-212.355961,135,83.561886
-59.982049,148,83.667726
-206.391167,143,83.778761
-207.627443,141,83.880171
-213.156863,132,83.977549
-211.546109,138,84.070665
-205.371941,145,84.206052
-212.935548,133,85.158961
-213.69919,131,85.260001
-219.520871,128,85.351746
-60.146456,149,85.458486
-217.483771,129,85.542461
-216.210429,129,85.625302
-217.968191,126,85.712103
-207.006914,141,85.819056
-57.348257,154,85.943879
-222.751692,124,86.043195
-222.644117,126,86.139468
-215.975536,127,86.233824
-60.710992,146,86.338989
-61.397039,146,86.441831
-60.778542,148,86.547055
-59.196714,151,87.544991
-210.993542,133,87.628591
-205.937512,143,87.725867
-205.438821,143,87.830227
-215.840762,129,87.915154
-59.682446,150,88.012686
-214.313229,128,88.094291
-210.793518,135,88.200364
-221.544684,124,88.284113
-217.818003,124,88.38483
-205.514489,143,88.486631
-219.656614,126,88.586817
-207.123071,136,88.682071
-211.445249,131,88.773191
-59.311781,151,88.876277
-201.382197,144,89.863365
-211.035467,136,89.96069
-215.640472,127,90.047493
-205.730958,143,90.17376
-206.901022,144,90.278801
-59.099977,146,90.383496
-203.799631,141,90.480469
-216.476807,128,90.576887
-58.365302,149,90.691371
-220.843375,124,90.780052
-215.049985,128,90.877275
-201.260719,145,90.983101
-223.619088,123,91.072361
-200.171928,145,91.169797
-202.13238,144,91.269362
-213.547675,129,92.241812
-212.914703,130,92.344919
-206.738829,139,92.459353
-204.681342,144,92.560049
-221.774717,121,92.64291
-58.274035,149,92.757397
-56.711657,159,92.868207
-216.069916,125,92.951595
-57.286155,157,93.063792
-210.533418,138,93.164347
-210.198516,137,93.264485
-205.222075,144,93.367889
-205.762778,142,93.466599
-211.757825,133,93.566449
-214.534638,133,94.533797
-219.414663,126,94.621807
-208.279894,134,94.713948
-216.571944,129,94.809674
-58.961394,149,94.91168
-211.032364,130,95.010374
-207.742809,135,95.118859
-58.19785,153,95.240268
-205.585061,143,95.335662
-228.151282,119,95.41111
-59.430785,147,95.499623
-215.567615,127,95.578918
-217.242661,130,95.659641
-223.599024,119,95.741565
-207.673749,138,95.82914
-210.272112,134,95.920666
-205.4605,143,96.808191
-208.674876,132,96.893406
-209.769936,133,96.988565
-219.986792,124,97.06466
-206.853521,136,97.148525
-208.965656,142,97.243762
-217.915302,125,97.318509
-221.64145,123,97.406478
-208.693208,136,97.49862
-59.277105,146,97.602222
-205.014792,139,97.711866
-60.794717,146,97.80698
-211.630121,131,97.909243
-210.360453,129,98.004096
-212.854652,130,98.097586
-211.343676,139,99.061005
-208.385818,140,99.160201
-212.90981,138,99.253958
-210.507355,135,99.343781
-59.847665,146,99.440507
-206.583844,138,99.525511
-209.836572,136,99.622998
-214.649166,135,99.713804
-202.03945,144,99.820283
-216.151357,131,99.922037
-214.996753,127,100.002068
-220.617099,127,100.08714
-217.817964,126,100.206311
-216.574054,127,100.289598
-210.655444,137,100.376042
-59.064181,149,101.332395
-216.346733,130,101.428733
-59.718922,148,101.529261
-210.185129,136,101.630678
-58.56262,146,101.732581
-206.741508,135,101.824284
-211.753854,131,101.922595
-213.878876,128,102.008176
-209.862655,137,102.108023
-222.369446,120,102.216289
-217.337549,126,102.309912
-216.998334,128,102.413933
-213.063855,133,102.514405
-210.151858,134,102.619045
-214.637711,125,102.712839
-211.444036,131,103.693323
-201.008652,145,103.797689
-207.533634,135,103.898983
-203.025839,144,104.006682
-203.410114,140,104.111062
-202.433978,139,104.226912
-211.25191,129,104.333961
-212.314135,129,104.427222
-209.022733,131,104.521783
-203.716242,134,104.627417
-202.899876,138,104.719227
-214.446349,127,104.809714
-211.734119,132,104.901555
-217.526255,124,104.999753
-207.217947,136,105.09717
-58.054116,148,106.074765
-212.162576,126,106.173062
-205.286353,139,106.271373
-55.199088,159,106.401021
-203.625299,141,106.529546
-57.237669,149,106.666065
-205.536128,137,106.788173
-58.371253,147,106.91366
-213.054578,128,107.032091
-210.763551,131,107.121685
-55.277177,161,107.242166
-205.019594,141,107.365448
-210.002425,132,107.487775
-58.033659,149,107.616121
-219.895129,124,107.728815
-57.751691,153,108.801415
-58.066293,151,108.91595
-210.682812,133,109.022635
-199.067694,144,109.135021
-203.058034,143,109.252531
-197.582031,145,109.379941
-209.125189,134,109.490322
-57.975077,149,109.616214
-207.741905,135,109.72268
-58.659565,150,109.838895
-53.053271,164,109.96972
-59.462096,147,110.077544
-207.496209,138,110.191626
-218.919036,122,110.279328
-55.187151,156,111.328393
-53.824992,159,111.460147
-204.058707,142,111.568777
-221.181022,122,111.651018
-54.622209,161,111.75995
-58.031651,150,111.850668
-213.533656,129,111.929001
-59.090601,149,112.021369
-215.619139,124,112.096077
-207.13513,134,112.208868
-56.887284,158,112.317094
-204.813766,135,112.405128
-56.588577,152,112.53695
-58.26833,153,112.661433
-214.792178,127,112.764141
-58.73182,148,113.828342
-207.136873,136,113.952128
-207.149434,138,114.061076
-201.131586,144,114.176153
-204.891416,141,114.261771
-204.12001,142,114.371825
-56.970327,151,114.488471
-55.885629,153,114.619015
-59.055646,153,114.730017
-208.087122,134,114.830128
-54.339639,163,114.952201
-207.23378,140,115.05333
-202.958575,142,115.163991
-205.886777,136,115.273283
-215.791452,126,116.259969
-206.571204,139,116.345349
-203.104044,141,116.434433
-203.764401,143,116.521168
-216.429694,124,116.59716
-57.232213,153,116.690639
-213.250395,129,116.769864
-58.071313,146,116.859147
-213.805232,127,116.94188
-56.027095,152,117.034497
-57.52869,152,117.126157
-207.982175,133,117.207024
-57.176669,154,117.304495
-203.762618,137,117.395243
-55.860506,159,130.512127
-54.889779,163,130.713157
-59.101526,146,130.83392
-201.864473,141,130.941614
-212.253999,131,131.029408
-202.1419,143,131.136448
-211.724129,128,131.231123
-212.85617,127,131.311961
-207.391643,132,131.411642
-201.716944,139,131.510598
-55.394038,157,131.623564
-201.630363,140,131.716372
-204.526592,140,131.81673
-57.461147,155,131.934105
-212.966611,128,132.022024
-203.425603,138,132.984144
-57.391635,152,133.098437
-198.907391,143,133.200861
-213.877559,127,133.294007
-211.69923,130,133.37923
-56.303233,159,133.499659
-55.348354,160,133.603577
-55.745477,156,133.714781
-206.914461,136,133.805697
-58.167781,147,133.909178
-210.547868,131,134.000331
-58.023913,149,134.095331
-58.129041,146,134.201939
-203.228375,138,134.295848
-202.905399,142,135.340698
-204.204385,138,135.442642
-211.222914,129,135.538502
-57.025107,149,135.655053
-58.357291,147,135.761034
-205.483392,138,135.861896
-55.766469,158,135.977975
-57.596025,151,136.094668
-206.675571,130,136.199616
-209.750296,134,136.299447
-198.144684,145,136.423179
-199.453812,143,136.54031
-59.252094,147,136.661134
-203.879654,140,136.771355
-55.19326,165,136.897167
-198.737913,141,137.92839
-200.941791,142,138.07527
-205.070071,139,138.182838
-56.763832,155,138.285954
-212.252335,130,138.377955
-55.708403,159,138.479762
-55.848348,156,138.591895
-55.929053,159,138.708782
-50.556898,181,138.81645
-54.41152,156,138.90958
-197.794486,142,139.011293
-203.444932,138,139.10388
-55.71974,156,139.205622
-56.711038,151,140.124357
-209.934563,133,140.211637
-203.89037,138,140.297639
-204.795214,134,140.375943
-203.991865,136,140.463637
-57.173178,154,140.55649
-55.946825,159,140.649391
-56.28959,151,140.745857
-207.443414,133,140.833608
-54.796752,157,140.948693
-203.904533,142,141.036852
-55.264191,153,141.125107
-202.762494,138,141.20485
-58.383043,146,141.289045
-209.384548,130,142.086251
-201.743582,144,142.173617
-214.731052,125,142.249241
-206.789376,138,142.332676
-58.030931,151,142.424009
-219.645309,122,142.498017
-215.356609,130,142.576791
-55.353593,156,142.672298
-209.968105,132,142.752201
-201.781292,145,142.839905
-57.190392,153,142.935356
-214.273986,127,143.016223
-217.513865,124,143.081944
-207.330257,142,143.157099
-56.904707,159,143.241238
-59.047461,149,144.119821
-209.543862,133,144.209208
-202.53017,142,144.296727
-56.283337,153,144.39971
-57.860644,154,144.510206
-200.591355,138,144.611308
-215.127259,128,144.687296
-57.840981,153,144.778237
-210.375398,136,144.85847
-213.89648,127,144.933783
-206.907827,136,145.013671
-199.81264,144,145.098808
-201.827183,145,145.184263
-206.65873,135,145.263663
-50.722273,200,146.20577
-200.586985,144,146.293873
-206.615245,132,146.369878
-58.457936,148,146.454855
-210.917146,128,146.528033
-219.4318,122,146.597801
-196.391689,145,146.680632
-57.639626,155,146.769014
-201.839563,141,146.849629
-53.059719,170,146.956945
-202.054553,142,147.053046
-215.983012,124,147.137973
-198.95715,145,147.228761
-209.575321,130,147.319446
-209.308959,132,147.409535
-213.862222,128,148.314243
-208.158469,134,148.40057
-53.979523,163,148.519089
-210.050144,130,148.617907
-57.12039,151,148.716832
-205.008721,133,148.814503
-204.946348,136,148.938483
-204.912958,136,149.052001
-200.776533,136,149.154315
-54.356861,165,149.284156
-206.480386,136,149.399226
-201.193683,142,149.50834
-213.041164,127,149.588645
-53.923572,162,149.705629
-203.463486,138,150.658038
-58.705215,150,150.767941
-55.957387,153,150.877335
-218.378954,124,150.967287
-57.629153,147,151.054891
-55.772644,160,151.148013
-56.472569,155,151.240685
-59.787843,146,151.3278
-224.472191,120,151.407692
-208.313068,132,151.505538
-57.569971,151,151.602954
-56.73775,152,151.701741
-212.138152,129,151.781683
-57.607391,157,151.879509
-225.20751,121,151.955261
-205.681433,134,152.853263
-59.539144,146,152.961919
-55.074921,163,153.066894
-54.102405,162,153.174307
-199.776173,143,153.267229
-205.999897,130,153.357971
-55.080724,163,153.469649
-206.853819,131,153.546913
-204.949777,136,153.643595
-210.500124,129,153.738282
-55.056634,173,153.864856
-49.879062,198,154.011786
-54.341342,177,154.133925
-203.356318,139,155.135961
-207.840446,135,155.227865
-55.344168,169,155.345605
-56.434142,157,155.470347
-202.22617,135,155.561701
-205.632297,137,155.672139
-201.492854,142,155.780324
-55.054443,170,155.893626
-54.077402,164,156.005069
-203.237975,132,156.086244
-56.467496,163,156.182813
-202.27924,138,156.273885
-194.462014,143,156.359243
-262.95696,1001,157.875796
-58.041843,147,157.985038
-50.988694,188,158.109128
-203.735207,138,158.212758
-262.420751,1001,159.794164
-50.672261,199,159.953363
-52.495412,191,160.12139
-197.170352,142,160.234533
-200.775508,137,160.340628
-143.189026,1001,161.158894
-267.238003,1001,162.592694
-52.345624,173,162.695155
-54.653039,178,162.797713
-145.352875,1001,164.349067
-263.850866,1001,165.114774
-145.011884,1001,166.794822
-148.92142,1001,167.477546
-54.266857,175,167.600365
-50.598426,182,167.737607
-54.234296,156,167.840325
-141.139685,1001,169.352102
-54.343249,179,169.455158
-156.832803,1001,170.163924
-147.851062,1001,171.637015
-147.161438,1001,172.248937
-53.947379,187,172.365047
-147.675659,1001,173.871312
-160.210999,1001,174.542084
-146.872198,1001,176.220739
-157.879034,1001,176.930072
-162.807877,1001,178.519872
-161.637064,1001,179.176533
-154.340128,1001,180.717335
-162.762515,1001,181.434163
-156.057037,1001,182.963267
-159.198773,1001,183.687935
-161.469614,1001,185.297565
-153.340442,1001,186.027163
-157.710709,1001,187.580809
-151.435022,1001,188.304954
-156.783231,1001,189.921072
-149.715164,1001,190.596023
-166.091098,1001,192.181824
-164.916675,1001,192.956998
-158.121878,1001,194.593149
-166.671872,1001,195.39789
-154.79129,1001,197.055983
-161.550562,1001,197.820856
-166.815784,1001,199.48256
-167.538617,1001,200.295833
-163.160825,1001,202.059938
-166.75072,1001,202.825855
-165.539453,1001,204.539609
-166.93692,1001,205.289547
-159.900479,1001,206.952085
-150.984546,1001,207.727717
-162.224911,1001,209.353266
-162.778397,1001,210.096859
-169.125409,1001,211.806657
-153.923724,1001,212.575959
-159.544983,1001,214.241463
-161.598535,1001,214.981613
-162.237909,1001,215.720692
-148.083698,1001,217.307668
-153.572568,1001,218.039973
-146.872913,1001,219.631978
15.2,848,220.256977
-154.817136,1001,221.880468
-166.395694,1001,222.613661
-149.146841,1001,224.185343
-162.423856,1001,224.903122
-158.909262,1001,226.433415
-162.332318,1001,227.129683
-144.940466,1001,228.766175
17.1,829,229.489501
-150.876889,1001,231.254268
-95.539635,933,232.094468
-114.729745,872,233.662145
-150.653693,1001,234.363343
-112.43182,885,234.907749
15.5,845,236.331982
-159.133292,1001,237.062999
33.8,662,238.310316
-132.571448,1001,239.036102
18.3,817,240.3931
-133.417145,1001,240.976415
14.6,854,242.308025
15.9,841,242.868385
15.5,845,243.416933
31.1,689,244.729434
-78.533391,523,245.083194
14.7,853,245.600904
39.3,607,283.709454
18.7,813,284.239576
23.3,767,284.674939
21.9,781,286.013049
-142.163312,1001,286.598578
31.5,685,286.983431
24.4,756,288.225463
23.6,764,288.722851
23.4,766,290.075247
30.8,692,290.514702
44.1,559,290.845688
39.3,607,291.228635
-69.444761,410,292.292039
37.6,624,292.686553
-52.883074,194,292.823584
-54.798783,272,292.994133
29.6,704,294.227581
26.7,733,294.69002
21.4,786,295.184023
43.6,564,296.338655
32.8,672,296.738436
25.0,750,297.225438
51.8,482,298.329501
35.7,643,298.706541
26.2,738,299.175281
33.8,662,300.363754
53.3,467,300.663027
30.9,691,301.09211
39.5,605,301.505572
49.4,506,302.648735
28.6,714,303.082174
32.6,674,303.53543
-50.233472,293,303.718982
65.7,343,304.763515
38.5,615,305.122538
33.3,667,305.553329
47.0,530,306.657627
40.0,600,307.039865
34.8,652,307.4797
40.2,598,307.8481
47.9,521,308.982641
59.4,406,309.226496
50.8,492,309.527717
43.0,570,309.909397
47.2,528,311.13041
43.0,570,311.540527
50.1,499,311.908577
54.9,451,312.245117
46.1,539,313.489099
51.7,483,313.804459
50.3,497,314.172975
52.1,479,314.49457
62.2,378,315.602652
64.5,355,315.856017
53.5,465,316.213091
53.5,465,316.551725
56.5,435,316.85794
56.3,437,317.945735
67.4,326,318.178384
54.2,458,318.486436
68.0,320,318.701309
55.0,450,319.017211
63.7,363,320.144895
49.7,503,320.509571
64.9,351,320.754498
66.1,339,320.987504
65.0,350,321.217749
62.6,374,321.44254
73.2,268,322.439972
73.0,270,322.625352
67.6,324,322.817305
67.2,328,323.022171
67.7,323,323.20892
73.0,270,323.388088
70.1,299,323.57488
77.3,227,324.669993
75.2,248,324.853675
71.6,284,325.057235
75.1,249,325.231068
70.5,295,325.430469
74.6,254,325.628284
74.4,256,325.820367
-47.193148,194,325.96625
70.6,294,327.054326
75.7,243,327.210221
76.5,235,327.346791
63.8,362,327.574606
71.6,284,327.752013
64.9,351,328.019672
71.6,284,328.295171
75.8,242,329.430566
72.9,271,329.641958
65.7,343,329.884251
70.1,299,330.069597
73.0,270,330.249941
72.1,279,330.42621
69.1,309,330.639403
72.8,272,331.63174
74.3,257,331.780805
67.1,329,331.971405
67.2,328,332.16902
71.7,283,332.331429
72.5,275,332.491414
68.1,319,332.677422
67.0,330,333.750769
75.9,241,333.919618
66.8,332,334.149785
74.6,254,334.316778
70.1,299,334.528776
72.8,272,334.724133
67.3,327,334.949503
72.0,280,336.034178
69.9,301,336.238868
74.4,256,336.418882
73.2,268,336.601377
75.4,246,336.767595
74.8,252,336.955016
73.7,263,337.137097
77.5,225,337.309081
73.0,270,338.314255
78.3,217,338.446061
-43.760238,207,338.575534
76.6,234,338.722772
78.1,219,338.860521
73.1,269,339.031716
76.9,231,339.176216
77.4,226,339.316867
76.7,233,340.30953
78.5,215,340.455167
73.9,261,340.630727
79.3,207,340.772159
78.7,213,340.965886
-45.792839,196,341.103833
76.4,236,341.280718
77.1,229,341.455491
78.2,218,341.591277
77.1,229,341.745927
76.0,240,342.690719
74.7,253,342.840807
77.6,224,342.972732
76.3,237,343.122661
77.8,222,343.271384
77.4,226,343.410764
77.1,229,343.551771
77.0,230,343.692028
76.2,238,344.6248
78.4,216,344.759322
76.4,236,344.90204
-43.629757,189,345.029741
77.3,227,345.162226
79.1,209,345.287568
79.6,204,345.412462
76.5,235,345.558244
79.5,205,345.685223
79.1,209,345.830552
75.4,246,346.947847
76.6,234,347.112218
79.0,210,347.257053
76.9,231,347.435857
76.0,240,347.612974
78.6,214,347.753814
77.6,224,347.903827
75.1,249,348.071852
75.8,242,348.232206
78.7,213,349.255504
74.2,258,349.427744
77.7,223,349.583841
75.7,243,349.755305
76.4,236,349.930097
75.4,246,350.10525
74.3,257,350.295731
79.1,209,350.448359
76.8,232,351.511487
78.7,213,351.67494
78.5,215,351.818239
77.4,226,351.96508
78.9,211,352.106758
77.3,227,352.245868
77.7,223,352.382019
78.4,216,352.527199
78.7,213,352.658355
78.0,220,352.786797
79.3,207,353.779991
78.8,212,353.925837
80.2,198,354.058026
78.9,211,354.20511
79.1,209,354.352973
78.6,214,354.503107
79.3,207,354.653117
80.1,199,354.782005
78.5,215,354.924032
78.8,212,355.066211
-42.04184,189,356.026696
78.2,218,356.151813
79.6,204,356.279348
79.7,203,356.412433
79.1,209,356.543033
79.5,205,356.679777
78.2,218,356.819392
80.0,200,356.948437
80.7,193,357.067008
80.4,196,357.180485
79.1,209,358.137914
79.9,201,358.27858
80.3,197,358.427023
81.1,189,358.551501
80.1,199,358.681383
79.9,201,358.814037
80.8,192,358.94893
78.0,220,359.085426
79.4,206,359.229358
79.8,202,359.364655
80.7,193,360.304315
80.5,195,360.422835
80.4,196,360.553263
79.9,201,360.682689
80.7,193,360.811841
79.1,209,360.965141
78.4,216,361.107543
79.4,206,361.267636
79.9,201,361.405943
79.5,205,361.562098
79.3,207,362.571484
80.2,198,362.696726
81.1,189,362.815787
80.1,199,362.944407
80.6,194,363.072571
79.7,203,363.226033
-45.040671,184,363.350514
80.9,191,363.479366
80.9,191,363.602612
-42.496109,186,363.763823
80.5,195,363.911985
80.2,198,364.932003
79.7,203,365.078271
80.2,198,365.223642
81.3,187,365.35833
79.0,210,365.519895
80.8,192,365.665385
80.9,191,365.80803
80.5,195,365.975616
-43.727873,185,366.100432
80.7,193,366.223472
80.0,200,367.159789
80.6,194,367.305268
79.1,209,367.468773
80.4,196,367.611838
80.0,200,367.745057
80.2,198,367.870036
79.2,208,368.018072
79.6,204,368.139566
80.2,198,368.256902
79.3,207,368.378208
80.1,199,369.351681
80.4,196,369.470293
79.7,203,369.601527
80.2,198,369.718517
79.5,205,369.841733
80.4,196,369.958038
80.2,198,370.090417
80.4,196,370.222331
80.8,192,370.36197
79.9,201,370.483022
79.8,202,370.602084
79.8,202,371.525711
80.6,194,371.637298
80.6,194,371.752646
80.6,194,371.864393
80.9,191,371.973517
80.0,200,372.087193
80.6,194,372.197433
79.3,207,372.31531
81.0,190,372.423611
80.9,191,372.532894
80.1,199,373.448273
-40.505144,180,373.554826
80.4,196,373.667354
80.8,192,373.777439
80.0,200,373.891962
80.9,191,374.001222
79.0,210,374.121196
80.0,200,374.235243
80.5,195,374.346405
81.1,189,374.470136
81.2,188,374.581964
79.7,203,375.519587
80.7,193,375.629858
79.8,202,375.745463
-40.176423,184,375.850821
81.0,190,375.959455
80.4,196,376.071483
80.1,199,376.185375
80.3,197,376.298743
80.4,196,376.410812
79.7,203,376.526523
80.4,196,377.451995
80.7,193,377.575621
79.5,205,377.697344
79.1,209,377.818321
80.1,199,377.933744
79.3,207,378.051781
80.6,194,378.16231
80.2,198,378.275991
79.5,205,378.402318
79.7,203,378.518551
80.3,197,379.426882
80.6,194,379.538305
80.2,198,379.651643
80.2,198,379.764923
80.7,193,379.891931
80.7,193,380.019687
79.5,205,380.161323
80.3,197,380.340302
80.2,198,380.489688
79.7,203,380.63657
80.7,193,380.769698
81.0,190,381.840074
81.1,189,381.975077
80.5,195,382.095676
79.8,202,382.23838
79.7,203,382.389416
79.5,205,382.536621
80.7,193,382.671165
80.8,192,382.807243
80.0,200,382.984719
80.1,199,383.121158
81.1,189,384.11761
81.4,186,384.251689
80.3,197,384.395175
80.1,199,384.535413
80.9,191,384.662868
80.4,196,384.799544
81.0,190,384.941842
-37.710778,182,385.079082
81.0,190,385.210984
81.2,188,385.339263
81.4,186,385.461603
81.1,189,386.443537
81.6,184,386.561414
81.5,185,386.737524
81.5,185,386.913163
81.2,188,387.072592
81.8,182,387.221195
81.6,184,387.368045
81.4,186,387.492296
80.5,195,387.622019
-41.498229,182,387.758699
79.8,202,387.900409
81.5,185,388.924568
81.6,184,389.061286
80.3,197,389.195232
80.7,193,389.328989
80.2,198,389.465672
80.7,193,389.604093
80.3,197,389.75252
79.9,201,389.90408
-40.555491,179,390.031748
80.5,195,390.166974
80.4,196,391.208134
80.7,193,391.341175
79.7,203,391.478308
80.1,199,391.632258
79.8,202,391.779045
80.3,197,391.901194
81.4,186,392.02939
80.1,199,392.144426
80.3,197,392.25837
80.2,198,392.391773
80.5,195,392.525312
81.7,183,405.347781
81.0,190,405.530077
81.3,187,405.638291
81.0,190,405.757269
80.9,191,405.87594
81.4,186,405.986365
81.4,186,406.106021
80.4,196,406.219465
79.7,203,406.357895
-39.778176,182,406.476423
81.3,187,406.604487
81.2,188,407.563229
80.8,192,407.693381
80.0,200,407.827664
80.9,191,407.948606
80.9,191,408.091844
81.3,187,408.209616
81.1,189,408.324511
79.7,203,408.477819
80.4,196,408.619154
80.5,195,408.764623
-37.995322,183,408.902377
79.8,202,409.837969
80.6,194,409.950872
81.2,188,410.064517
80.5,195,410.183698
80.7,193,410.301125
79.4,206,410.427137
80.8,192,410.543511
81.0,190,410.658522
80.9,191,410.775813
80.8,192,410.901039
81.0,190,411.865692
80.8,192,411.983383
80.4,196,412.096189
81.0,190,412.212023
80.6,194,412.331432
81.6,184,412.441032
81.4,186,412.568724
80.7,193,412.75977
80.9,191,412.92858
81.1,189,413.068294
81.4,186,413.189899
81.3,187,414.232054
81.1,189,414.392618
81.1,189,414.526298
81.1,189,414.65673
81.6,184,414.789491
81.1,189,414.939087
81.3,187,415.086104
81.0,190,415.227935
81.0,190,415.363528
81.2,188,415.507025
81.5,185,415.64787
80.4,196,416.583999
81.1,189,416.698843
81.6,184,416.815431
80.6,194,416.936429
81.4,186,417.063827
80.8,192,417.19236
81.0,190,417.310345
81.1,189,417.4356
80.7,193,417.566064
80.9,191,417.691945
81.1,189,417.824374
81.4,186,418.745981
81.1,189,418.87805
81.2,188,418.993756
80.9,191,419.125598
-42.191514,177,419.251161
81.0,190,419.376103
80.9,191,419.495908
81.1,189,419.608738
81.3,187,419.728727
81.5,185,419.835479
81.1,189,419.94426
80.5,195,420.863355
80.8,192,420.97861
80.8,192,421.107757
80.9,191,421.242228
81.3,187,421.369938
80.5,195,421.486038
81.5,185,421.593578
80.9,191,421.703965
80.9,191,421.824367
80.9,191,421.941802
81.1,189,422.049742
80.5,195,422.979718
80.9,191,423.103258
80.6,194,423.217402
81.4,186,423.335304
81.2,188,423.444527
81.2,188,423.570231
80.9,191,423.685629
80.8,192,423.802217
80.6,194,423.919625
81.0,190,424.028641
80.8,192,424.967578
80.7,193,425.086493
81.1,189,425.201976
80.9,191,425.318562
81.1,189,425.44671
80.9,191,425.57592
81.1,189,425.697905
81.3,187,425.82612
80.8,192,425.959213
81.4,186,426.072441
80.6,194,426.208174
81.0,190,427.152781
81.4,186,427.280946
80.2,198,427.409742
80.7,193,427.532462
80.5,195,427.666651
81.0,190,427.79105
81.0,190,427.904701
81.3,187,428.014568
81.3,187,428.125504
81.3,187,428.234052
80.8,192,428.355238
81.2,188,429.31837
81.3,187,429.443508
81.7,183,429.54843
81.3,187,429.655166
81.8,182,429.765146
81.1,189,429.899275
81.5,185,430.031377
81.2,188,430.156991
81.3,187,430.295251
81.4,186,430.44996
81.2,188,430.59607
81.3,187,431.598561
81.5,185,431.711505
81.9,181,431.81943
81.6,184,431.937346
81.3,187,432.055937
81.7,183,432.168036
81.3,187,432.275578
81.7,183,432.383285
81.6,184,432.487534
81.8,182,432.591135
81.4,186,432.697292
81.6,184,433.598234
81.6,184,433.723858
81.9,181,433.849617
81.7,183,433.968035
81.8,182,434.084282
81.5,185,434.195014
81.4,186,434.311858
81.4,186,434.433155
81.1,189,434.55138
81.6,184,434.661494
81.6,184,434.769084
81.7,183,435.705995
81.8,182,435.818273
81.9,181,435.950037
81.5,185,436.078609
81.7,183,436.240518
82.1,179,436.385735
81.9,181,436.525864
81.5,185,436.648376
81.4,186,436.762482
82.1,179,436.883334
81.7,183,437.006096
81.7,183,438.167861
81.7,183,438.324872
81.4,186,438.46473
81.8,182,438.649883
82.0,180,438.79446
81.9,181,438.925286
81.7,183,439.067146
81.5,185,439.185917
81.6,184,439.303684
81.6,184,439.42139
81.8,182,439.537496
82.1,179,440.600346
81.9,181,440.730396
82.0,180,440.871384
81.8,182,441.013735
82.3,177,441.148921
82.0,180,441.271887
82.0,180,441.388579
81.9,181,441.503856
82.2,178,441.616907
81.9,181,441.732268
81.8,182,441.847696
81.8,182,441.959945
82.0,180,443.019702
81.6,184,443.140913
82.1,179,443.253489
82.0,180,443.390064
81.7,183,443.530541
82.2,178,443.646171
81.7,183,443.756971
82.0,180,443.8662
82.1,179,443.978024
82.4,176,444.110368
82.2,178,444.241576
82.0,180,445.307831
82.2,178,445.417446
82.0,180,445.528404
82.3,177,445.637372
82.3,177,445.750712
81.9,181,445.878135
82.3,177,445.993165
82.4,176,446.095598
82.1,179,446.197707
82.3,177,446.298816
81.9,181,446.402154
82.0,180,446.505027
82.4,176,447.604067
82.5,175,447.733539
82.1,179,447.866303
82.5,175,447.981493
82.2,178,448.08657
82.4,176,448.190609
82.4,176,448.294654
82.4,176,448.397016
82.6,174,448.497896
82.2,178,448.60156
82.5,175,448.703204
82.7,173,449.758866
82.5,175,449.893894
82.6,174,450.018022
82.2,178,450.146454
82.4,176,450.278496
82.6,174,450.404429
82.5,175,450.519317
82.5,175,450.628279
82.4,176,450.730527
82.3,177,450.832705
82.4,176,450.935632
82.2,178,451.064931
82.5,175,452.100388
82.8,172,452.222062
82.9,171,452.337861
82.8,172,452.458199
82.5,175,452.582757
82.6,174,452.710425
82.5,175,452.850118
-47.96656,171,452.983303
82.7,173,453.106561
82.6,174,453.230485
82.5,175,453.360109
-47.534285,170,453.485079
82.4,176,454.496228
82.5,175,454.608817
82.5,175,454.72295
82.6,174,454.833149
82.5,175,454.944376
82.6,174,455.089185
82.5,175,455.219129
82.6,174,455.363266
82.5,175,455.49577
82.8,172,455.617085
82.5,175,455.754405
82.4,176,455.877241
82.4,176,456.877471
82.4,176,457.013421
82.3,177,457.14641
82.3,177,457.276116
82.3,177,457.390565
82.4,176,457.5017
82.6,174,457.614356
82.3,177,457.728361
82.0,180,457.85502
82.4,176,457.999359
82.5,175,458.132161
82.1,179,459.162104
82.4,176,459.267138
82.6,174,459.370549
82.7,173,459.470774
82.3,177,459.572387
82.6,174,459.672559
82.5,175,459.773252
82.2,178,459.880003
82.5,175,459.980581
82.0,180,460.084043
82.5,175,460.18695
82.6,174,460.296188
82.5,175,461.163188
82.8,172,461.262425
82.6,174,461.362677
82.6,174,461.463005
82.6,174,461.572282
82.8,172,461.671329
82.3,177,461.773364
82.6,174,461.876163
82.5,175,461.976821
82.7,173,462.078278
82.5,175,462.178366
82.6,174,462.277488
82.7,173,463.202447
82.8,172,463.309084
82.6,174,463.416681
82.8,172,463.523266
82.6,174,463.626784
82.5,175,463.733234
82.5,175,463.841443
82.7,173,463.964706
82.5,175,464.080724
82.5,175,464.215105
82.7,173,464.332563
82.6,174,465.370949
82.8,172,465.496886
82.6,174,465.623916
82.9,171,465.748367
82.7,173,465.875369
82.7,173,466.001483
82.6,174,466.115662
82.8,172,466.218198
82.8,172,466.32277
82.5,175,466.439621
82.8,172,466.569889
82.5,175,466.702093
82.7,173,467.764934
82.7,173,467.877027
82.8,172,467.986392
82.7,173,468.109549
82.9,171,468.230634
82.9,171,468.351996
82.8,172,468.467263
82.9,171,468.583867
82.9,171,468.696273
83.0,170,468.815233
-47.321854,169,468.928775
82.6,174,469.055192
82.8,172,470.070529
82.7,173,470.19156
-46.622335,170,470.3109
82.6,174,470.433937
82.9,171,470.534371
82.7,173,470.63725
83.0,170,470.738621
82.9,171,470.869663
82.9,171,471.042672
82.6,174,471.151806
82.5,175,471.261058
82.8,172,471.369109
82.6,174,472.283286
82.6,174,472.37961
82.6,174,472.476042
82.7,173,472.571486
82.6,174,472.68696
82.4,176,472.791917
82.6,174,472.907174
82.9,171,473.028944
-47.638958,169,473.135047
82.4,176,473.24504
82.6,174,473.353357
82.7,173,473.461356
82.4,176,474.494254
82.7,173,474.615157
82.5,175,474.7161
82.4,176,474.821513
82.6,174,474.922396
82.4,176,475.025047
82.8,172,475.124245
82.4,176,475.225367
82.4,176,475.335958
82.6,174,475.450963
82.4,176,475.560348
82.5,175,475.700377
82.5,175,476.727495
82.7,173,476.839831
82.5,175,476.968575
82.6,174,477.079242
82.6,174,477.189908
82.8,172,477.312675
82.8,172,477.441202
82.3,177,477.574002
82.7,173,477.702091
82.8,172,477.827572
83.0,170,477.933469
82.6,174,478.909428
82.7,173,479.036725
82.4,176,479.159812
82.3,177,479.275542
82.5,175,479.39216
82.6,174,479.496806
82.4,176,479.599421
82.5,175,479.725216
82.7,173,479.824235
82.5,175,479.924244
82.4,176,480.025007
82.7,173,480.124169
82.7,173,481.044013
82.8,172,481.142639
82.7,173,481.241805
82.8,172,481.340105
82.8,172,481.439386
82.7,173,481.548801
82.7,173,481.653008
82.7,173,481.752014
82.6,174,481.851317
82.5,175,481.94525
82.7,173,482.036302
82.8,172,482.130284
82.9,171,483.08674
82.7,173,483.185755
82.7,173,483.284522
82.5,175,483.384658
82.9,171,483.482757
82.5,175,483.583618
82.8,172,483.682513
82.8,172,483.784611
82.9,171,483.88199
82.8,172,483.979553
82.9,171,484.07676
82.8,172,484.174496
83.0,170,485.071772
83.0,170,485.161574
83.0,170,485.251376
82.9,171,485.341637
82.9,171,485.431908
82.7,173,485.523243
83.1,169,485.613716
83.0,170,485.704334
82.9,171,485.802646
82.9,171,485.900756
82.9,171,485.998305
82.9,171,486.096028
83.0,170,487.054217
83.2,168,487.151096
82.9,171,487.249145
83.0,170,487.346395
83.0,170,487.443562
83.0,170,487.541154
-47.683204,168,487.642285
82.9,171,487.75596
83.0,170,487.855536
83.1,169,487.976077
82.9,171,488.09884
83.0,170,488.219559
83.1,169,489.149648
82.8,172,489.258824
82.7,173,489.37744
83.0,170,489.500955
82.8,172,489.606161
83.1,169,489.718544
83.0,170,489.823484
82.8,172,489.941631
82.9,171,490.051838
83.0,170,490.160791
82.9,171,490.260643
83.0,170,490.356293
83.1,169,491.292768
83.1,169,491.393736
82.9,171,491.496461
83.0,170,491.598298
83.1,169,491.712424
82.8,172,491.820666
82.8,172,491.925919
82.8,172,492.044561
83.1,169,492.146185
82.8,172,492.252949
83.0,170,492.359756
82.9,171,492.463584
82.8,172,493.398552
82.9,171,493.519797
82.8,172,493.619435
83.0,170,493.718426
82.9,171,493.82352
82.9,171,493.930776
83.1,169,494.032443
82.9,171,494.136277
82.9,171,494.24599
-47.544936,168,494.363043
82.9,171,494.486358
-47.856314,168,494.583727
83.1,169,495.48549
82.7,173,495.594739
83.0,170,495.692214
82.8,172,495.792916
83.1,169,495.901366
83.0,170,496.001049
82.7,173,496.110705
82.7,173,496.233217
82.8,172,496.347668
82.8,172,496.455363
82.8,172,496.554919
82.9,171,496.663247
82.5,175,497.622214
82.7,173,497.739378
82.8,172,497.854558
82.9,171,497.973586
82.6,174,498.093629
83.0,170,498.19168
82.7,173,498.302933
83.0,170,498.401513
82.9,171,498.508094
82.9,171,498.607623
82.9,171,498.72304
82.7,173,498.837796
82.7,173,499.762514
82.8,172,499.878697
82.9,171,500.0031
82.6,174,500.124335
82.6,174,500.24477
82.7,173,500.358826
82.9,171,500.475915
82.8,172,500.593029
82.5,175,500.693395
82.8,172,500.801499
82.9,171,500.91607
82.9,171,501.032012
82.6,174,501.979091
82.6,174,502.086715
82.7,173,502.186831
82.8,172,502.293797
82.9,171,502.401615
82.9,171,502.503644
82.9,171,502.605405
83.0,170,502.706424
82.8,172,502.813257
82.8,172,502.930525
82.9,171,503.04434
82.8,172,503.159715
82.9,171,504.101488
82.9,171,504.202128
82.8,172,504.303512
83.0,170,504.40381
82.8,172,504.503256
82.8,172,504.602816
83.1,169,504.702167
82.9,171,504.807984
83.0,170,504.933308
83.0,170,505.059354
83.0,170,505.172695
82.8,172,505.286871
82.7,173,506.185684
83.2,168,506.286283
82.6,174,506.412967
82.9,171,506.517418
82.8,172,506.627708
82.9,171,506.741462
82.6,174,506.847906
82.8,172,506.964024
82.8,172,507.080802
82.6,174,507.193943
83.0,170,507.303441
82.8,172,508.232445
83.1,169,508.338771
83.0,170,508.442659
82.9,171,508.553698
83.1,169,508.65482
83.0,170,508.767371
83.0,170,508.88376
83.2,168,509.008894
83.0,170,509.107077
83.0,170,509.223189
83.0,170,509.33828
82.9,171,509.455564
83.0,170,510.37221
-45.577018,167,510.481683
-45.378796,168,510.586635
83.1,169,510.712159
-45.636642,166,510.822779
82.8,172,510.983293
82.9,171,511.1273
83.0,170,511.257839
83.0,170,511.369907
-45.028394,168,511.490686
-47.368412,166,511.60635
82.9,171,511.727019
82.9,171,511.855565
82.9,171,512.900214
83.0,170,513.034679
83.2,168,513.148879
83.0,170,513.261352
-47.179979,167,513.37184
83.1,169,513.489487
-46.418248,168,513.618191
82.9,171,513.736161
82.9,171,513.867361
83.1,169,513.980358
83.2,168,514.097262
83.2,168,514.211206
-46.8702,167,526.331508
82.9,171,526.508095
82.9,171,526.623955
83.1,169,526.750909
83.0,170,526.86627
83.0,170,526.996871
83.1,169,527.131562
83.0,170,527.267375
83.1,169,527.398313
83.1,169,527.529779
83.0,170,527.662089
82.9,171,527.777259
83.0,170,527.893142
83.2,168,528.887443
83.1,169,529.024018
83.1,169,529.144196
83.1,169,529.280183
-46.667936,167,529.410058
82.9,171,529.531377
83.2,168,529.647985
83.1,169,529.76698
83.1,169,529.890527
-47.825866,167,530.008356
83.0,170,530.124932
83.2,168,530.23749
82.7,173,531.253955
82.9,171,531.375448
83.0,170,531.503489
82.9,171,531.632336
82.9,171,531.754843
82.9,171,531.879364
-45.624945,168,531.995471
83.2,168,532.108898
83.0,170,532.22804
82.8,172,532.354765
83.1,169,532.477925
83.0,170,532.602363
83.1,169,533.608716
82.7,173,533.709733
82.8,172,533.811159
82.9,171,533.917905
82.9,171,534.025071
82.8,172,534.131292
82.8,172,534.233387
82.7,173,534.336282
83.1,169,534.446805
83.0,170,534.564754
83.0,170,534.675592
83.0,170,534.795004
82.9,171,535.846176
83.0,170,535.981871
83.0,170,536.122145
83.0,170,536.243245
82.8,172,536.362293
82.9,171,536.481782
83.1,169,536.588517
82.9,171,536.692809
83.0,170,536.825254
82.8,172,536.960578
83.0,170,537.080827
83.1,169,537.194548
82.9,171,538.18068
83.0,170,538.290379
83.0,170,538.404538
83.1,169,538.50309
82.9,171,538.602543
82.9,171,538.704731
83.1,169,538.803017
82.9,171,538.905473
82.9,171,539.005442
83.1,169,539.103867
83.0,170,539.203102
82.9,171,539.302692
83.0,170,540.238678
83.2,168,540.337076
82.8,172,540.441778
82.7,173,540.545476
82.8,172,540.648824
82.9,171,540.748176
82.9,171,540.847548
83.0,170,540.947093
83.0,170,541.046928
83.2,168,541.148854
83.1,169,541.251639
82.9,171,541.355427
83.1,169,542.372231
83.0,170,542.474052
82.7,173,542.573755
82.9,171,542.686296
82.8,172,542.799858
82.8,172,542.900745
82.8,172,543.029432
82.7,173,543.137283
82.8,172,543.244703
82.8,172,543.351474
83.0,170,543.456491
83.1,169,543.56655
82.9,171,544.568393
83.3,167,544.679614
83.1,169,544.795548
83.0,170,544.894825
82.8,172,544.994791
83.0,170,545.093317
82.8,172,545.192476
83.0,170,545.291212
82.8,172,545.390503
82.9,171,545.489277
83.1,169,545.586413
83.0,170,545.685494
83.1,169,546.611567
83.0,170,546.708824
82.8,172,546.807391
83.1,169,546.905292
82.9,171,547.014503
82.7,173,547.145216
83.1,169,547.265994
83.1,169,547.369849
83.1,169,547.474892
82.9,171,547.578951
83.1,169,547.68199
83.0,170,547.785701
83.1,169,548.79292
83.1,169,548.919838
83.2,168,549.042586
83.0,170,549.165236
83.2,168,549.282885
83.1,169,549.404851
83.0,170,549.532762
83.3,167,549.654886
83.0,170,549.790076
83.2,168,549.916551
83.1,169,550.045435
83.2,168,550.183136
83.2,168,551.265196
83.1,169,551.396735
83.4,166,551.506811
83.0,170,551.628965
83.3,167,551.75029
83.3,167,551.878156
83.2,168,552.007856
83.1,169,552.132779
83.3,167,552.248136
83.2,168,552.354315
-50.118721,165,552.44885
83.0,170,552.546288
83.2,168,553.446177
83.2,168,553.5546
83.0,170,553.655707
83.2,168,553.752814
83.0,170,553.851614
83.3,167,553.948648
83.1,169,554.046538
82.9,171,554.146684
83.1,169,554.245378
83.2,168,554.343749
83.1,169,554.463355
83.0,170,554.568914
83.1,169,555.479368
83.1,169,555.58127
83.2,168,555.682852
83.0,170,555.783676
83.1,169,555.887371
83.2,168,556.003263
83.2,168,556.122591
83.1,169,556.264579
83.1,169,556.381587
83.1,169,556.502377
82.8,172,556.606698
83.0,170,556.707651
83.0,170,557.670252
83.2,168,557.814894
83.1,169,557.926158
83.1,169,558.047518
83.2,168,558.147535
83.2,168,558.281334
83.1,169,558.398523
83.2,168,558.52679
83.2,168,558.664036
83.2,168,558.789794
83.1,169,558.938776
83.0,170,559.059584
83.2,168,559.171256
83.1,169,560.235283
83.1,169,560.374653
83.2,168,560.51412
83.1,169,560.627001
83.0,170,560.721212
83.1,169,560.821802
83.1,169,560.945692
83.2,168,561.077183
83.1,169,561.202157
83.2,168,561.324974
83.1,169,561.443339
83.0,170,561.56243
83.1,169,562.536456
83.3,167,562.632249
83.3,167,562.72782
83.2,168,562.823644
83.2,168,562.919379
83.2,168,563.015095
83.1,169,563.112386
83.3,167,563.207811
83.3,167,563.303475
83.0,170,563.410069
-48.000486,166,563.504972
83.2,168,563.600693
83.2,168,564.474288
83.1,169,564.5708
83.2,168,564.666985
83.1,169,564.763502
83.2,168,564.859264
83.3,167,564.958265
83.1,169,565.064301
83.0,170,565.16761
83.2,168,565.271986
83.3,167,565.366995
83.3,167,565.463379
83.2,168,565.570998
83.1,169,566.531064
83.0,170,566.63819
82.9,171,566.746063
83.1,169,566.843712
83.2,168,566.944903
83.0,170,567.046994
83.0,170,567.161072
83.2,168,567.280568
83.1,169,567.405107
83.1,169,567.526295
83.3,167,567.627743
83.1,169,567.728913
83.2,168,568.688321
83.0,170,568.7861
83.4,166,568.883557
83.2,168,568.998524
83.0,170,569.095781
83.2,168,569.191565
83.1,169,569.287972
83.1,169,569.384608
83.2,168,569.480316
82.9,171,569.578237
83.3,167,569.673878
83.1,169,569.770643
83.0,170,570.71388
83.3,167,570.818778
83.3,167,570.957021
83.3,167,571.085456
83.3,167,571.207159
83.2,168,571.336006
83.4,166,571.466816
83.2,168,571.590625
83.0,170,571.72266
83.2,168,571.860342
-48.894821,165,572.011359
83.2,168,572.115776
83.1,169,573.030919
83.1,169,573.125807
83.2,168,573.229693
83.2,168,573.32861
83.2,168,573.426675
83.2,168,573.52522
83.2,168,573.623455
83.2,168,573.721341
83.2,168,573.819188
82.9,171,573.918693
83.0,170,574.017163
83.3,167,574.1141
83.0,170,574.212677
83.2,168,575.170173
83.2,168,575.266452
83.3,167,575.362137
83.3,167,575.457765
83.4,166,575.552238
83.2,168,575.648405
83.3,167,575.743836
83.3,167,575.839458
83.3,167,575.935194
83.1,169,576.032212
83.4,166,576.127071
83.1,169,576.232779
83.3,167,577.115969
83.3,167,577.211598
83.4,166,577.306538
83.3,167,577.402195
83.4,166,577.497193
83.3,167,577.592741
83.5,165,577.687049
83.1,169,577.795337
83.3,167,577.896932
83.2,168,577.995789
83.4,166,578.090176
83.4,166,578.185224
83.3,167,579.107566
83.4,166,579.212892
83.4,166,579.330494
83.4,166,579.448102
83.2,168,579.546133
83.2,168,579.657271
83.3,167,579.761699
83.4,166,579.862881
83.4,166,579.971996
83.5,165,580.079489
83.4,166,580.175806
83.4,166,580.272039
83.3,167,581.204935
83.3,167,581.323863
83.5,165,581.43722
-50.226305,164,581.561583
-51.478045,164,581.671035
83.3,167,581.781441
83.5,165,581.877801
83.4,166,581.974227
-49.756258,164,582.070415
83.4,166,582.167069
83.5,165,582.263767
83.3,167,582.361512
83.5,165,582.458035
83.3,167,583.389515
83.4,166,583.497518
83.3,167,583.597512
83.2,168,583.713058
83.4,166,583.809013
-49.817051,165,583.91788
83.2,168,584.024203
83.4,166,584.120024
83.3,167,584.222542
-48.552067,165,584.31788
83.5,165,584.413109
83.3,167,584.509689
83.2,168,585.439129
83.2,168,585.544725
83.4,166,585.66235
83.3,167,585.767349
83.4,166,585.869443
83.3,167,585.966389
83.0,170,586.080538
83.3,167,586.187398
83.2,168,586.304975
83.3,167,586.400846
83.0,170,586.515207
83.3,167,586.623946
83.4,166,587.553562
83.3,167,587.665521
83.2,168,587.784184
83.3,167,587.884105
83.3,167,587.986323
83.1,169,588.087419
83.3,167,588.202577
83.1,169,588.337052
83.3,167,588.436222
83.3,167,588.532561
83.3,167,588.629036
83.4,166,588.731651
83.1,169,588.843266
83.4,166,589.764064
83.2,168,589.862197
83.4,166,589.981297
83.2,168,590.096508
83.3,167,590.196186
83.2,168,590.293163
83.3,167,590.396998
83.3,167,590.507149
83.2,168,590.614152
83.5,165,590.724709
83.4,166,590.832657
83.4,166,590.966874
83.3,167,591.886355
83.5,165,591.981894
83.3,167,592.105013
83.5,165,592.215479
83.5,165,592.324396
83.4,166,592.426655
83.4,166,592.529258
83.5,165,592.639935
83.2,168,592.752436
83.3,167,592.888685
83.4,166,593.027577
83.2,168,593.139864
83.3,167,594.068445
83.4,166,594.163912
83.5,165,594.260722
83.5,165,594.357825
83.2,168,594.475795
83.3,167,594.626814
83.4,166,594.776936
-48.825027,165,594.918446
83.4,166,595.074087
83.4,166,595.233086
83.3,167,595.376237
83.4,166,595.505733
83.4,166,595.623134
83.4,166,596.620558
83.5,165,596.740439
83.2,168,596.856125
-50.571804,165,596.99358
83.3,167,597.134913
83.4,166,597.262107
83.4,166,597.405528
83.5,165,597.532487
83.5,165,597.653412
83.3,167,597.774601
83.3,167,597.901316
83.2,168,598.025247
83.3,167,598.939799
83.2,168,599.043061
83.2,168,599.145349
83.2,168,599.241642
83.3,167,599.348794
83.1,169,599.454967
83.3,167,599.551639
83.3,167,599.652726
83.4,166,599.748308
83.3,167,599.859496
83.2,168,599.955859
83.3,167,600.050602
83.1,169,600.944839
83.4,166,601.050088
83.3,167,601.156976
83.3,167,601.251918
83.3,167,601.355928
83.3,167,601.468885
83.4,166,601.581703
83.2,168,601.694964
83.3,167,601.806342
83.2,168,601.914504
83.3,167,602.029678
83.1,169,602.137394
83.2,168,603.043881
83.3,167,603.139108
83.4,166,603.233265
83.2,168,603.332619
83.3,167,603.430563
83.2,168,603.541141
83.2,168,603.636749
83.3,167,603.731471
83.3,167,603.851001
83.3,167,603.977262
83.2,168,604.087641
83.2,168,604.186873
83.3,167,604.292692
83.4,166,605.215105
83.4,166,605.323076
83.2,168,605.428049
83.2,168,605.545412
83.4,166,605.654575
83.3,167,605.76051
83.4,166,605.871164
83.2,168,605.980901
83.4,166,606.088715
83.3,167,606.199397
83.3,167,606.312942
83.4,166,606.422256
83.2,168,607.344082
83.3,167,607.455335
83.4,166,607.56146
83.3,167,607.670337
83.2,168,607.790291
83.5,165,607.906339
83.2,168,608.017604
83.4,166,608.140703
83.4,166,608.258191
83.4,166,608.374213
83.4,166,608.486126
83.3,167,608.59866
-49.363081,164,609.582913
83.4,166,609.692021
83.4,166,609.806102
-48.870186,165,609.918362
83.5,165,610.027097
83.5,165,610.136864
83.5,165,610.248849
83.4,166,610.356088
83.5,165,610.464971
83.4,166,610.571895
83.4,166,610.678044
-48.971182,164,610.789361
-48.253309,165,610.902225
83.4,166,611.782617
83.4,166,611.897491
83.2,168,612.018423
83.3,167,612.135573
-47.854683,165,612.262294
83.3,167,612.389138
83.4,166,612.519465
83.4,166,612.646267
83.3,167,612.757716
83.4,166,612.868711
83.2,168,612.983962
83.4,166,613.095606
83.3,167,614.083352
83.3,167,614.208568
83.2,168,614.325645
83.2,168,614.445582
83.2,168,614.572589
83.3,167,614.697976
83.3,167,614.820788
83.0,170,614.938
83.3,167,615.055432
83.1,169,615.171177
83.2,168,615.286702
83.3,167,615.406978
83.2,168,616.388263
83.4,166,616.50696
83.3,167,616.627023
83.3,167,616.747493
83.4,166,616.867369
83.3,167,616.994883
83.3,167,617.118185
83.4,166,617.240703
83.3,167,617.35547
83.4,166,617.47322
83.3,167,617.593302
83.4,166,617.711966
83.4,166,618.709698
83.4,166,618.818463
83.3,167,618.927523
83.5,165,619.054967
83.5,165,619.17181
83.4,166,619.28992
83.3,167,619.405546
-48.163927,164,619.522861
83.4,166,619.633491
83.4,166,619.754525
83.3,167,619.883611
83.3,167,620.010386
83.3,167,620.124895
83.4,166,621.1855
-47.521372,164,621.309689
83.4,166,621.427662
83.3,167,621.543567
83.3,167,621.666373
83.3,167,621.781784
83.5,165,621.894695
83.3,167,622.013982
83.2,168,622.134019
83.4,166,622.250463
83.3,167,622.366852
83.4,166,622.489949
83.4,166,623.514096
83.3,167,623.633006
83.4,166,623.751362
83.4,166,623.866818
83.2,168,623.98549
83.3,167,624.102281
83.4,166,624.214005
83.1,169,624.333397
83.4,166,624.447616
83.3,167,624.566638
83.3,167,624.684848
83.3,167,624.806694
83.3,167,625.803588
83.3,167,625.920824
83.2,168,626.039195
83.3,167,626.169257
83.2,168,626.278022
83.3,167,626.381759
83.4,166,626.493621
83.4,166,626.60446
83.4,166,626.721114
83.3,167,626.83259
83.2,168,626.936475
83.1,169,627.04091
83.3,167,627.962811
83.3,167,628.084515
83.2,168,628.212023
83.2,168,628.332129
83.2,168,628.444873
83.3,167,628.563521
83.3,167,628.675592
83.3,167,628.796255
83.2,168,628.912413
83.5,165,629.028937
83.2,168,629.142678
83.2,168,629.253433
83.2,168,629.361582
83.3,167,630.286757
83.2,168,630.401786
83.1,169,630.523139
83.4,166,630.644478
83.5,165,630.761452
83.3,167,630.873935
83.3,167,630.978584
83.3,167,631.07792
83.4,166,631.177214
83.3,167,631.287222
83.4,166,631.399653
83.3,167,631.515548
83.4,166,632.421386
83.4,166,632.519899
83.3,167,632.619696
83.4,166,632.719648
83.3,167,632.819241
83.3,167,632.921268
83.3,167,633.029819
83.3,167,633.135795
83.4,166,633.249527
83.3,167,633.361809
83.5,165,633.474716
83.3,167,633.590083
83.4,166,634.496796
83.3,167,634.602896
83.3,167,634.724359
83.4,166,634.8252
83.5,165,634.933213
83.5,165,635.03064
83.3,167,635.126099
83.3,167,635.221485
83.3,167,635.316964
83.3,167,635.413231
83.4,166,635.508343
83.5,165,635.602679
83.3,167,635.698067
