eplenmean,eprewmean,explained_variance,fps,nupdates,policy_entropy,policy_loss,total_timesteps,value_loss
nan,nan,-0.6969119310379028,144,1,1.4189385175704956,-2.149979829788208,20,3.1395468711853027
99.4,-275.17968529999996,0.023062050342559814,1206,100,1.425730586051941,-36.17141342163086,2000,2121.061767578125
97.02439024390245,-278.36963192682924,0.8999330624938011,1221,200,1.4546115398406982,-0.044787950813770294,4000,0.0025892681442201138
96.37096774193549,-279.29549943548386,0.9202785491943359,1228,300,1.4754974842071533,-0.0013917814940214157,6000,0.005388738587498665
95.91566265060241,-279.94367444578313,0.9655247554183006,1211,400,1.529033899307251,0.2856275737285614,8000,0.051380306482315063
95.03,-282.8512135,-1.6689300537109375e-06,1191,500,1.566676378250122,-256.7364501953125,10000,25595.46484375
94.48,-285.30386458,0.0,1191,600,1.5683473348617554,-37.577491760253906,12000,4859.4013671875
94.46,-285.36550315000005,0.19041889905929565,1199,700,1.6027843952178955,-53.30878448486328,14000,2110.694091796875
94.54,-285.31828945999996,0.0,1205,800,1.6898555755615234,2.7635650634765625,16000,3.7608752250671387
94.71,-285.09158585,0.2595735192298889,1209,900,1.6797739267349243,-60.8679084777832,18000,2107.555419921875
95.04,-282.97796773000005,0.0,1215,1000,1.748056173324585,3.7041404247283936,20000,5.85139274597168
95.44,-280.78287935000003,0.4233379364013672,1209,1100,1.7817745208740234,2.355569839477539,22000,2.7623062133789062
95.69,-280.53463386999994,0.00944972038269043,1209,1200,1.7497726678848267,-0.994669497013092,24000,1.8364460468292236
95.62,-280.57854649,0.3339173197746277,1212,1300,1.737460732460022,-1.1058013439178467,26000,1.6427414417266846
95.8,-280.20434708999994,0.9426749162375927,1213,1400,1.7262675762176514,-1.161314845085144,28000,0.41231784224510193
95.97,-279.85871526000005,0.39007699489593506,1212,1500,1.7101905345916748,-9.823518753051758,30000,340.9674377441406
95.59,-280.10113716,0.9818290397524834,1210,1600,1.713631272315979,0.04512448236346245,32000,0.029977401718497276
95.64,-280.02753789999997,0.9768365528434515,1207,1700,1.7456092834472656,-0.2543107867240906,34000,0.05043255165219307
95.64,-280.05165756,0.489901065826416,1209,1800,1.752698540687561,-46.88550567626953,36000,993.3204956054688
95.66,-280.38011073999996,-5.125999450683594e-06,1206,1900,1.8101584911346436,-153.06932067871094,38000,15415.7314453125
95.61,-280.62174351,-2.1338462829589844e-05,1205,2000,1.8331191539764404,-213.7534637451172,40000,17919.0234375
95.85,-280.34911578000003,0.16269820928573608,1201,2100,1.860499620437622,-6.386730194091797,42000,12.97065258026123
96.37,-279.61672760000005,0.6143002808094025,1199,2200,1.9099289178848267,-52.10688018798828,44000,843.5966796875
97.09,-278.18622879000003,0.6356871724128723,1197,2300,1.92659592628479,-25.782094955444336,46000,459.123779296875
97.44,-277.25430116,0.8689690828323364,1198,2400,2.0233705043792725,-4.686487197875977,48000,7.236936092376709
98.09,-275.95072006000004,-6.318092346191406e-06,1202,2500,2.0501937866210938,-205.31460571289062,50000,16435.701171875
98.15,-275.44292901,0.8850741162896156,1205,2600,2.0698537826538086,2.7564165592193604,52000,2.343665599822998
97.93,-275.17444315999995,0.7174699008464813,1208,2700,2.0857553482055664,-10.066929817199707,54000,130.12777709960938
97.61,-275.61089677,0.9233334884047508,1209,2800,2.0805933475494385,2.6625328063964844,56000,2.2779698371887207
97.46,-276.07999535999994,0.7182393074035645,1209,2900,2.0523815155029297,-11.429411888122559,58000,138.48272705078125
97.22,-276.71355264000005,0.1630464792251587,1210,3000,2.0946967601776123,2.874040126800537,60000,7.988944053649902
97.27,-276.99830334,0.9835883714258671,1209,3100,2.114806890487671,0.6725091934204102,62000,0.1677047461271286
97.31,-277.13742003999994,-1.0728836059570312e-06,1206,3200,2.1341567039489746,-133.7687225341797,64000,11065.2734375
97.05,-277.07942914999995,0.8460229337215424,1207,3300,2.183671474456787,3.6608612537384033,66000,4.000555992126465
97.13,-276.91052429999996,0.8523039519786835,1207,3400,2.158083438873291,-17.36433219909668,68000,108.092041015625
96.96,-277.02424506999995,-0.0002391338348388672,1207,3500,2.089042901992798,-264.574951171875,70000,20801.38671875
97.74,-275.60959912,0.27542269229888916,1208,3600,2.0956368446350098,-3.297975778579712,72000,9.280556678771973
98.64,-274.29523188,0.9719547424465418,1209,3700,2.1953494548797607,1.9064583778381348,74000,0.9552488327026367
99.81,-272.38055129,0.29454290866851807,1210,3800,2.21237850189209,10.843424797058105,76000,30.14987564086914
100.17,-271.47462553,0.0,1210,3900,2.220320701599121,-32.77512741088867,78000,1429.8441162109375
100.49,-270.41787475,0.9915247159078717,1211,4000,2.267906427383423,0.041763003915548325,80000,0.04559924826025963
100.16,-270.47872821,0.8152772635221481,1212,4100,2.3620991706848145,3.3275279998779297,82000,3.4280152320861816
100.32,-269.60887148999996,5.960464477539063e-08,1212,4200,2.382633686065674,16.476106643676758,84000,52.491859436035156
99.99,-270.15207119999997,0.09691381454467773,1212,4300,2.433469295501709,8.232949256896973,86000,18.33526039123535
100.87,-268.18125268999995,0.9403941668570042,1212,4400,2.4577155113220215,9.087239265441895,88000,22.19283676147461
101.96,-265.6517701,0.9896810073405504,1212,4500,2.4651529788970947,0.606130838394165,90000,0.12633277475833893
103.15,-263.12325039,0.9886351516470313,1213,4600,2.4834117889404297,1.2903212308883667,92000,0.22116407752037048
104.31,-260.60104664,0.37703150510787964,1214,4700,2.4814627170562744,13.285642623901367,94000,33.38990783691406
105.23,-257.86676886,0.47412288188934326,1214,4800,2.5369629859924316,-2.1350936889648438,96000,6.368093490600586
106.06,-255.37816998999998,0.9865975538268685,1215,4900,2.535069465637207,-0.9869883060455322,98000,0.216739222407341
106.86,-253.71009393999998,-3.2186508178710938e-06,1214,5000,2.5164077281951904,-221.5001678466797,100000,15725.203125
107.17,-252.93052050999995,0.9922862001694739,1215,5100,2.5279431343078613,1.5240516662597656,102000,0.4534367620944977
107.23,-252.93319731999998,0.9338680356740952,1217,5200,2.543421745300293,2.1062629222869873,104000,8.266595840454102
107.25,-253.21872811999998,0.3187333941459656,1220,5300,2.594852924346924,15.009926795959473,106000,36.024757385253906
107.68,-253.37881020000003,-8.344650268554688e-07,1220,5400,2.6316845417022705,16.038715362548828,108000,44.48324966430664
108.1,-253.30774636,0.983414426445961,1219,5500,2.612816333770752,0.8540682792663574,110000,0.20318305492401123
108.41,-253.05226568,0.822837769985199,1219,5600,2.6706933975219727,8.729747772216797,112000,12.876498222351074
108.28,-252.98333571,0.933837316930294,1220,5700,2.690835952758789,2.400305986404419,114000,1.053558349609375
108.95,-251.36202676999997,0.9865561677142978,1222,5800,2.7091946601867676,-0.3070218861103058,116000,0.06443419307470322
109.33,-250.2132802,0.9503720104694366,1223,5900,2.702929735183716,4.3120436668396,118000,3.3324737548828125
109.39,-249.27444178000002,0.6059480011463165,1224,6000,2.7198233604431152,12.157873153686523,120000,23.083057403564453
109.27,-248.64703481999996,0.9857084481045604,1225,6100,2.7422385215759277,2.7269983291625977,122000,1.9722368717193604
109.92,-246.84736089999996,0.9179658219218254,1225,6200,2.7462844848632812,5.73233699798584,124000,13.3363618850708
110.23,-245.11449789999998,-1.3470649719238281e-05,1226,6300,2.7503645420074463,-82.1903076171875,126000,5809.0732421875
111.03,-243.27673457,0.9553015008568764,1225,6400,2.8119211196899414,-0.4481717348098755,128000,0.14434656500816345
111.98,-241.47659676,-2.0384788513183594e-05,1224,6500,2.848125457763672,-139.2659454345703,130000,8314.734375
113.0,-239.36769532,0.9638356566429138,1223,6600,2.8214337825775146,1.8339695930480957,132000,3.263361692428589
113.7,-237.69690652999998,-0.0005905628204345703,1224,6700,2.789412021636963,-234.63214111328125,134000,13056.2314453125
115.0,-235.12293667000003,0.9830133449286222,1225,6800,2.796072483062744,-0.0025218091905117035,136000,0.10233442485332489
116.6,-231.75498484999997,-0.00010442733764648438,1226,6900,2.7968204021453857,-368.44580078125,138000,18041.53515625
118.49,-228.58011838000002,0.9527431130409241,1227,7000,2.8126611709594727,1.9877277612686157,140000,0.7318261861801147
120.77,-224.32244759000002,0.8304140418767929,1227,7100,2.8187689781188965,-5.206888675689697,142000,25.344743728637695
122.1,-221.98283478999994,0.9522337093949318,1228,7200,2.757847309112549,-0.7458094954490662,144000,0.15682028234004974
123.48,-219.66708179,0.9819849096238613,1229,7300,2.7500624656677246,-1.3973257541656494,146000,0.3280886113643646
124.35,-217.82475683000004,0.8808446899056435,1229,7400,2.743109703063965,-8.648588180541992,148000,26.64165687561035
124.75,-217.23997035000005,0.7068742513656616,1230,7500,2.7125749588012695,13.216201782226562,150000,31.789928436279297
125.04,-215.55392506,0.9920730702579021,1230,7600,2.720649242401123,0.3847271800041199,152000,0.040168143808841705
124.94,-214.73642222000007,0.8728983253240585,1231,7700,2.718982696533203,-13.11845588684082,154000,44.700645446777344
124.19,-216.45565229999997,-0.00042426586151123047,1231,7800,2.7141222953796387,-233.5672149658203,156000,12379.517578125
124.25,-217.86281387,0.9793181996792555,1232,7900,2.73506498336792,-0.8707026839256287,158000,0.1207563653588295
124.21,-218.59080821999999,-0.0008292198181152344,1232,8000,2.7260711193084717,-353.96490478515625,160000,20029.126953125
123.81,-220.27083052999998,1.0728836059570312e-06,1233,8100,2.706249475479126,8.690735816955566,162000,16.246049880981445
123.3,-223.31677331999998,5.245208740234375e-06,1234,8200,2.7354519367218018,10.53635025024414,164000,15.969259262084961
123.21,-225.83229832,0.9933462082408369,1234,8300,2.7517759799957275,-1.3821284770965576,166000,0.247189000248909
124.41,-223.59161968999996,0.9190547615289688,1235,8400,2.799861431121826,-0.2604386508464813,168000,1.2653517723083496
124.73,-220.97761539999996,0.9668495915830135,1235,8500,2.796351432800293,-1.527679681777954,170000,0.3088957667350769
125.91,-216.34841412000003,0.09405159950256348,1236,8600,2.808534622192383,-379.2084045410156,172000,20053.69140625
127.1,-212.16646052,0.1783882975578308,1237,8700,2.7826943397521973,1.4953256845474243,174000,0.42288094758987427
135.35,-212.56537714,0.9205375239253044,1238,8800,2.7878808975219727,3.782650947570801,176000,1.800353765487671
135.07,-212.22931561000001,0.6805048882961273,1239,8900,2.7881693840026855,7.86529541015625,178000,11.204450607299805
134.06,-213.64019487999997,0.939914882183075,1240,9000,2.7788500785827637,-1.5423201322555542,180000,0.36150631308555603
133.55,-215.23432797000004,0.8484016060829163,1240,9100,2.7452006340026855,3.147015333175659,182000,1.2501248121261597
133.47,-217.58862373000002,0.9389119818806648,1241,9200,2.7499780654907227,0.44272929430007935,184000,0.10733018815517426
132.91,-220.36931467000002,0.973555563017726,1242,9300,2.746654510498047,-0.6748659014701843,186000,0.08760414272546768
124.09,-220.76215352999995,0.8089622259140015,1242,9400,2.7873239517211914,2.2302422523498535,188000,0.8877571225166321
133.01,-221.13425751,0.9931424427777529,1243,9500,2.801288604736328,0.6686041355133057,190000,0.08485828340053558
141.55,-221.12058140000005,0.636819064617157,1244,9600,2.825183391571045,0.21718308329582214,192000,0.0126539571210742
149.88,-223.21716603000002,-0.19136691093444824,1245,9700,2.8355937004089355,-3.9775753021240234,194000,3.230708599090576
149.3,-224.55184816999994,-0.008585453033447266,1245,9800,2.830749034881592,-326.60626220703125,196000,18230.28515625
147.51,-227.0608022,0.9809050187468529,1246,9900,2.864079475402832,-0.11906515061855316,198000,0.027582546696066856
145.27,-232.77799142,0.7661467343568802,1246,10000,2.873366594314575,-30.854249954223633,200000,131.9671630859375
143.24,-237.04182400000002,-0.0020644664764404297,1246,10100,2.8844285011291504,-302.61798095703125,202000,16298.71875
115.54,-241.64607576999998,0.9093547314405441,1247,10200,2.876922130584717,-14.08297348022461,204000,51.48356246948242
114.91,-242.81813567,0.9606989398598671,1247,10300,2.8801212310791016,0.1325380653142929,206000,0.12490264326334
114.07,-243.93205485,0.0,1247,10400,2.8655879497528076,0.27099907398223877,208000,6.524700164794922
114.04,-244.27520455,0.9712962880730629,1247,10500,2.897541046142578,-3.5781400203704834,210000,1.671181321144104
114.68,-242.14593054000008,-0.00023651123046875,1247,10600,2.9125819206237793,-274.789306640625,212000,14961.037109375
115.86,-238.89574226000002,0.9759450536221266,1247,10700,2.884890556335449,-2.204218864440918,214000,0.5508923530578613
115.94,-238.34597090000003,0.842535987496376,1247,10800,2.8722620010375977,-3.404423236846924,216000,2.2512409687042236
115.67,-238.61659077999997,0.9931284515187144,1247,10900,2.883798599243164,0.6027505993843079,218000,0.06833705306053162
115.42,-239.41421871000003,0.9335071444511414,1248,11000,2.8694052696228027,-14.549670219421387,220000,41.007572174072266
114.89,-240.43607011000003,1.1920928955078125e-07,1249,11100,2.887864112854004,-9.765912055969238,222000,21.58096694946289
114.13,-243.10942366000003,-0.006029844284057617,1249,11200,2.8890738487243652,-385.8971252441406,224000,20385.935546875
112.77,-246.7851462,0.7323906123638153,1250,11300,2.8981471061706543,0.3755026161670685,226000,1.7891099452972412
112.58,-247.6676644,0.9600524343550205,1251,11400,2.9367427825927734,-1.8061363697052002,228000,4.172331809997559
112.7,-248.25557814,-0.0010527372360229492,1251,11500,2.943744659423828,-358.8380432128906,230000,17905.06640625
113.45,-247.93933467,0.0,1251,11600,2.9922966957092285,14.353267669677734,232000,32.53290939331055
114.51,-246.19943802,-0.01033008098602295,1251,11700,3.007735252380371,-325.9048767089844,234000,16380.703125
115.6,-243.44692701,0.221174418926239,1251,11800,3.0208301544189453,-440.0546875,236000,22003.611328125
116.27,-241.28305554,0.3682473301887512,1251,11900,3.0259737968444824,-440.7413024902344,238000,22093.099609375
117.0,-239.19263080000005,-0.001715540885925293,1251,12000,3.0390548706054688,-313.7696838378906,240000,16670.65234375
118.41,-237.36296563999997,0.9526517428457737,1251,12100,3.043076992034912,-0.10105552524328232,242000,0.10620012134313583
118.65,-236.61508075999998,0.9120254591107368,1251,12200,3.068617582321167,5.620176792144775,244000,10.928813934326172
127.37,-236.32712367,0.8662775903940201,1251,12300,3.0564751625061035,-4.416232109069824,246000,2.265418767929077
136.7,-235.58206430000007,0.9152854532003403,1251,12400,3.0586957931518555,6.743078231811523,248000,4.96272611618042
137.41,-234.26288108000006,1.4901161193847656e-06,1251,12500,3.0706050395965576,13.438005447387695,250000,25.3535213470459
138.29,-231.05731948999997,0.9595390856266022,1251,12600,3.109858751296997,0.12507931888103485,252000,0.07813683897256851
139.76,-227.00695282000004,-1.1920928955078125e-07,1252,12700,3.0924124717712402,10.695769309997559,254000,18.66634750366211
140.12,-224.89533041,0.9841658435761929,1252,12800,3.041675567626953,-0.9071598649024963,256000,1.311206340789795
140.76,-221.27762103999999,0.9130390360951424,1252,12900,3.0514774322509766,-1.299724817276001,258000,0.3350040316581726
132.28,-219.43128829999998,0.856554701924324,1252,13000,3.0797457695007324,6.618093013763428,260000,5.22445011138916
123.86,-218.46855506,-0.006532907485961914,1253,13100,3.10595440864563,-345.7994689941406,262000,17398.833984375
124.44,-218.40961389,0.9705672115087509,1253,13200,3.1041109561920166,-0.653761625289917,264000,0.14451266825199127
123.42,-220.76149149,-0.14995908737182617,1254,13300,3.1067285537719727,0.21267952024936676,266000,0.0066946423612535
132.03,-220.66782528000005,0.8855709806084633,1254,13400,3.1170718669891357,-1.9515711069107056,268000,0.5573236346244812
131.35,-222.07324491,0.9941665814258158,1254,13500,3.125046730041504,-0.48419642448425293,270000,0.031030401587486267
129.8,-225.66557458,0.9846742358058691,1255,13600,3.1334986686706543,-0.1269412487745285,272000,0.033807214349508286
130.37,-225.63350762,0.9771070070564747,1255,13700,3.120297431945801,-1.4862929582595825,274000,0.24767716228961945
130.41,-223.60000652999994,0.9906157283112407,1255,13800,3.1390280723571777,0.3784256875514984,276000,0.028513845056295395
131.11,-221.32443739999997,1.1920928955078125e-07,1255,13900,3.1292214393615723,9.568120002746582,278000,10.409688949584961
123.04,-220.64059632000001,1.430511474609375e-06,1255,14000,3.1485729217529297,9.014984130859375,280000,9.770068168640137
123.66,-217.65358933,3.4570693969726562e-06,1255,14100,3.164724349975586,8.731433868408203,282000,9.836183547973633
125.45,-213.78654211,0.9091733694076538,1255,14200,3.177903652191162,6.028090953826904,284000,6.628976345062256
126.33,-210.87633311,0.9931484810076654,1254,14300,3.1740612983703613,-0.20041227340698242,286000,0.008764853700995445
126.75,-208.98553449000002,0.0012580156326293945,1254,14400,3.1546664237976074,7.520709991455078,288000,7.7837677001953125
135.98,-209.55264947,0.974483635276556,1254,14500,3.166912317276001,-0.3099174201488495,290000,0.043459124863147736
136.78,-207.28470995,0.676440566778183,1254,14600,3.1774067878723145,-1.3356668949127197,292000,0.3369453549385071
145.77,-204.9174742,0.9318904429674149,1254,14700,3.2019450664520264,-0.8124539852142334,294000,0.08711349964141846
155.29,-201.24824314999998,0.4350290298461914,1254,14800,3.220684766769409,5.366940021514893,296000,3.6317336559295654
158.44,-196.22773092999995,0.9438259266316891,1255,14900,3.2130959033966064,-0.5168953537940979,298000,0.04282822459936142
159.93,-192.62895109000002,-0.12991797924041748,1255,15000,3.2049033641815186,200.79933166503906,300000,6012.95166015625
159.54,-193.10983121,0.0014383792877197266,1255,15100,3.180790424346924,-395.14501953125,302000,16725.955078125
160.4,-191.815198,0.0006213784217834473,1254,15200,3.187195301055908,-380.17181396484375,304000,18650.77734375
160.44,-191.99407900999998,3.8623809814453125e-05,1254,15300,3.205812931060791,0.1996217966079712,306000,0.007357709109783173
177.68,-191.79994841000004,0.9976809357758611,1255,15400,3.222167491912842,0.1678038090467453,308000,0.005149929318577051
177.34,-192.46558247000002,0.21881961822509766,1255,15500,3.2569496631622314,0.20889468491077423,310000,0.006853429134935141
177.16,-193.83420474,-0.019719481468200684,1255,15600,3.268157482147217,-0.08085158467292786,312000,0.00027067348128184676
185.57,-196.96217018000004,0.9249304831027985,1254,15700,3.315350294113159,0.059461791068315506,314000,0.04624239355325699
193.66,-200.27509898,0.8620702624320984,1255,15800,3.3225388526916504,-0.7054867744445801,316000,0.06398948282003403
191.26,-204.04318875,0.000901341438293457,1255,15900,3.3536505699157715,-291.8371887207031,318000,12953.037109375
190.64,-206.75478889,0.978289695456624,1255,16000,3.3710618019104004,0.17879541218280792,320000,0.016377126798033714
189.49,-208.59455619,4.76837158203125e-07,1254,16100,3.3976047039031982,-195.8155059814453,322000,9566.275390625
162.21,-210.76813583999999,-1.4227662086486816,1254,16200,3.3841347694396973,-4.138484954833984,324000,2.695005416870117
152.42,-214.20323351000002,0.0025873184204101562,1254,16300,3.3784193992614746,-475.2313537597656,326000,21228.724609375
134.2,-214.94200030000005,0.8872422873973846,1255,16400,3.3492984771728516,-10.394760131835938,328000,15.715211868286133
124.89,-214.44352732,-1.1920928955078125e-07,1255,16500,3.3163883686065674,6.987744331359863,330000,6.267373085021973
124.08,-214.61458821,0.9044056385755539,1256,16600,3.295501708984375,-0.41383248567581177,332000,1.1996642351150513
124.34,-214.47785099000004,0.9447946771979332,1256,16700,3.30334734916687,0.8539154529571533,334000,0.1024482250213623
123.98,-214.32134549999995,0.9825959671288729,1256,16800,3.2898573875427246,-0.6169676184654236,336000,0.05086277797818184
124.44,-213.20894997,0.9869978120550513,1256,16900,3.340276002883911,-0.42509663105010986,338000,0.2202650010585785
125.18,-212.02447849,9.715557098388672e-06,1256,17000,3.356815814971924,-177.46090698242188,340000,8470.193359375
126.39,-209.73509229999996,-1.1920928955078125e-07,1256,17100,3.3802661895751953,7.3478169441223145,342000,6.042889595031738
126.97,-208.70871163999996,0.9946979149244726,1256,17200,3.4080967903137207,0.6259319186210632,344000,0.03882814571261406
128.16,-205.79647626000005,8.940696716308594e-07,1257,17300,3.4142730236053467,-199.38853454589844,346000,8346.650390625
129.24,-203.89146481000003,0.9796580150723457,1257,17400,3.3863494396209717,0.3560006022453308,348000,0.023237261921167374
130.02,-202.20272843999996,0.9934253529645503,1257,17500,3.355614185333252,-0.2965942621231079,350000,0.009742092341184616
139.29,-201.36475281,0.024867773056030273,1257,17600,3.3540186882019043,-483.975341796875,352000,21150.33203125
147.93,-202.25413517999996,0.883018471300602,1257,17700,3.374722957611084,0.15886090695858002,354000,0.003449517535045743
165.78,-204.16969925000004,0.5992724299430847,1257,17800,3.397087812423706,-0.2751408815383911,356000,0.13242459297180176
174.71,-203.71752817,-2.0781846046447754,1257,17900,3.4199020862579346,-0.03354359790682793,358000,4.384637719567763e-08
192.44,-203.11746571,0.8957938924431801,1258,18000,3.4588348865509033,1.2403919696807861,360000,0.19459906220436096
201.31,-204.32776458,0.26410603523254395,1258,18100,3.5131778717041016,-0.029175836592912674,362000,4.748925675812643e-06
218.95,-207.79709837,-84.87013244628906,1258,18200,3.554133653640747,-0.3998952805995941,364000,0.024426043033599854
236.55,-207.52900735,-1.4866266250610352,1258,18300,3.5946266651153564,5.64479398727417,366000,3.22942852973938
245.39,-208.73744539000003,-249.30557250976562,1258,18400,3.625779628753662,0.32360053062438965,368000,0.013759064488112926
262.68,-210.18994499000004,-1.2703404426574707,1258,18500,3.6682960987091064,-0.02219076082110405,370000,1.719904685160145e-05
280.47,-211.35231387,0.6825281977653503,1259,18600,3.712256669998169,-0.010995723307132721,372000,6.153756112325937e-05
297.93,-212.54034037999998,-0.0008224248886108398,1259,18700,3.767174482345581,0.07912109792232513,374000,0.0012176043819636106
306.77,-212.47867258,-0.00011277198791503906,1259,18800,3.8219590187072754,-0.018885498866438866,376000,3.3385898859705776e-05
324.26,-215.21348002,-0.0021545886993408203,1259,18900,3.869375705718994,-0.06434082239866257,378000,6.068043876439333e-05
341.96,-216.70467621,0.4993373155593872,1259,19000,3.91160249710083,-0.04029189050197601,380000,9.08076813743719e-08
359.34,-220.49870723999996,-0.018850326538085938,1260,19100,3.9447128772735596,2.3888657093048096,382000,0.46623334288597107
376.71,-223.24683681000002,-0.14957809448242188,1259,19200,3.9927592277526855,3.550295352935791,384000,0.8296939730644226
394.15,-225.81293795,-9.177224159240723,1259,19300,4.042518138885498,11.449796676635742,386000,7.647777557373047
402.89,-227.10143447000002,0.22332042455673218,1259,19400,4.080979824066162,-0.03552079573273659,388000,2.2509707378048915e-06
420.52,-228.46321657000001,-0.07149386405944824,1259,19500,4.119555473327637,-0.044648993760347366,390000,9.589251703800983e-07
437.58,-231.22755264999995,0.20193934440612793,1258,19600,4.158746242523193,-58.45811080932617,392000,502.8729553222656
427.25,-235.23022572,0.8010396063327789,1258,19700,4.155519962310791,1.0286065340042114,394000,0.13810010254383087
398.77,-238.15764963000004,0.3477422595024109,1259,19800,4.131978988647461,-36.71095657348633,396000,377.8359069824219
343.34,-240.39083469000002,0.9830067045986652,1259,19900,4.118803977966309,-0.8673157691955566,398000,0.043088216334581375
252.62,-241.56409492000003,0.4121837019920349,1259,20000,4.1424078941345215,-128.3688201904297,400000,1047.066650390625
170.93,-240.17417539000004,0.9914057562127709,1259,20100,4.174376010894775,-1.4673088788986206,402000,0.13450126349925995
116.1,-239.95783692999998,0.682303786277771,1258,20200,4.191507339477539,-0.5263332724571228,404000,0.17023371160030365
115.46,-240.83471189,0.9746957011520863,1258,20300,4.178204536437988,0.8911363482475281,406000,0.054912108927965164
115.3,-240.64311222000003,0.8537132889032364,1258,20400,4.187017917633057,-28.89263916015625,408000,75.41089630126953
116.07,-238.81343318999996,-0.0008852481842041016,1257,20500,4.20795202255249,-419.75579833984375,410000,15007.041015625
116.6,-236.86141977000003,0.00032573938369750977,1257,20600,4.207201957702637,14.726016998291016,412000,14.401410102844238
117.31,-234.54053542999998,0.00022023916244506836,1257,20700,4.1918792724609375,14.373072624206543,414000,16.366214752197266
117.67,-233.91830968000005,0.9423635490238667,1257,20800,4.209873676300049,-16.090953826904297,416000,25.593847274780273
117.07,-234.95819323999996,-0.0016944408416748047,1258,20900,4.247184753417969,-569.2868041992188,418000,19740.00390625
116.11,-236.75774135,0.9529525227844715,1258,21000,4.240292549133301,-0.8441381454467773,420000,0.0993025004863739
115.16,-239.33475153999996,0.8527352660894394,1258,21100,4.203486442565918,4.998286247253418,422000,2.230586528778076
114.85,-240.65234299000002,0.9940532729960978,1258,21200,4.186091899871826,1.3148183822631836,424000,0.1204138994216919
114.64,-241.27542172999998,0.99432536913082,1258,21300,4.178703308105469,-0.944162905216217,426000,0.06279169023036957
114.78,-241.11464141,0.8567538410425186,1258,21400,4.181857109069824,10.259950637817383,428000,7.017064571380615
115.58,-239.56261038999997,0.9947433439083397,1258,21500,4.187320709228516,-0.37988778948783875,430000,0.02473197877407074
116.68,-237.61188059,0.9960358622483909,1258,21600,4.220319747924805,0.6170076131820679,432000,0.32121559977531433
117.63,-235.42264764,0.6915864646434784,1258,21700,4.2358293533325195,13.220454216003418,434000,11.36308765411377
118.81,-233.33085644000002,0.9935359130613506,1258,21800,4.230490684509277,-1.6280983686447144,436000,0.15039770305156708
119.25,-232.01169286999996,0.994961233343929,1258,21900,4.215092658996582,-0.22950807213783264,438000,0.41997474431991577
119.99,-230.56623987,0.9542936533689499,1257,22000,4.225276947021484,6.669127464294434,440000,2.789773464202881
120.38,-230.16214854999998,0.2688751816749573,1257,22100,4.264736175537109,4.360589027404785,442000,9.476471900939941
121.18,-228.05245972000003,-0.00839090347290039,1257,22200,4.237518310546875,8.24545669555664,444000,22.54635238647461
121.42,-227.11899728000003,0.9962699548341334,1257,22300,4.242376804351807,-1.0077828168869019,446000,0.05714264512062073
121.37,-225.96108303,0.951869510114193,1257,22400,4.243489742279053,-0.10700605809688568,448000,0.07359428703784943
121.03,-226.14599026,0.998276544502005,1257,22500,4.283751010894775,0.27440494298934937,450000,0.007692272774875164
120.79,-226.4351269,4.112720489501953e-06,1257,22600,4.269371032714844,16.189281463623047,452000,19.11557960510254
120.45,-226.64893586999992,-0.0009150505065917969,1257,22700,4.299235820770264,-245.97113037109375,454000,9168.8603515625
119.79,-228.08836319000002,0.999277212889865,1257,22800,4.267367839813232,-0.22643423080444336,456000,0.0031504768412560225
119.39,-229.21194845000002,0.8404075503349304,1257,22900,4.268790245056152,16.988964080810547,458000,25.638463973999023
119.96,-228.19182204,0.9966678509954363,1258,23000,4.26341438293457,-0.29463082551956177,460000,0.010958727449178696
120.51,-228.04951649999998,-0.005558490753173828,1258,23100,4.253795146942139,-376.73974609375,462000,14459.154296875
119.91,-229.80986545000005,0.9122244566679001,1258,23200,4.254181385040283,-23.04998016357422,464000,52.024864196777344
119.98,-230.74220563000003,-0.001343369483947754,1258,23300,4.248241901397705,-247.0487060546875,466000,8341.408203125
118.92,-232.95685113,0.9795881789177656,1258,23400,4.233184337615967,-0.2292565256357193,468000,0.03892398625612259
119.14,-233.18302426999998,-0.0037630796432495117,1258,23500,4.2614545822143555,-399.47393798828125,470000,14907.0703125
118.68,-234.99022463999998,0.99881162494421,1258,23600,4.265167713165283,0.5053048133850098,472000,0.021583842113614082
118.18,-235.62754942999996,0.9996052182686981,1259,23700,4.233641147613525,0.06390022486448288,474000,0.0017042787512764335
118.26,-235.10511793,0.9950565812177956,1259,23800,4.253781318664551,0.17624028027057648,476000,0.022675752639770508
118.22,-234.21201398000002,0.9997328288154677,1259,23900,4.238478660583496,-0.017950234934687614,478000,0.0007194323115982115
118.9,-232.54864878000004,0.9707608167082071,1259,24000,4.209089279174805,-0.19621877372264862,480000,0.04956390708684921
118.4,-233.83145949000001,0.7844651788473129,1259,24100,4.199045181274414,-3.632286310195923,482000,17.397994995117188
117.46,-236.90495820999996,-0.008540749549865723,1259,24200,4.216671943664551,-549.4561157226562,484000,20550.076171875
116.57,-239.71701588,0.9962162205483764,1259,24300,4.211122035980225,-0.0832202211022377,486000,0.008885091170668602
116.32,-241.33027535000005,0.9652723371982574,1259,24400,4.195284366607666,-6.662268161773682,488000,2.421055793762207
115.87,-243.09812855,-0.00036013126373291016,1258,24500,4.182137489318848,-317.868896484375,490000,10792.6826171875
116.02,-242.77431063,0.9783051088452339,1258,24600,4.1561174392700195,-6.021688461303711,492000,2.183969736099243
116.31,-240.73142628000005,0.9926748094148934,1258,24700,4.119569778442383,-0.03410906717181206,494000,0.023328015580773354
117.64,-236.14371221,-0.002889275550842285,1258,24800,4.097879409790039,-350.9844970703125,496000,13951.2421875
118.85,-231.39619159999995,0.9973492349963635,1258,24900,4.123730182647705,0.6451493501663208,498000,0.0324058011174202
120.71,-225.87275089,0.669283539056778,1258,25000,4.123360633850098,22.684040069580078,500000,38.94662857055664
122.33,-221.09537593000002,4.416704177856445e-05,1258,25100,4.112452983856201,15.52138614654541,502000,17.630992889404297
123.02,-219.27358819,5.960464477539063e-08,1259,25200,4.102794647216797,13.8955659866333,504000,16.831836700439453
124.01,-217.21450242999998,-5.544003963470459,1259,25300,4.077459335327148,26.906822204589844,506000,94.26836395263672
123.63,-218.34975878999998,0.979857062920928,1259,25400,4.059211254119873,-1.1266392469406128,508000,0.13567456603050232
124.2,-218.62650888000005,-5.233287811279297e-05,1259,25500,4.0657548904418945,-25.519256591796875,510000,1291.9525146484375
122.69,-222.40384304000003,4.190206527709961e-05,1259,25600,4.087833404541016,15.011639595031738,512000,18.05472183227539
120.7,-228.86758004,0.9861942464485765,1260,25700,4.115388870239258,-0.734394907951355,514000,0.05903893709182739
118.63,-234.78228110999996,0.8690363466739655,1260,25800,4.172421932220459,-36.94557189941406,516000,108.16434478759766
117.37,-238.61777214000003,0.9944228851236403,1260,25900,4.168919086456299,-0.8757414817810059,518000,0.04839532449841499
116.44,-241.57562165000002,0.9845886686816812,1260,26000,4.186000823974609,0.1854705810546875,520000,0.07239481061697006
115.73,-244.34090289999997,0.9859402803704143,1259,26100,4.21957540512085,-1.3738715648651123,522000,0.1686670482158661
116.29,-243.34978669,0.9957201699726284,1260,26200,4.231563568115234,0.9838480353355408,524000,0.07120834290981293
117.03,-240.18617860000003,1.8894672393798828e-05,1260,26300,4.2231340408325195,17.977096557617188,526000,24.891847610473633
119.14,-234.88066730000003,-0.0020900964736938477,1260,26400,4.252706527709961,-552.0226440429688,528000,19053.62109375
119.77,-232.28106394000002,0.9991188928252086,1260,26500,4.2567667961120605,-0.05333491787314415,530000,0.002542878035455942
120.72,-228.82728194999999,-0.00036263465881347656,1259,26600,4.25465726852417,-330.90850830078125,532000,10032.7939453125
121.04,-226.98432664999996,0.9935339852236211,1259,26700,4.219426155090332,-0.12678968906402588,534000,0.029528211802244186
121.24,-225.16853889,0.9717400744557381,1259,26800,4.246714115142822,-0.17764124274253845,536000,0.04021048918366432
121.27,-224.99948938,0.001045823097229004,1259,26900,4.234660625457764,16.08592987060547,538000,19.510087966918945
119.64,-227.56480687000004,0.9435345232486725,1259,27000,4.263917446136475,-5.779922008514404,540000,5.982684135437012
119.12,-229.32412086,0.9487565569579601,1260,27100,4.278442859649658,-7.261174201965332,542000,9.42505168914795
117.95,-232.21408712999997,0.9932491220533848,1260,27200,4.275063991546631,-0.6540253758430481,544000,0.04228857159614563
117.45,-234.22779789,0.006728649139404297,1260,27300,4.267133712768555,-617.0352172851562,546000,21703.607421875
116.01,-238.89497521,0.9988071067491546,1260,27400,4.265763282775879,-0.1493602991104126,548000,0.005731481593102217
114.65,-244.27752915999997,0.9952287985943258,1260,27500,4.278325080871582,-1.9686439037322998,550000,0.23591728508472443
113.85,-248.63066396,0.9927232037298381,1260,27600,4.265049457550049,-0.4049748480319977,552000,0.028440728783607483
112.92,-251.58312933999997,0.9976616208441556,1261,27700,4.255283355712891,-0.6821945309638977,554000,0.03173177316784859
112.76,-252.21578226000003,0.822945311665535,1261,27800,4.245593070983887,8.860299110412598,556000,5.883991241455078
113.72,-248.76530013999997,0.9896030751988292,1261,27900,4.199998378753662,-1.1731853485107422,558000,0.1126740351319313
115.14,-243.79806800999998,-0.0006655454635620117,1261,28000,4.196829795837402,-239.29318237304688,560000,9514.318359375
116.74,-237.9414406,0.9998044464300619,1262,28100,4.219522476196289,0.44474104046821594,562000,0.01260490994900465
119.24,-228.03041092,0.0002320408821105957,1262,28200,4.260456562042236,15.646223068237305,564000,18.46112823486328
122.07,-218.26627937,0.9992190635530278,1262,28300,4.245168685913086,-0.15225720405578613,566000,0.002488724421709776
122.94,-214.44343846000004,0.9852586574852467,1262,28400,4.258773326873779,-0.6054719686508179,568000,0.0374859943985939
122.85,-215.24200313,3.5762786865234375e-06,1262,28500,4.264895915985107,15.40304946899414,570000,16.96821403503418
122.39,-215.89633014999998,-0.00019609928131103516,1262,28600,4.284382343292236,-176.46295166015625,572000,7221.20703125
122.28,-216.54278539999999,0.9967101060319692,1262,28700,4.314465522766113,0.8455569744110107,574000,0.053053952753543854
121.05,-220.97610252,9.5367431640625e-07,1262,28800,4.339433193206787,15.68480110168457,576000,17.499080657958984
120.11,-224.45357861999997,0.9992481573135592,1262,28900,4.339053153991699,-0.08077536523342133,578000,0.001397960353642702
120.57,-222.37567626000003,0.9920319830998778,1262,29000,4.3290863037109375,-1.787699818611145,580000,0.20521140098571777
121.22,-220.42974655,8.344650268554688e-07,1263,29100,4.302093982696533,14.088850021362305,582000,14.278887748718262
121.5,-219.62315280000007,0.9840661939233541,1263,29200,4.319884300231934,-1.255418300628662,584000,0.11321264505386353
121.59,-218.81621987999998,0.9820694383233786,1263,29300,4.325295448303223,0.4143347144126892,586000,0.031212221831083298
121.09,-220.14496139000002,0.8764994814991951,1262,29400,4.343690872192383,-16.42154884338379,588000,41.69222640991211
120.14,-223.34024236999997,0.961445514112711,1262,29500,4.356846809387207,-0.9911165833473206,590000,0.09628318250179291
118.96,-227.8155508,0.9995345915376674,1262,29600,4.3875322341918945,-0.5544531345367432,592000,0.01674199476838112
117.96,-231.32128799000003,-0.0027805566787719727,1262,29700,4.379582405090332,-524.5750732421875,594000,18813.61328125
116.47,-235.77295341999996,0.9929408002644777,1262,29800,4.410786151885986,-0.5633128881454468,596000,0.0381455197930336
114.76,-241.53816574000004,0.8076135516166687,1262,29900,4.3996758460998535,-1.48980712890625,598000,1.3560686111450195
113.13,-247.21774319000005,0.0015738606452941895,1262,30000,4.3992743492126465,21.444255828857422,600000,36.280616760253906
111.65,-252.25854071999998,0.9980237542185932,1261,30100,4.395498752593994,-0.7504771947860718,602000,0.03789447247982025
110.0,-257.30733256999997,0.9535624571144581,1261,30200,4.389026165008545,-3.424361228942871,604000,4.237668514251709
108.02,-262.19110843,0.9984692783327773,1261,30300,4.422439098358154,-1.0665823221206665,606000,0.06006655842065811
107.08,-264.73962347,0.9981289727147669,1261,30400,4.438051700592041,0.1281474232673645,608000,0.01117729116231203
106.25,-266.14608369,0.998925882158801,1261,30500,4.4520721435546875,0.3221803307533264,610000,0.012495669536292553
105.61,-267.17057542,0.9767482336610556,1261,30600,4.4853515625,-1.0473681688308716,612000,1.8151191473007202
105.41,-267.31133568999996,0.9826050773262978,1262,30700,4.49910831451416,3.051030397415161,614000,4.746659755706787
105.27,-267.09331027,0.9977162103168666,1262,30800,4.569826602935791,0.024700362235307693,616000,0.010419727303087711
105.51,-266.06467253999995,0.0001131892204284668,1262,30900,4.558039665222168,34.85579299926758,618000,55.81879806518555
106.03,-264.65292626999997,0.9993644388741814,1262,31000,4.56301736831665,0.5780742168426514,620000,0.02466297708451748
106.08,-263.29972682000005,0.9978698191698641,1262,31100,4.5566487312316895,0.7311598658561707,622000,0.043138500303030014
105.92,-262.70011900000003,0.9959557144902647,1262,31200,4.548632621765137,0.2364082932472229,624000,0.03823188319802284
106.03,-262.08830415,0.9992973235202953,1262,31300,4.541374206542969,-1.0354478359222412,626000,0.0514444038271904
106.4,-260.89284839,0.000263214111328125,1262,31400,4.528213024139404,29.48297119140625,628000,50.96738815307617
106.78,-260.05358557,0.9998756563581992,1262,31500,4.514930248260498,-0.20773780345916748,630000,0.002112505491822958
106.53,-260.43149697,0.9806326013058424,1263,31600,4.505998611450195,-4.3875346183776855,632000,4.7528157234191895
106.88,-259.91842637,0.00047779083251953125,1263,31700,4.486433506011963,29.33913230895996,634000,49.46465301513672
107.44,-259.03986772999997,0.999428937851917,1263,31800,4.438647747039795,0.25490936636924744,636000,0.008689338341355324
107.52,-258.68476647,0.7421877086162567,1263,31900,4.457263946533203,23.760637283325195,638000,40.15052795410156
107.45,-259.08912274999994,0.9990941900177859,1263,32000,4.4590582847595215,0.07305970788002014,640000,0.008456765674054623
107.86,-257.53866209999995,0.009853541851043701,1263,32100,4.454750061035156,-609.536865234375,642000,21973.80859375
108.28,-255.86056279000002,0.9893164420500398,1262,32200,4.456888198852539,-3.0190649032592773,644000,2.8067452907562256
109.14,-252.97749302,0.24642324447631836,1262,32300,4.4657816886901855,51.526119232177734,646000,162.07086181640625
109.29,-252.10796958999998,0.9991216199705377,1262,32400,4.473546981811523,-0.2240084707736969,648000,0.0063036419451236725
109.82,-250.25482018999995,0.9990861768601462,1262,32500,4.5215163230896,-0.2520899176597595,650000,0.007681172341108322
110.36,-248.21663924000006,0.9991567131946795,1262,32600,4.525902271270752,0.25037792325019836,652000,0.007698410656303167
110.74,-246.65613113000003,0.9914014209061861,1262,32700,4.521788120269775,-0.7088824510574341,654000,0.040490198880434036
110.95,-246.63571128,0.991871046833694,1262,32800,4.506366729736328,-0.8695540428161621,656000,0.05990596488118172
111.22,-246.11974361,0.9784445893019438,1262,32900,4.5029706954956055,-1.1067975759506226,658000,0.11549840867519379
111.46,-244.74573167999995,0.9982482607010752,1262,33000,4.511166095733643,0.36300867795944214,660000,0.01362350769340992
111.51,-244.42082912,3.159046173095703e-06,1262,33100,4.508674144744873,3.894932746887207,662000,9.445760726928711
111.06,-245.31403789000004,0.9660150706768036,1262,33200,4.502356052398682,1.1779273748397827,664000,0.16036580502986908
111.2,-245.82095974000003,0.9961505949031562,1262,33300,4.522289752960205,-0.8655350208282471,666000,0.05155528336763382
111.08,-245.55265592,0.9982140503125265,1262,33400,4.521646499633789,-0.4520149230957031,668000,0.012205029837787151
111.02,-246.49609898,0.9980172778014094,1262,33500,4.5226030349731445,0.48890095949172974,670000,0.019822007045149803
111.02,-247.32064681,0.9954608236439526,1262,33600,4.5321364402771,0.6139997839927673,672000,0.036668963730335236
110.53,-248.48605198,0.999329665559344,1262,33700,4.5451273918151855,0.08189934492111206,674000,0.004637490026652813
110.39,-248.82740591000004,-0.004382133483886719,1262,33800,4.564405918121338,-476.4794921875,676000,16408.845703125
110.0,-249.82982595000004,0.9983427094994113,1262,33900,4.571595191955566,-0.4982221722602844,678000,0.01494319923222065
109.55,-251.17043825000002,-0.003373265266418457,1262,34000,4.589247226715088,-593.4878540039062,680000,19585.98046875
109.37,-251.74324764000002,0.00011014938354492188,1263,34100,4.587200164794922,25.462203979492188,682000,41.28696823120117
109.24,-252.42245861000004,0.9971347688697278,1263,34200,4.631256580352783,0.4372757375240326,684000,0.3587062358856201
109.32,-252.85180247,0.9964113507885486,1263,34300,4.613946437835693,0.939038872718811,686000,0.05863497406244278
109.65,-252.25177486000004,0.9997628661658382,1263,34400,4.606961727142334,-0.2417403757572174,688000,0.0029417816549539566
110.46,-250.23666599000003,0.9893793258816004,1263,34500,4.597751617431641,0.4498669505119324,690000,0.045352887362241745
110.61,-249.07880525000002,0.9986071265302598,1263,34600,4.577840328216553,0.25277677178382874,692000,0.008965865708887577
111.11,-247.93136889,0.9855834674090147,1263,34700,4.569519519805908,-1.8197270631790161,694000,2.327303886413574
111.19,-246.99552573000005,0.9967548588756472,1264,34800,4.576019763946533,-0.5103985071182251,696000,0.429417222738266
111.45,-246.31448022999996,-0.00012195110321044922,1263,34900,4.585478782653809,-224.4705047607422,698000,7900.70703125
111.45,-246.24673375000003,-9.918212890625e-05,1264,35000,4.595070838928223,-240.31356811523438,700000,8650.734375
111.76,-246.12419204000003,-0.00015163421630859375,1264,35100,4.588699817657471,-227.9774932861328,702000,8642.2158203125
112.43,-245.29859963999996,0.9926286684349179,1264,35200,4.600895404815674,0.6340391039848328,704000,0.04935837164521217
112.72,-244.87199052,0.8888620585203171,1264,35300,4.597559452056885,13.366127967834473,706000,9.120028495788574
112.85,-244.49340733999998,0.9973484510555863,1264,35400,4.608783721923828,0.07388734817504883,708000,0.0168896596878767
113.27,-242.95964598999998,-3.540515899658203e-05,1263,35500,4.598937034606934,-121.92753601074219,710000,4987.21240234375
113.67,-241.68986248000002,0.9995593542698771,1264,35600,4.5727643966674805,-0.3771863281726837,712000,0.007032130844891071
114.09,-239.98321536,0.052326083183288574,1264,35700,4.5852742195129395,43.81515884399414,714000,122.07999420166016
114.19,-238.8699052,0.9985983693040907,1264,35800,4.5928449630737305,0.1436161994934082,716000,0.005712633021175861
114.9,-236.64978127999998,0.9992599774850532,1264,35900,4.599438667297363,0.34263545274734497,718000,0.010348528623580933
115.24,-235.56891891999996,0.9923572200350463,1264,36000,4.601622104644775,1.3956232070922852,720000,0.149907186627388
115.77,-234.09282453999995,0.9718308951705694,1264,36100,4.588957786560059,0.028433267027139664,722000,0.1531279981136322
116.36,-232.26820645999996,0.9843747094273567,1264,36200,4.5834126472473145,-2.6477317810058594,724000,0.4159179627895355
117.47,-230.75541694000003,0.9829966966062784,1265,36300,4.605571269989014,0.7496017813682556,726000,0.06289394199848175
117.65,-230.01154262999998,0.9986483185784891,1265,36400,4.637721061706543,0.054705891758203506,728000,0.0035298489965498447
118.47,-228.83683927000004,0.8623989671468735,1265,36500,4.635910987854004,11.02573013305664,730000,6.510988712310791
119.2,-227.41503683,0.9946327018551528,1265,36600,4.616372108459473,1.2232872247695923,732000,0.08637991547584534
119.44,-227.33424229,0.8996426686644554,1265,36700,4.623946189880371,-13.74360179901123,734000,26.316604614257812
119.63,-227.31099871000004,0.00020331144332885742,1265,36800,4.621582984924316,-209.6615753173828,736000,6823.74462890625
119.42,-226.75047766000003,0.5567580759525299,1265,36900,4.575101375579834,15.081116676330566,738000,12.370012283325195
119.97,-226.10352945000002,0.9993282446521334,1265,37000,4.589695453643799,0.3304280936717987,740000,0.008426310494542122
119.67,-226.47072040999998,0.00024265050888061523,1265,37100,4.59224796295166,-51.14133071899414,742000,2434.48291015625
119.92,-226.27011799000005,0.9940024740062654,1265,37200,4.623429775238037,0.0073899924755096436,744000,0.010232949629426003
120.34,-225.54899441999999,0.7617448717355728,1265,37300,4.636359214782715,11.500508308410645,746000,7.841355800628662
120.75,-225.3483583,0.9976435580756515,1265,37400,4.636961460113525,0.1559167504310608,748000,0.0060659125447273254
120.75,-226.03903489,0.9590638913214207,1265,37500,4.645278453826904,-10.835869789123535,750000,10.186210632324219
120.6,-226.11472524000004,0.0002675056457519531,1265,37600,4.635034084320068,-130.02542114257812,752000,4968.46630859375
120.8,-226.34014392999998,0.9503983855247498,1265,37700,4.604931831359863,1.5511711835861206,754000,0.1723756045103073
121.2,-226.32666112999993,0.98791285417974,1265,37800,4.601317882537842,-0.6234540343284607,756000,0.04290900379419327
120.82,-227.14858773,-1.1920928955078125e-06,1265,37900,4.628259658813477,17.28144645690918,758000,17.715417861938477
121.0,-227.69460782,0.9945172583684325,1265,38000,4.62522029876709,-1.2236595153808594,760000,0.0746336430311203
120.94,-228.31526222,0.99855749506969,1265,38100,4.625350475311279,0.061118923127651215,762000,0.003579408396035433
120.58,-229.77843508,0.9963176180608571,1265,38200,4.617061614990234,-0.7894397974014282,764000,0.035773251205682755
120.02,-231.4232053,0.9894799925386906,1265,38300,4.624220848083496,-0.5352137684822083,766000,0.025016900151968002
120.33,-231.08899638999995,0.972157696262002,1265,38400,4.643399715423584,2.153825283050537,768000,0.2824801206588745
120.8,-230.41341828999998,0.9996013407362625,1265,38500,4.659597396850586,0.05850747600197792,770000,0.0013427681988105178
120.76,-229.62853836000002,0.9085813760757446,1265,38600,4.68453311920166,9.874312400817871,772000,5.190103054046631
122.36,-227.75252220000002,0.9877857938408852,1265,38700,4.697639465332031,-0.43082356452941895,774000,0.03130476921796799
123.02,-226.06474548999998,0.01149517297744751,1265,38800,4.699522972106934,-676.3877563476562,776000,21791.09375
123.86,-223.59946439000004,-9.5367431640625e-06,1265,38900,4.665990829467773,17.428876876831055,778000,16.5869197845459
123.98,-220.99194612,0.7567260712385178,1265,39000,4.614002227783203,7.179085731506348,780000,6.121930122375488
123.69,-221.22792783999998,0.9972298513166606,1265,39100,4.584832191467285,-0.10814476013183594,782000,0.004692145623266697
123.96,-221.22937905999996,0.9933007420040667,1265,39200,4.592168807983398,-0.9196159243583679,784000,0.060761190950870514
123.31,-221.55164097,0.0154380202293396,1265,39300,4.624752998352051,-229.02354431152344,786000,8304.5732421875
123.45,-220.91318486,0.007291674613952637,1266,39400,4.61765193939209,-69.07452392578125,788000,2564.76708984375
123.52,-219.90432091,-0.004875659942626953,1266,39500,4.615302085876465,14.354853630065918,790000,13.47300910949707
123.6,-221.55178126,-7.637886047363281,1266,39600,4.6278886795043945,20.551475524902344,792000,47.704124450683594
123.25,-222.18558996999997,0.02914375066757202,1266,39700,4.622321128845215,-547.1224975585938,794000,18345.529296875
123.05,-222.01097412,0.9169755205512047,1266,39800,4.615830898284912,-9.784643173217773,796000,14.071783065795898
123.43,-221.46900870000002,-3.5393571853637695,1266,39900,4.569629669189453,39.693321228027344,798000,97.6827392578125
123.33,-221.68293096999997,0.9768221322447062,1266,40000,4.56170654296875,-0.24801409244537354,800000,0.025335628539323807
122.86,-223.51227275000002,0.9840219635516405,1266,40100,4.58652925491333,-1.853898525238037,802000,0.19951876997947693
122.97,-224.05798351,0.04114490747451782,1266,40200,4.618247032165527,-430.42156982421875,804000,13274.4091796875
122.85,-225.04857557,0.9988524521468207,1266,40300,4.606155872344971,0.44003310799598694,806000,0.013302152045071125
123.08,-226.22983564999996,0.9954186202958226,1266,40400,4.623157978057861,0.9853550791740417,808000,0.0678563043475151
122.34,-228.41341374,0.998907785047777,1266,40500,4.607998847961426,0.0895361676812172,810000,0.0026328484527766705
121.59,-230.71392703,-0.014434218406677246,1266,40600,4.623992919921875,18.519636154174805,812000,18.264623641967773
120.66,-232.82880866,0.8910603523254395,1266,40700,4.626982688903809,-26.716442108154297,814000,47.61724853515625
119.87,-234.51351153000005,0.008349597454071045,1266,40800,4.6379714012146,-31.29234504699707,816000,1339.490478515625
119.72,-235.30381125999997,0.716306060552597,1266,40900,4.654112339019775,-9.728384971618652,818000,6.350072383880615
118.68,-236.77287314999995,0.9921876299194992,1266,41000,4.654155731201172,-1.8096809387207031,820000,0.197955921292305
118.22,-237.58162818000005,0.2914854884147644,1266,41100,4.657754421234131,-679.12451171875,822000,22002.546875
117.71,-238.47177880000004,0.020787298679351807,1266,41200,4.660024166107178,-102.02275085449219,824000,3812.043701171875
117.54,-239.2605698,0.8885238543152809,1266,41300,4.6450934410095215,-23.887535095214844,826000,58.09943389892578
117.02,-240.30833689000008,0.9989869592245668,1266,41400,4.658411026000977,-0.8917754292488098,828000,0.03771643713116646
116.39,-241.79186904000002,0.027764320373535156,1266,41500,4.677486419677734,-52.90104675292969,830000,2629.8173828125
115.87,-242.60036067000001,0.7915704548358917,1266,41600,4.656301021575928,19.715579986572266,832000,28.88409423828125
115.72,-242.80234532999998,0.9975229257252067,1265,41700,4.645608901977539,-0.7594043016433716,834000,0.029757359996438026
115.88,-242.62905755000003,0.9913816303014755,1265,41800,4.64306116104126,-2.287630558013916,836000,0.2855324149131775
115.87,-242.15246568000003,0.9800812155008316,1266,41900,4.6178364753723145,-1.7870538234710693,838000,0.2447642832994461
115.74,-241.30950984000003,0.8960849195718765,1266,42000,4.603922367095947,10.772699356079102,840000,10.832524299621582
115.94,-240.35304901999996,0.9978182995691895,1265,42100,4.645752906799316,-0.11265631765127182,842000,0.010038924403488636
116.13,-239.70399842000003,0.9539002776145935,1265,42200,4.6465911865234375,1.7364966869354248,844000,0.4342918395996094
116.13,-238.99725413,0.988265604712069,1266,42300,4.65819787979126,-0.669425904750824,846000,0.10391050577163696
116.29,-238.71773735000005,-0.7388201951980591,1266,42400,4.661780834197998,47.70716094970703,848000,114.6947250366211
116.19,-238.10672637,0.12434971332550049,1265,42500,4.658577919006348,-326.8210754394531,850000,10400.515625
116.99,-236.83520183000002,-5.194563388824463,1265,42600,4.655437469482422,73.46676635742188,852000,268.4048767089844
117.03,-236.39658511999997,0.05372422933578491,1265,42700,4.681305408477783,-170.3717803955078,854000,5823.34326171875
117.05,-236.17382410000002,0.8952114582061768,1265,42800,4.703514575958252,-18.476993560791016,856000,26.365070343017578
116.79,-236.74433544,0.9972861625719815,1265,42900,4.684727191925049,-1.6914916038513184,858000,0.13859546184539795
116.64,-236.51153295999995,0.9658801779150963,1264,43000,4.67584753036499,1.671522617340088,860000,0.3875695466995239
116.0,-237.56205665000002,0.9709176234900951,1264,43100,4.659411907196045,2.2544338703155518,862000,1.3849098682403564
115.58,-238.24315124999998,0.9615283347666264,1264,43200,4.655142784118652,3.7324700355529785,864000,0.962313175201416
115.41,-238.14135507999995,0.19728004932403564,1264,43300,4.654195785522461,-354.91693115234375,866000,10808.072265625
115.38,-237.78612878,-0.012493014335632324,1264,43400,4.642788887023926,20.1907958984375,868000,23.261690139770508
115.19,-237.85632506000002,0.9774436037987471,1264,43500,4.625908851623535,-1.9527779817581177,870000,0.30328038334846497
114.87,-237.99227717999997,-0.0018513202667236328,1264,43600,4.63083028793335,7.860568523406982,872000,8.301088333129883
114.73,-238.00500112999998,0.9826900195330381,1264,43700,4.655027389526367,3.196305990219116,874000,0.6210819482803345
114.93,-238.35073868,0.1477716565132141,1265,43800,4.639110565185547,-43.95315933227539,876000,2329.833251953125
114.65,-238.85644182,0.9985946178203449,1264,43900,4.621973991394043,-2.9326651096343994,878000,0.4126972258090973
114.14,-239.20448825000003,0.5069321095943451,1264,44000,4.603728771209717,5.991391181945801,880000,6.642037391662598
114.24,-238.97996098000004,0.9074162170290947,1264,44100,4.603425979614258,-10.565338134765625,882000,5.946624279022217
113.87,-239.55652738,0.9965469976887107,1264,44200,4.603504180908203,-1.366012454032898,884000,0.0967988595366478
113.29,-240.14559971999998,0.9996043424180243,1264,44300,4.615522384643555,0.049584582448005676,886000,0.0026522648986428976
113.42,-239.68043730999997,-2.0376551151275635,1264,44400,4.6384477615356445,19.10431480407715,888000,55.3975944519043
112.81,-240.4828333,0.26525068283081055,1264,44500,4.643843650817871,-264.8721008300781,890000,7386.97265625
112.68,-241.04408248,0.9972618075553328,1264,44600,4.650148868560791,0.4013039171695709,892000,0.02566395327448845
113.19,-240.32846025000003,0.33621883392333984,1264,44700,4.6414055824279785,-68.85908508300781,894000,234.8452606201172
113.6,-239.80174123,0.9958664481528103,1265,44800,4.656848430633545,0.15017591416835785,896000,0.021031692624092102
113.59,-239.44862722999997,0.259114146232605,1265,44900,4.642305850982666,-193.9337158203125,898000,6389.64794921875
113.55,-238.99071050000003,0.9499302171170712,1265,45000,4.693520545959473,5.896214962005615,900000,1.9642289876937866
113.6,-238.67310830999998,0.9959309622645378,1265,45100,4.7407379150390625,-7.0121564865112305,902000,2.1606526374816895
113.28,-238.91441164,0.9901904119178653,1265,45200,4.739500999450684,-0.9271469712257385,904000,0.07726134359836578
112.63,-240.08991212999993,0.9981201207265258,1265,45300,4.718090534210205,-0.09100664407014847,906000,0.017071854323148727
111.93,-241.53786692999998,0.9994341255514883,1265,45400,4.709556579589844,-0.49910375475883484,908000,0.012681027874350548
111.68,-241.97845355000004,0.9107617735862732,1265,45500,4.688785552978516,-6.5376152992248535,910000,5.490347862243652
111.54,-242.43284025,0.8365930318832397,1265,45600,4.672605991363525,-12.525079727172852,912000,15.335665702819824
111.48,-242.76381546999997,0.7516525685787201,1265,45700,4.651512622833252,-7.22743558883667,914000,7.145948886871338
111.48,-242.71391025,0.4389423131942749,1265,45800,4.645417213439941,6.430992126464844,916000,7.045422554016113
111.33,-242.70947030000002,0.9868535781279206,1265,45900,4.6463398933410645,0.052246157079935074,918000,0.18009015917778015
111.54,-242.28920118000002,-1.5736725330352783,1265,46000,4.595056533813477,-2.4370577335357666,920000,47.588802337646484
111.71,-241.86290006,0.9780246261507273,1264,46100,4.596133708953857,-0.7769084572792053,922000,0.24597716331481934
111.95,-241.34656878,0.996913697803393,1264,46200,4.5840911865234375,0.012620240449905396,924000,0.01812589168548584
111.93,-240.97523902,0.9990837527438998,1264,46300,4.59342622756958,-0.015762541443109512,926000,0.0051500070840120316
111.97,-240.43331634999998,0.994968612678349,1264,46400,4.553872108459473,0.8344416618347168,928000,0.0705924779176712
111.93,-239.69013403,0.9971185040194541,1264,46500,4.560006618499756,-1.2037582397460938,930000,0.07670494168996811
111.51,-240.32369678000003,0.9955510799773037,1264,46600,4.562896251678467,0.5369440317153931,932000,0.04297605901956558
111.34,-240.51152235,0.12416321039199829,1264,46700,4.588859558105469,8.092510223388672,934000,6.4003777503967285
111.21,-240.89671006999998,-2.4712963104248047,1264,46800,4.586719036102295,16.866369247436523,936000,20.84013557434082
111.26,-241.06485856,0.6897439956665039,1264,46900,4.592915058135986,-2.3797719478607178,938000,2.6006669998168945
111.14,-241.15339927999997,0.994650433305651,1264,47000,4.612260818481445,-2.963059425354004,940000,0.42256250977516174
110.74,-242.05570813999998,0.9582983255386353,1263,47100,4.609888076782227,4.117570877075195,942000,1.4850420951843262
110.21,-242.98699116999995,0.4298431873321533,1263,47200,4.629027366638184,-150.09210205078125,944000,4247.59521484375
110.19,-243.14849168,-2.6499786376953125,1263,47300,4.64528751373291,25.793899536132812,946000,51.35969924926758
110.02,-243.31024671,-0.0058792829513549805,1263,47400,4.636933326721191,19.441946029663086,948000,24.368215560913086
110.39,-242.65858713999998,-0.16819500923156738,1263,47500,4.6328558921813965,20.50899314880371,950000,26.10186767578125
110.43,-242.33291096999997,0.8283935785293579,1263,47600,4.617609977722168,1.3282886743545532,952000,1.0078113079071045
110.35,-242.34203361,0.9950769348070025,1263,47700,4.614446640014648,0.21900855004787445,954000,0.055410005152225494
109.93,-242.9521659,0.43429213762283325,1263,47800,4.597522258758545,-106.30620574951172,956000,3574.513671875
109.58,-243.79463033000005,0.9973277831450105,1264,47900,4.601543426513672,-0.3819141387939453,958000,0.029847070574760437
109.32,-244.32623605,0.9366276860237122,1264,48000,4.584567070007324,4.916929244995117,960000,2.2680039405822754
109.14,-244.58520266000002,0.38917362689971924,1264,48100,4.600342273712158,-109.30426788330078,962000,3814.02392578125
109.16,-244.70887995999993,-0.03237879276275635,1264,48200,4.598297595977783,-4.6038713455200195,964000,8.225875854492188
109.26,-244.61569343000008,0.993446328677237,1264,48300,4.590831756591797,-3.0652897357940674,966000,0.5714995861053467
109.1,-244.80572425000003,0.46962785720825195,1264,48400,4.599128723144531,-301.4852600097656,968000,7638.17041015625
109.18,-244.00798433,0.992319589946419,1264,48500,4.613049507141113,-1.2072182893753052,970000,0.13253401219844818
108.71,-244.66888333999998,0.5357389748096466,1264,48600,4.605412006378174,-116.84630584716797,972000,3389.674560546875
108.51,-244.94618088,0.9939570184797049,1264,48700,4.61869478225708,-1.6134923696517944,974000,0.16639652848243713
108.79,-244.36045261999996,0.9916793704032898,1264,48800,4.62755012512207,-0.030831126496195793,976000,0.08942018449306488
108.88,-244.33274626999994,-0.24038612842559814,1264,48900,4.624357223510742,-524.9415893554688,978000,14364.783203125
108.77,-244.68670219,0.2623974084854126,1264,49000,4.631608486175537,44.86708450317383,980000,177.48269653320312
108.87,-244.55315215,0.5529175996780396,1264,49100,4.606657981872559,-123.98091888427734,982000,703.90478515625
109.0,-244.50570744999996,0.28289908170700073,1264,49200,4.593620777130127,0.020127195864915848,984000,1001.9755859375
109.0,-244.85706879999998,0.9958080812357366,1264,49300,4.611195087432861,-2.0623679161071777,986000,0.23809289932250977
108.89,-244.75951733000002,0.9339644759893417,1264,49400,4.627419471740723,-9.188716888427734,988000,5.573200225830078
108.84,-244.45081520999997,-1.0095787048339844,1264,49500,4.637476921081543,-16.65751075744629,990000,22.509769439697266
108.89,-244.07998367000005,0.9887846950441599,1264,49600,4.633707046508789,-1.3219215869903564,992000,0.23660632967948914
109.25,-243.20456957000002,0.8681776523590088,1264,49700,4.634730339050293,-5.087955474853516,994000,3.890150547027588
109.17,-242.61547949000004,-3.6143999099731445,1264,49800,4.625698566436768,26.730693817138672,996000,60.906883239746094
109.08,-242.86852792999997,0.9802926518023014,1264,49900,4.635193824768066,0.21479377150535583,998000,0.2526133358478546
109.13,-242.77607855000002,0.9079843088984489,1264,50000,4.634214878082275,-12.751704216003418,1000000,10.351011276245117
