# {"t_start": 1563718172.3094146, "env_id": "SignalizedEco-v0"} 
r,l,t
-693.621194,121,0.812383
-692.627734,122,1.009142
-150.1,1001,2.79197
-150.1,1001,4.618773
-150.1,1001,6.394711
-150.1,1001,8.215174
-150.1,1001,9.992445
-693.910318,121,10.203285
-150.1,1001,12.084211
-150.1,1001,13.881675
-150.1,1001,15.774595
-150.1,1001,17.568438
-150.1,1001,19.432947
-150.1,1001,21.247586
-150.1,1001,23.065274
-611.434882,159,23.395782
-150.1,1001,25.345932
-150.1,1001,27.061294
-150.1,1001,28.872593
-150.1,1001,30.810239
-150.1,1001,32.732403
-150.1,1001,34.667165
-150.1,1001,36.586734
-150.1,1001,38.535824
-150.1,1001,40.432975
-150.1,1001,42.396978
-690.967978,124,42.604591
-150.1,1001,44.529965
-150.1,1001,46.546448
-150.1,1001,48.485006
-150.1,1001,50.440265
-150.1,1001,52.352819
-150.1,1001,54.281729
-150.1,1001,56.258087
-150.1,1001,58.149543
-150.1,1001,59.863763
-150.1,1001,61.749182
-150.1,1001,63.71018
-150.1,1001,65.568512
-404.401079,1001,67.437831
-150.1,1001,69.373872
-691.752271,123,69.698879
-150.1,1001,71.574753
-150.1,1001,73.573476
-150.1,1001,75.444676
-689.916595,125,75.677026
-150.1,1001,77.573396
-150.1,1001,79.426839
-150.1,1001,81.468186
-681.155667,128,81.687539
-689.990005,125,81.906178
-150.1,1001,83.913226
-692.113147,122,84.227268
-150.1,1001,86.096749
-692.072345,122,86.300945
-150.1,1001,88.219501
-150.1,1001,90.111231
-150.1,1001,92.075414
-150.1,1001,93.934502
-691.732059,122,94.137961
-150.1,1001,96.070888
-150.1,1001,97.975725
-254.727888,869,99.779324
-150.1,1001,101.64804
-150.1,1001,103.599346
-688.345163,126,103.815056
-150.1,1001,105.704636
-150.1,1001,107.656591
-150.1,1001,109.451465
-150.1,1001,111.376772
-150.1,1001,113.206601
-150.1,1001,115.091923
-150.1,1001,117.055984
-692.102536,123,117.270755
-691.22811,124,117.61752
-150.1,1001,119.629642
-150.1,1001,121.569472
-686.995129,128,121.776762
-692.275677,123,122.094159
-690.507825,123,122.300403
-150.1,1001,124.217798
-150.1,1001,126.246497
-150.1,1001,128.15193
-690.244772,124,128.478278
-688.527368,126,128.687869
-150.1,1001,130.736054
-692.091724,122,130.93924
-150.1,1001,132.87349
-150.1,1001,134.883048
-585.370105,177,135.247078
-150.1,1001,137.231476
-690.808676,124,137.449157
-689.671088,124,137.667618
-150.1,1001,139.781976
-150.1,1001,141.706109
-150.1,1001,143.733222
-150.1,1001,145.569546
-253.15948,900,147.337233
-150.1,1001,149.27881
-150.1,1001,151.49221
-150.1,1001,153.419558
-150.1,1001,155.363182
-150.1,1001,157.365855
-150.1,1001,159.382392
-150.1,1001,161.287531
-150.1,1001,163.25419
-150.1,1001,165.125605
-243.907124,773,166.602787
-150.1,1001,168.486516
-356.595996,1001,170.506183
-357.581746,1001,172.31864
-150.1,1001,174.37068
-150.1,1001,176.174666
-150.1,1001,178.168942
-150.1,1001,180.000104
-150.1,1001,182.030572
-150.1,1001,183.984081
-150.1,1001,185.929091
-150.1,1001,187.774823
-150.1,1001,189.943796
-150.1,1001,191.714208
-150.1,1001,193.706722
-150.1,1001,195.527304
-150.1,1001,197.52963
-356.57071,1001,199.354717
-150.1,1001,201.528503
-150.1,1001,203.346716
-229.494069,602,204.729783
-150.1,1001,206.557168
-150.1,1001,208.578954
-150.1,1001,210.458563
-150.1,1001,212.544453
-150.1,1001,214.423592
-150.1,1001,216.492154
-150.1,1001,218.323379
-150.1,1001,220.381701
-150.1,1001,222.306837
-486.630532,473,223.121986
-150.1,1001,225.165581
-150.1,1001,226.991282
-150.1,1001,229.021028
-150.1,1001,230.852447
-150.1,1001,232.893505
-150.1,1001,234.717508
-473.201383,527,236.008221
-150.1,1001,237.861426
-150.1,1001,239.942843
-357.130142,1001,241.807059
-357.284553,1001,243.853037
-150.1,1001,245.666092
-150.1,1001,247.736186
-150.1,1001,249.731739
-150.1,1001,251.810006
-150.1,1001,253.627321
-150.1,1001,255.7054
-150.1,1001,257.655262
-150.1,1001,259.826577
-150.1,1001,261.770836
-150.1,1001,263.926931
-150.1,1001,265.746028
-150.1,1001,267.901874
-150.1,1001,269.694695
-150.1,1001,271.841777
-150.1,1001,273.658888
-150.1,1001,275.605886
-150.1,1001,277.47249
-150.1,1001,279.585211
-150.1,1001,281.425757
-150.1,1001,283.494282
-150.1,1001,285.310302
-150.1,1001,287.523833
-150.1,1001,289.429317
-150.1,1001,291.577939
-150.1,1001,293.407146
-150.1,1001,295.527339
-356.614718,1001,297.458053
-150.1,1001,299.545988
-150.1,1001,301.475016
-150.1,1001,303.610066
-150.1,1001,305.477688
-150.1,1001,307.636653
-357.962988,1001,309.617062
-150.1,1001,311.858532
-150.1,1001,313.716169
-150.1,1001,315.90274
-357.105576,1001,317.705007
-150.1,1001,319.81095
-150.1,1001,321.672025
-150.1,1001,323.777717
-150.1,1001,325.540542
-150.1,1001,327.72516
-150.1,1001,329.510789
-150.1,1001,331.660381
-150.1,1001,333.484388
-150.1,1001,335.595275
-150.1,1001,337.480404
-150.1,1001,339.680754
-150.1,1001,341.589437
-150.1,1001,343.753384
-150.1,1001,345.571691
-150.1,1001,347.712802
-150.1,1001,349.541962
-150.1,1001,351.678827
-150.1,1001,353.493137
-150.1,1001,355.662779
-150.1,1001,357.479939
-150.1,1001,359.613972
-150.1,1001,361.474801
-150.1,1001,363.646827
-150.1,1001,365.207513
-150.1,1001,367.339716
-150.1,1001,369.171436
-150.1,1001,371.320152
-150.1,1001,373.406727
-150.1,1001,375.642451
-150.1,1001,377.469482
-150.1,1001,379.64593
-150.1,1001,381.4591
-264.867269,994,383.634663
-150.1,1001,385.46587
-150.1,1001,387.666177
-150.1,1001,389.608173
-150.1,1001,391.8544
-150.1,1001,393.621838
-150.1,1001,395.643329
-251.829551,826,397.306256
-150.1,1001,399.594552
-150.1,1001,401.408597
-150.1,1001,403.71145
-150.1,1001,405.439207
-150.1,1001,407.681687
-150.1,1001,409.493492
-150.1,1001,411.701028
-150.1,1001,413.572006
-150.1,1001,415.579486
-150.1,1001,417.374132
-150.1,1001,419.539236
-150.1,1001,421.337603
-150.1,1001,423.649668
-150.1,1001,425.598249
-356.272499,1001,427.976562
-150.1,1001,429.924807
-150.1,1001,432.252489
-150.1,1001,434.215098
-150.1,1001,436.537508
-150.1,1001,438.334102
-150.1,1001,440.552171
-150.1,1001,442.363326
-150.1,1001,444.598172
-266.433424,1000,446.40568
-150.1,1001,448.650862
-150.1,1001,450.481847
-150.1,1001,452.53196
-150.1,1001,454.155496
-150.1,1001,456.455767
-150.1,1001,458.259066
-601.895517,171,458.597306
-241.772536,743,460.365362
-150.1,1001,462.015128
-150.1,1001,464.281777
-150.1,1001,466.102304
-150.1,1001,468.356905
-150.1,1001,470.345633
-256.497213,882,472.394179
-243.825563,747,473.712901
-358.128705,1001,475.502168
-150.1,1001,477.727895
-150.1,1001,479.570336
-150.1,1001,481.965433
-150.1,1001,483.626143
-357.452331,1001,485.858897
-150.1,1001,487.69328
-150.1,1001,490.048376
-150.1,1001,491.85975
-150.1,1001,494.116448
-150.1,1001,496.007207
-150.1,1001,498.404578
-150.1,1001,500.369389
-150.1,1001,502.658134
-247.073555,795,504.176951
-356.886986,1001,506.53709
-356.816154,1001,508.493234
-150.1,1001,510.84853
-150.1,1001,512.758399
-150.1,1001,515.130561
-150.1,1001,517.080389
-150.1,1001,519.481993
-150.1,1001,521.392806
-150.1,1001,523.755288
-686.01633,127,523.968127
-150.1,1001,525.906781
-357.974266,1001,528.332397
-356.92477,1001,530.291418
-150.1,1001,532.683584
-150.1,1001,534.631003
-150.1,1001,537.100501
-150.1,1001,539.084741
-356.437158,1001,541.458141
-150.1,1001,543.36567
-355.944123,1001,545.821145
-150.1,1001,547.837393
-358.417773,1001,550.272783
-150.1,1001,552.216041
-150.1,1001,554.681045
-150.1,1001,556.638328
-150.1,1001,559.080353
-150.1,1001,561.015101
-150.1,1001,563.423405
-150.1,1001,565.384115
-150.1,1001,567.820999
-150.1,1001,569.751633
-150.1,1001,572.178778
-150.1,1001,574.113818
-150.1,1001,576.599486
-357.427336,1001,578.621995
-356.427745,1001,581.068994
-150.1,1001,583.019076
-357.460735,1001,585.459721
-235.928672,678,586.809548
-150.1,1001,589.272405
-150.1,1001,591.206247
-150.1,1001,593.655073
-150.1,1001,595.599577
-357.603053,1001,598.085034
-150.1,1001,600.080704
-150.1,1001,602.631428
-150.1,1001,604.540434
-358.250981,1001,606.970104
-150.1,1001,609.034822
-570.325714,185,609.422276
-150.1,1001,611.896433
-150.1,1001,613.834325
-150.1,1001,616.331807
-150.1,1001,618.350905
-150.1,1001,620.831091
-150.1,1001,622.561732
-150.1,1001,624.94698
-150.1,1001,626.941751
-150.1,1001,629.488649
-150.1,1001,631.456068
-150.1,1001,633.961341
-150.1,1001,635.897873
-150.1,1001,638.417984
-150.1,1001,640.373468
-150.1,1001,642.907586
-150.1,1001,644.873788
-150.1,1001,647.356871
-150.1,1001,649.304165
-620.460602,160,649.664438
-150.1,1001,652.184896
-150.1,1001,654.117048
-356.359583,1001,656.618761
-150.1,1001,658.571185
-150.1,1001,661.082011
-150.1,1001,663.054478
-150.1,1001,665.558562
-150.1,1001,667.506423
-150.1,1001,670.050396
-150.1,1001,671.981369
-150.1,1001,674.515471
-150.1,1001,676.458526
-150.1,1001,678.993518
-150.1,1001,680.930403
-357.714069,1001,683.467188
-150.1,1001,685.411565
-150.1,1001,687.938292
-150.1,1001,689.894406
-150.1,1001,692.415426
-358.257331,1001,694.371137
-150.1,1001,696.904763
-150.1,1001,698.888295
-358.071252,1001,701.438588
-355.869106,1001,703.374593
-150.1,1001,705.968958
-150.1,1001,707.936178
-45.4,954,710.313393
-150.1,1001,712.227371
-150.1,1001,714.754578
-150.1,1001,716.678421
-150.1,1001,719.324524
-150.1,1001,721.240537
-150.1,1001,723.784316
-150.1,1001,725.702197
-150.1,1001,728.322278
-150.1,1001,730.302946
-150.1,1001,732.7654
-150.1,1001,734.549616
-150.1,1001,737.12455
-150.1,1001,739.05482
-150.1,1001,741.625443
-150.1,1001,743.530252
-150.1,1001,746.072956
-150.1,1001,748.053576
-150.1,1001,750.635907
-150.1,1001,752.544457
-150.1,1001,755.117035
-150.1,1001,757.036227
-150.1,1001,759.37299
-150.1,1001,761.184431
-356.336622,1001,763.636207
-150.1,1001,765.466526
-150.1,1001,767.91232
-150.1,1001,769.80094
-150.1,1001,772.263251
-150.1,1001,774.074189
-150.1,1001,776.56575
-150.1,1001,778.424941
-150.1,1001,780.961789
-150.1,1001,782.856812
-150.1,1001,785.348634
-150.1,1001,787.018072
-150.1,1001,789.559637
-150.1,1001,791.416986
-150.1,1001,793.90785
-252.673562,878,795.554989
-150.1,1001,798.056383
-150.1,1001,799.920167
-150.1,1001,802.41552
-150.1,1001,804.223261
-150.1,1001,806.750274
-233.976447,649,807.893658
-150.1,1001,810.382981
-150.1,1001,812.224803
-150.1,1001,814.688286
-150.1,1001,816.490728
-150.1,1001,818.979781
-357.151442,1001,820.802377
-150.1,1001,823.393986
-150.1,1001,825.220278
-150.1,1001,827.79029
-150.1,1001,829.611873
-150.1,1001,832.124804
-150.1,1001,833.924393
-150.1,1001,836.425349
-150.1,1001,838.232374
-150.1,1001,840.7923
-150.1,1001,842.782655
-150.1,1001,845.329224
-150.1,1001,847.163517
-150.1,1001,849.803606
-150.1,1001,851.634411
-150.1,1001,854.037996
-150.1,1001,855.762449
-150.1,1001,858.343454
-150.1,1001,860.163111
-150.1,1001,862.84478
-225.843601,570,864.003434
-691.851672,122,864.213396
-150.1,1001,866.849903
-150.1,1001,868.654743
-150.1,1001,871.192462
-150.1,1001,873.122921
-150.1,1001,875.719347
-150.1,1001,877.612831
-150.1,1001,880.209507
-150.1,1001,882.104776
-805.570605,222,882.534993
-150.1,1001,885.032618
-150.1,1001,886.842741
-150.1,1001,889.295488
-150.1,1001,891.15966
-150.1,1001,893.834151
-150.1,1001,895.742048
-150.1,1001,898.317125
-687.568112,128,898.518106
-265.082891,986,900.245885
-150.1,1001,902.783667
-357.449103,1001,904.6147
-150.1,1001,907.248941
-150.1,1001,909.227874
-150.1,1001,911.900032
-150.1,1001,913.73307
-150.1,1001,916.277542
-150.1,1001,918.130647
-150.1,1001,920.681351
-150.1,1001,922.306106
-150.1,1001,924.779193
-150.1,1001,926.602196
-150.1,1001,929.183204
-150.1,1001,930.986015
-150.1,1001,933.55837
-150.1,1001,935.358713
-150.1,1001,937.984487
-150.1,1001,939.808637
-150.1,1001,942.40699
-150.1,1001,944.274252
-150.1,1001,946.883921
-357.234842,1001,948.689918
-150.1,1001,951.15647
-150.1,1001,952.93626
-150.1,1001,955.534136
-150.1,1001,957.433193
-150.1,1001,959.990803
-150.1,1001,961.883599
-150.1,1001,964.503264
-150.1,1001,966.319165
-150.1,1001,968.954879
-150.1,1001,970.761452
-150.1,1001,973.385334
-150.1,1001,975.282464
-356.758656,1001,977.955612
-150.1,1001,979.93752
-150.1,1001,982.726725
-150.1,1001,984.624049
-150.1,1001,987.35677
-150.1,1001,989.270413
-150.1,1001,991.988725
-150.1,1001,993.663437
-150.1,1001,996.324314
-150.1,1001,998.294697
-150.1,1001,1000.943959
-150.1,1001,1002.770598
-247.287873,789,1005.038611
-605.764325,163,1005.401213
-688.663263,126,1005.59825
-150.1,1001,1007.401979
-150.1,1001,1010.056604
-150.1,1001,1011.912534
-150.1,1001,1014.569595
-150.1,1001,1016.384975
-150.1,1001,1019.040292
-150.1,1001,1020.789607
-150.1,1001,1023.520722
-150.1,1001,1025.337119
-150.1,1001,1028.0735
-150.1,1001,1029.89595
-150.1,1001,1032.631021
-150.1,1001,1034.448883
-150.1,1001,1037.170622
-578.830887,185,1037.561833
-150.1,1001,1039.507253
-150.1,1001,1042.189006
-357.38237,1001,1044.113433
-150.1,1001,1046.811314
-150.1,1001,1048.628448
-150.1,1001,1051.31101
-150.1,1001,1053.277334
-150.1,1001,1055.991661
-150.1,1001,1057.800592
-150.1,1001,1060.487728
-150.1,1001,1062.303585
-150.1,1001,1065.085044
-150.1,1001,1066.917106
-150.1,1001,1069.776756
-604.640895,162,1070.144905
-150.1,1001,1072.079332
-150.1,1001,1074.871733
-150.1,1001,1076.754598
-150.1,1001,1079.531405
-231.989075,458,1080.288241
-355.849517,1001,1082.996475
-150.1,1001,1084.824044
-150.1,1001,1087.526332
-150.1,1001,1089.344605
-150.1,1001,1092.176072
-150.1,1001,1094.016958
-150.1,1001,1096.723723
-150.1,1001,1098.533172
-150.1,1001,1101.378706
-150.1,1001,1103.223994
-150.1,1001,1105.953654
-150.1,1001,1107.86355
-150.1,1001,1110.706422
-356.832154,1001,1112.641887
-150.1,1001,1115.398521
-150.1,1001,1117.238647
-150.1,1001,1120.119065
-150.1,1001,1122.057371
-150.1,1001,1124.915394
-150.1,1001,1126.86019
-150.1,1001,1129.726182
-150.1,1001,1131.673973
-150.1,1001,1134.553027
-150.1,1001,1136.479435
-150.1,1001,1139.335292
-150.1,1001,1141.251949
-150.1,1001,1144.122492
-150.1,1001,1146.027786
-150.1,1001,1148.887883
-150.1,1001,1150.791994
-356.636547,1001,1153.640656
-150.1,1001,1155.542633
-150.1,1001,1158.431341
-150.1,1001,1160.370422
-150.1,1001,1163.282981
-150.1,1001,1165.302439
-150.1,1001,1168.239423
-150.1,1001,1170.151559
-150.1,1001,1173.019475
-150.1,1001,1174.82897
-150.1,1001,1177.662712
-150.1,1001,1179.574744
-150.1,1001,1182.451782
-150.1,1001,1184.372769
-150.1,1001,1187.294836
-150.1,1001,1189.21628
-150.1,1001,1192.115875
-150.1,1001,1194.041442
-150.1,1001,1196.955501
-150.1,1001,1198.87138
-150.1,1001,1201.785384
-150.1,1001,1203.717233
-150.1,1001,1206.612601
-150.1,1001,1208.527276
-150.1,1001,1211.435423
-648.588086,148,1211.662946
-150.1,1001,1213.583072
-150.1,1001,1216.593916
-150.1,1001,1218.500681
-150.1,1001,1221.404265
-150.1,1001,1223.327066
-150.1,1001,1226.237322
-356.497232,1001,1228.151309
-150.1,1001,1231.065168
-150.1,1001,1232.991508
-150.1,1001,1235.766768
-150.1,1001,1237.577331
-150.1,1001,1240.41304
-150.1,1001,1242.31015
-150.1,1001,1245.087356
-150.1,1001,1246.902016
-150.1,1001,1249.735523
-150.1,1001,1251.558104
-150.1,1001,1254.304285
-150.1,1001,1255.927293
-150.1,1001,1258.715153
-150.1,1001,1260.678416
-150.1,1001,1263.531948
-150.1,1001,1265.408625
-150.1,1001,1268.044098
-150.1,1001,1269.808594
-150.1,1001,1272.541389
-150.1,1001,1274.498123
-150.1,1001,1277.374588
-150.1,1001,1279.189841
-150.1,1001,1281.9293
-150.1,1001,1283.581268
-150.1,1001,1286.506062
-150.1,1001,1288.135283
-150.1,1001,1290.798904
-150.1,1001,1292.556598
-150.1,1001,1295.422045
-150.1,1001,1297.228304
-150.1,1001,1300.156627
-150.1,1001,1301.966728
-150.1,1001,1304.960716
-150.1,1001,1306.962635
-150.1,1001,1309.692589
-357.87737,1001,1311.515275
-150.1,1001,1314.454669
-150.1,1001,1316.258254
-150.1,1001,1319.181888
-150.1,1001,1321.055308
-150.1,1001,1324.025481
-150.1,1001,1325.999494
-150.1,1001,1328.928482
-150.1,1001,1330.725862
-150.1,1001,1333.605032
-150.1,1001,1335.389658
-150.1,1001,1338.282928
-150.1,1001,1340.1728
-358.028477,1001,1343.066682
-150.1,1001,1344.877208
-150.1,1001,1347.773116
-265.828363,995,1349.58629
-150.1,1001,1352.623556
-150.1,1001,1354.431351
-150.1,1001,1357.33081
-150.1,1001,1359.153354
-150.1,1001,1362.093517
-150.1,1001,1363.946223
-150.1,1001,1366.871966
-150.1,1001,1368.694284
-150.1,1001,1371.66081
-150.1,1001,1373.501901
-150.1,1001,1376.426762
-150.1,1001,1378.294188
-150.1,1001,1381.39201
-150.1,1001,1383.157275
-150.1,1001,1386.089942
-150.1,1001,1387.911172
-689.896179,125,1388.110999
-357.702298,1001,1391.042723
-150.1,1001,1392.866942
-690.70835,124,1393.201868
-150.1,1001,1396.134172
-150.1,1001,1398.041394
-150.1,1001,1401.087835
-150.1,1001,1402.909785
-150.1,1001,1405.851957
-150.1,1001,1407.708784
-150.1,1001,1410.64864
-150.1,1001,1412.492075
-150.1,1001,1415.520898
-150.1,1001,1417.3463
-150.1,1001,1420.296153
-150.1,1001,1422.142174
-150.1,1001,1425.140122
-690.939917,124,1425.337577
-150.1,1001,1428.279196
-150.1,1001,1429.991343
-691.097906,124,1430.170972
-691.954059,122,1430.466073
-690.518491,123,1430.653039
-150.1,1001,1433.490711
-150.1,1001,1435.320192
-150.1,1001,1438.234865
-150.1,1001,1440.189056
-690.610333,123,1440.409127
-150.1,1001,1443.549073
-150.1,1001,1445.370901
-150.1,1001,1448.37456
-150.1,1001,1450.193687
-691.498639,123,1450.373112
-150.1,1001,1453.161043
-150.1,1001,1454.663049
-357.871777,1001,1457.596316
-150.1,1001,1459.392038
-692.881906,121,1459.711689
-150.1,1001,1462.691422
-150.1,1001,1464.510492
-150.1,1001,1467.46941
-150.1,1001,1469.276166
-689.949921,125,1469.483007
-150.1,1001,1472.335471
-150.1,1001,1473.948341
-150.1,1001,1476.934488
-150.1,1001,1478.747409
-578.187869,187,1480.333112
-689.119324,125,1480.530674
-693.313898,121,1480.726746
-150.1,1001,1482.606153
-150.1,1001,1485.688678
-150.1,1001,1487.65882
-150.1,1001,1490.819459
-150.1,1001,1492.757228
-150.1,1001,1495.787547
-150.1,1001,1497.63818
-690.126746,124,1497.9477
-150.1,1001,1500.917737
-150.1,1001,1502.704286
-150.1,1001,1505.881692
-150.1,1001,1507.858518
-688.957117,126,1508.071168
-150.1,1001,1511.268649
-150.1,1001,1513.212166
-150.1,1001,1516.288701
-691.81387,123,1516.493752
-150.1,1001,1518.372206
-150.1,1001,1521.445576
-150.1,1001,1523.259538
-689.153635,126,1523.459404
-150.1,1001,1526.55195
-692.914661,122,1526.864584
-150.1,1001,1529.954231
-150.1,1001,1531.80713
-150.1,1001,1535.019346
-689.909348,125,1535.235022
-150.1,1001,1537.184292
-150.1,1001,1540.403262
-150.1,1001,1542.21998
-150.1,1001,1545.272655
-150.1,1001,1547.245146
-150.1,1001,1550.365115
-150.1,1001,1552.221652
-150.1,1001,1555.293902
-150.1,1001,1557.145966
-150.1,1001,1560.192811
-692.083652,122,1560.369833
-150.1,1001,1562.297706
-694.321793,120,1562.509515
-694.393723,120,1562.873677
-150.1,1001,1565.960086
-150.1,1001,1567.860134
-688.023044,127,1568.04014
-150.1,1001,1571.060218
-691.725574,122,1571.237762
-150.1,1001,1573.007169
-150.1,1001,1576.0789
-150.1,1001,1578.047994
-150.1,1001,1581.066425
-691.252438,123,1581.269819
-150.1,1001,1583.254258
-669.059402,140,1584.86472
-693.992096,120,1585.075452
-150.1,1001,1586.902987
-150.1,1001,1590.008807
-692.124927,122,1590.203477
-150.1,1001,1592.015612
-150.1,1001,1595.166637
-150.1,1001,1597.034222
-150.1,1001,1600.15626
-150.1,1001,1601.957726
-150.1,1001,1605.035985
-150.1,1001,1606.928641
-150.1,1001,1610.127966
-150.1,1001,1611.936089
-150.1,1001,1615.029048
-150.1,1001,1616.855429
-150.1,1001,1619.924039
-150.1,1001,1621.738445
-150.1,1001,1624.840115
-150.1,1001,1626.658717
-150.1,1001,1629.849365
-690.881857,124,1630.191036
-150.1,1001,1632.103458
-150.1,1001,1635.257318
-150.1,1001,1637.031446
-150.1,1001,1640.079807
-690.456061,124,1640.293659
-150.1,1001,1642.01696
-150.1,1001,1645.251343
-150.1,1001,1647.2086
-150.1,1001,1650.359318
-357.932346,1001,1652.262017
-150.1,1001,1655.390447
-689.093103,126,1655.588476
-150.1,1001,1657.439049
-150.1,1001,1660.490979
-150.1,1001,1662.099196
-150.1,1001,1665.225627
-150.1,1001,1667.111429
-150.1,1001,1670.26503
-150.1,1001,1671.935689
-150.1,1001,1675.097778
-150.1,1001,1676.933168
-150.1,1001,1680.190818
-150.1,1001,1682.177992
-150.1,1001,1685.369053
-150.1,1001,1687.175808
-150.1,1001,1690.310357
-150.1,1001,1692.175402
-150.1,1001,1695.319131
-150.1,1001,1697.179871
-150.1,1001,1700.384099
-150.1,1001,1702.288762
-150.1,1001,1705.50672
-150.1,1001,1707.41096
-150.1,1001,1710.599718
-150.1,1001,1712.470952
-150.1,1001,1715.694561
-258.884035,911,1717.46874
-150.1,1001,1720.641621
-150.1,1001,1722.590803
-150.1,1001,1725.545435
-150.1,1001,1727.331306
-150.1,1001,1730.504789
-150.1,1001,1732.30231
-150.1,1001,1735.478401
-150.1,1001,1737.464461
-150.1,1001,1740.703101
-150.1,1001,1742.663816
-150.1,1001,1745.966938
-150.1,1001,1747.880918
-150.1,1001,1751.205091
-150.1,1001,1753.044703
-150.1,1001,1756.259254
-150.1,1001,1758.076837
-150.1,1001,1761.316139
-150.1,1001,1763.220101
-150.1,1001,1766.575956
-150.1,1001,1768.397437
-150.1,1001,1771.594993
-150.1,1001,1773.426142
-150.1,1001,1776.672442
-150.1,1001,1778.520511
-150.1,1001,1781.775981
-150.1,1001,1783.68062
-150.1,1001,1787.059327
-150.1,1001,1788.936506
-150.1,1001,1792.171489
-358.042198,1001,1793.985884
-150.1,1001,1797.260673
-689.912811,125,1797.491732
-150.1,1001,1799.462031
-150.1,1001,1802.807902
-653.11234,148,1803.157986
-150.1,1001,1805.104995
-150.1,1001,1808.462282
-150.1,1001,1810.402033
-150.1,1001,1813.77452
-690.548956,124,1813.985934
-150.1,1001,1817.344692
-150.1,1001,1819.343006
-150.1,1001,1822.822947
-150.1,1001,1824.766949
-150.1,1001,1828.157078
-150.1,1001,1830.116908
-150.1,1001,1833.531741
-150.1,1001,1835.496374
-150.1,1001,1838.875165
-150.1,1001,1840.841729
-150.1,1001,1844.269987
-150.1,1001,1846.249533
-150.1,1001,1849.700202
-150.1,1001,1851.674975
-150.1,1001,1855.10551
-265.395449,990,1857.091609
-150.1,1001,1860.551699
-150.1,1001,1862.548528
-150.1,1001,1865.979606
-260.568444,918,1867.710844
-150.1,1001,1869.689427
-150.1,1001,1873.061806
-150.1,1001,1874.995624
-150.1,1001,1878.381573
-150.1,1001,1880.333906
-150.1,1001,1883.726605
-150.1,1001,1885.654145
-356.671248,1001,1889.064591
-601.741901,162,1889.425092
-150.1,1001,1892.838717
-150.1,1001,1894.858084
-45.7,957,1898.182839
-150.1,1001,1900.268726
-150.1,1001,1903.695288
-150.1,1001,1905.652362
-150.1,1001,1909.201461
-150.1,1001,1911.18555
-150.1,1001,1914.627257
-150.1,1001,1916.578256
-150.1,1001,1919.998401
-150.1,1001,1921.939827
-150.1,1001,1925.369825
-150.1,1001,1927.334189
-150.1,1001,1930.778233
-150.1,1001,1932.73875
-150.1,1001,1936.164912
-150.1,1001,1938.126945
-150.1,1001,1941.559217
-150.1,1001,1943.520642
-150.1,1001,1946.955869
-150.1,1001,1948.955589
-150.1,1001,1952.461259
-150.1,1001,1954.39718
-150.1,1001,1957.920539
-150.1,1001,1959.90448
-150.1,1001,1963.373491
-150.1,1001,1965.327412
-150.1,1001,1968.75957
-150.1,1001,1970.714173
-150.1,1001,1974.189312
-150.1,1001,1976.209468
-150.1,1001,1979.462166
-150.1,1001,1981.287213
-150.1,1001,1984.676632
-150.1,1001,1986.513555
-150.1,1001,1989.890471
-356.524722,1001,1991.718721
-150.1,1001,1995.18877
-150.1,1001,1997.167795
-150.1,1001,2000.732998
-150.1,1001,2002.671053
-150.1,1001,2006.169032
-150.1,1001,2008.129941
-150.1,1001,2011.638285
-150.1,1001,2013.5969
-150.1,1001,2017.021302
-150.1,1001,2018.862068
-150.1,1001,2022.219719
-150.1,1001,2023.879166
-150.1,1001,2027.300929
-150.1,1001,2029.18257
-150.1,1001,2032.575159
-150.1,1001,2034.50832
-150.1,1001,2038.027099
-356.648232,1001,2039.96766
-357.680624,1001,2043.49225
-685.833331,127,2043.70411
-150.1,1001,2045.656009
-688.174014,127,2045.978887
-150.1,1001,2049.491242
-690.792661,123,2049.690866
-150.1,1001,2051.516884
-691.451627,123,2051.714073
-150.1,1001,2055.130824
-150.1,1001,2056.980213
-258.058136,924,2060.28672
-150.1,1001,2062.270684
-150.1,1001,2065.648816
-150.1,1001,2067.467333
-150.1,1001,2070.95373
-150.1,1001,2072.780109
-150.1,1001,2076.395082
-688.208917,126,2076.73091
-690.063889,125,2076.943346
-150.1,1001,2078.926643
-692.093732,123,2079.135108
-150.1,1001,2082.653808
-150.1,1001,2084.616097
-150.1,1001,2088.185697
-150.1,1001,2090.170024
-150.1,1001,2093.699909
-150.1,1001,2095.481456
-150.1,1001,2098.938913
-691.819928,123,2099.135298
-150.1,1001,2102.731166
-150.1,1001,2104.571899
-150.1,1001,2108.040096
-690.596799,123,2108.374531
-150.1,1001,2110.327716
-150.1,1001,2113.966167
-150.1,1001,2115.937327
-150.1,1001,2119.54448
-150.1,1001,2121.500055
-150.1,1001,2125.026686
-689.665121,124,2125.238504
-150.1,1001,2127.200443
-150.1,1001,2130.76637
-150.1,1001,2132.700127
-150.1,1001,2136.26007
-690.583502,124,2136.473074
-357.996091,1001,2138.413646
-150.1,1001,2141.970311
-150.1,1001,2143.897136
-501.655174,285,2144.468729
-691.941617,123,2144.67536
-150.1,1001,2148.217759
-150.1,1001,2150.165374
-150.1,1001,2153.717539
-250.701576,820,2155.432527
-150.1,1001,2159.011495
-150.1,1001,2160.967583
-150.1,1001,2164.560216
-150.1,1001,2166.515897
-150.1,1001,2170.114914
-150.1,1001,2172.041936
-150.1,1001,2175.675628
-358.213912,1001,2177.596568
-150.1,1001,2181.171517
-690.911526,123,2181.381096
-691.984387,123,2181.589548
-150.1,1001,2183.539146
-357.723055,1001,2187.145295
-150.1,1001,2189.08255
-150.1,1001,2192.677954
-601.368239,164,2193.037919
-150.1,1001,2196.671969
-150.1,1001,2198.575382
-150.1,1001,2202.17724
-150.1,1001,2204.16009
-150.1,1001,2207.727976
-150.1,1001,2209.574803
-150.1,1001,2213.046757
-150.1,1001,2214.916787
-150.1,1001,2218.431082
-150.1,1001,2220.309377
-150.1,1001,2223.905073
-150.1,1001,2225.671655
-150.1,1001,2229.182718
-150.1,1001,2231.112133
-150.1,1001,2234.803476
-150.1,1001,2236.752004
-150.1,1001,2240.448119
-150.1,1001,2242.398475
-150.1,1001,2246.044713
-150.1,1001,2247.971255
-150.1,1001,2251.623605
-357.351819,1001,2253.557462
-150.1,1001,2257.208318
-150.1,1001,2259.144776
-150.1,1001,2262.823696
-150.1,1001,2264.781007
-150.1,1001,2268.461141
-150.1,1001,2270.41399
-249.884082,806,2271.959292
-150.1,1001,2275.653384
-150.1,1001,2277.599288
-150.1,1001,2281.260051
-150.1,1001,2283.20329
-150.1,1001,2286.855772
-677.978891,131,2287.235358
-150.1,1001,2290.989806
-150.1,1001,2292.941173
-150.1,1001,2296.616358
-150.1,1001,2298.556744
-150.1,1001,2302.267028
-150.1,1001,2304.156702
-150.1,1001,2307.770748
-150.1,1001,2309.751563
