# {"t_start": 1565139348.5226483, "env_id": "SignalizedEco-v0"} 
r,l,t
-250.5,5,6.089226
-1005.0,50,6.211221
-237.452393,20,6.232225
-36.985491,29,6.258226
-223.6,236,6.468745
-250.5,5,6.472742
-250.6,6,6.478742
-867.8,178,6.648752
-370.1,201,6.832807
-251.6,16,6.847807
-451.7,17,6.863806
-338.330789,32,6.891806
-807.8,78,6.960807
-369.4,194,7.132806
-803.5,35,7.164809
-339.12676,42,7.201806
-1355.1,51,7.245805
-941.7122,138,7.364804
-488.148079,21,7.383805
-420.1,201,7.562804
-250.5,5,7.567804
-250.5,5,7.571807
-288.144838,25,7.595804
-237.764198,44,7.636807
-401.1,11,7.646808
-136.890372,28,7.671804
-250.5,5,7.676805
-287.739059,20,7.694804
-86.477588,26,7.717804
-237.540075,34,7.748805
-87.437202,36,7.782804
-401.7,17,7.798804
-451.1,11,7.808806
-487.994763,25,7.831806
-250.5,5,7.836806
-1064.9,149,7.968805
-250.5,5,7.972807
-551.5,15,7.986806
-337.438134,35,8.016806
-250.5,5,8.021804
-251.9,19,8.042809
-87.664223,35,8.074807
-300.7,7,8.081806
-438.077032,25,8.104805
-185.921211,48,8.147807
-301.4,14,8.160804
-488.30521,31,8.189806
-758.0,80,8.260806
-351.0,10,8.269807
-805.1,51,8.315808
-250.7,7,8.321806
-907.2,72,8.385806
-757.5,75,8.451804
-250.5,5,8.456806
-620.3,203,8.637805
-907.2,72,8.702807
-488.664767,31,8.729805
-337.578105,21,8.748804
-708.0,80,8.817805
-350.9,9,8.825806
-250.5,5,8.829805
-651.8,18,8.845804
-186.394174,43,8.883804
-424.1,241,11.138896
-237.353679,34,11.171897
-250.5,5,11.176897
434.103524,196,11.360621
-350.8,8,11.36862
-250.5,5,11.372623
-237.767021,26,11.397624
-538.164916,20,11.416621
-250.6,6,11.422621
-509.6,96,11.510619
-301.0,10,11.520626
-135.401539,32,11.555622
-250.5,5,11.560623
-250.5,5,11.564623
-451.7,17,11.581624
-250.5,5,11.586622
-137.522492,20,11.604623
-337.966075,20,11.623623
-250.6,6,11.629622
-350.9,9,11.638623
-86.822292,38,11.675623
-287.848717,26,11.701622
-701.8,18,11.718622
-187.759597,21,11.737622
-401.2,12,11.749619
74.5,255,11.977144
-954.9,49,12.021141
-338.734393,37,12.054142
-87.237133,28,12.079142
-300.7,7,12.086141
105.244926,188,12.25214
-426.9,269,12.494143
-215.4,154,12.63614
489.778463,221,12.84019
-250.7,7,12.847192
-437.22634,28,12.87219
-186.920676,39,12.91019
-250.5,5,12.91519
-235.487674,41,12.953192
-557.4,74,13.023192
-250.5,5,13.028195
-287.701215,20,13.049191
-300.8,8,13.057192
-351.0,10,13.067192
-757.8,78,13.143194
-451.6,16,13.159194
-281.2,312,13.441719
-136.747454,38,13.47572
-904.7,47,13.517719
-237.714903,24,13.538717
-451.3,13,13.55072
-904.4,44,13.590719
-873.3,233,14.732717
-350.9,9,14.741718
-804.9,49,14.790719
-288.212757,22,14.811721
-573.9,239,15.03472
322.6,274,15.275757
-419.6,196,15.447757
-436.778699,36,15.479756
-904.7,47,15.523757
-251.5,15,15.53776
-858.1,81,15.612756
-219.8,198,15.804796
-287.62593,20,15.826797
-137.918822,34,15.861794
396.514738,214,16.065795
135.0,150,16.203842
-657.6,76,16.273841
-401.5,15,16.287843
-387.91484,20,16.305843
-87.178969,30,16.332844
-662.3,123,16.439841
-86.988053,48,16.48084
349.139563,187,16.700844
-573.3,233,16.936369
-350.9,9,16.944367
351.583317,219,17.147369
32.1,179,17.31037
-904.6,46,17.351367
-136.856952,49,17.436366
175.3,247,17.659367
189.309644,200,19.12843
-250.5,5,19.133429
-86.29721,37,19.17743
-717.3,173,19.332428
485.794348,251,19.551428
-337.960495,28,19.575431
250.176469,233,19.779429
249.428023,215,19.971429
-236.855788,35,20.002431
-136.581833,41,20.042428
-237.966944,22,20.062429
-814.9,149,20.196429
-286.92433,39,20.231428
297.516077,195,20.409428
-757.3,73,20.474429
241.991016,220,20.663431
491.318852,207,20.842432
-234.200037,48,20.930433
300.109607,237,21.183431
-88.217291,42,21.235431
-617.7,177,21.401431
-438.420589,26,21.433429
33.4,166,21.601959
-250.5,5,21.605958
-237.991816,22,21.632959
-387.720215,20,21.68296
-186.841468,20,21.733962
498.706213,215,23.20996
-250.6,6,23.217958
-1017.5,175,23.390959
-638.473167,24,23.453959
-186.269324,33,23.504961
-86.318594,23,23.528959
297.789815,230,23.738957
245.960347,209,23.927956
344.046191,206,24.11096
-187.615935,25,24.133016
-421.0,210,24.345016
-300.7,7,24.351014
-467.8,178,24.505015
-287.997676,31,24.532018
-321.6,216,24.722018
-1018.1,181,24.892069
-419.5,195,25.08007
-470.6,206,25.273069
223.7,263,25.510067
-954.9,49,25.553067
-351.3,13,25.565067
-106.239087,288,25.820592
-287.6696,22,25.840591
-488.258912,25,25.863592
33.527629,227,26.070591
-250.5,5,26.95312
-387.94613,20,27.003116
92.956128,306,27.348117
-855.2,52,27.395116
398.407483,207,27.589115
-250.6,6,27.595117
-1005.2,52,27.643116
-337.785921,38,27.684115
-221.3,213,27.878158
220.3,297,28.145159
-250.5,5,28.150157
394.861023,190,28.319681
-487.97458,24,28.34168
-34.35215,35,28.372681
-805.0,50,28.417681
-301.5,15,28.430681
-421.2,212,28.619684
543.813118,196,28.797682
-236.401943,23,28.819684
-387.935868,20,28.840683
350.793433,204,29.030681
-221.1,211,29.235682
497.415422,216,29.434682
10.528265,72,29.502682
-351.0,10,29.511682
-657.6,76,29.583724
-411.4,114,29.684723
443.461357,188,29.849727
291.562651,223,30.953774
-237.910093,26,30.976772
291.825016,194,31.148772
-237.925143,20,31.165773
290.481791,305,31.433775
-300.8,8,31.441772
-187.598985,20,31.459773
-338.191458,22,31.479814
-819.0,190,31.651812
-1004.8,48,31.694812
188.173739,287,31.95633
-287.738144,20,31.975332
-185.132123,47,32.01733
-667.9,179,32.182333
-250.5,5,32.187332
86.59836,239,32.408332
-568.1,181,32.574336
133.7,163,32.720335
-917.7,177,32.879332
38.702824,202,33.093333
-250.5,5,33.098335
-350.9,9,33.107337
-174.7,247,33.335332
147.949817,221,33.537855
396.862602,224,34.659852
33.4,166,34.809854
-86.032749,35,34.841853
-87.178001,21,34.860852
-1068.7,187,35.025852
447.379651,199,35.201852
-86.571533,37,35.235858
-136.569446,36,35.268857
541.746855,209,35.454852
-36.507163,27,35.478852
445.40024,201,35.656853
248.995516,214,35.851855
-287.543703,34,35.881852
-588.729854,37,35.916855
-250.5,5,35.920852
241.990763,213,36.113852
299.9585,218,36.307852
-187.067963,26,36.331852
-669.4,194,36.505888
500.069686,207,36.698888
-667.4,174,36.853886
399.149581,234,37.058884
443.186121,200,37.234889
-567.4,174,38.28744
-250.6,6,38.292443
-251.9,19,38.309438
124.3,257,38.532438
-86.031029,24,38.553441
438.672652,187,38.717441
391.624023,199,38.892438
499.31816,202,39.079441
-10.314913,298,39.35149
493.691479,223,39.550489
296.304187,220,39.745488
-358.911816,309,40.022487
449.470044,219,40.21549
289.834489,202,40.394489
338.396106,230,40.597488
-337.754102,27,40.621487
-250.5,5,40.626487
-320.4,204,40.805487
-251.5,15,40.819488
200.822929,231,41.906004
346.716195,210,42.090005
492.974764,215,42.278006
-85.191695,33,42.308007
447.918254,200,42.484005
-237.632123,23,42.505006
231.6,184,42.666003
545.083761,202,42.845005
443.56438,190,43.010004
398.038285,196,43.182008
353.854378,112,43.281003
131.5,185,43.447005
-658.1,81,43.520005
-186.720627,21,43.541006
496.98999,214,43.744003
393.082524,201,43.933006
-25.4,254,44.160003
-250.6,6,44.166004
443.536051,222,44.362044
331.8,182,45.39756
392.599125,208,45.577562
-588.196845,20,45.59556
190.023682,187,45.75856
397.867318,217,45.948561
-133.54726,40,45.983562
31.4,186,46.146559
341.441878,213,46.332561
-619.2,192,46.503563
544.696733,214,46.689564
-136.29555,44,46.728563
161.072975,74,46.79356
-527.8,278,47.045563
-184.676101,38,47.080564
-300.8,8,47.087564
446.498853,194,47.264559
-538.215653,23,47.285563
-9.215137,187,47.453088
-159.626241,190,47.621606
-36.703946,22,47.640606
-187.405851,22,47.659606
40.727002,188,47.823606
-86.256851,43,47.862606
-117.5,175,48.013606
495.787056,230,49.120133
248.96462,220,49.31413
232.9,171,49.462165
492.089661,237,49.666165
446.814689,229,49.869168
493.496139,219,50.070221
495.926261,213,50.266224
341.09696,225,50.470224
448.270939,237,50.685224
346.898905,233,50.934224
445.621257,229,51.182223
446.434391,238,51.442265
-250.6,6,51.448265
551.033028,193,51.636265
-617.9,179,51.828269
445.484094,211,53.001975
-136.385559,23,53.022969
-187.405001,24,53.04497
-134.988406,50,53.090969
496.584416,225,53.29997
735.326339,248,53.523967
442.395317,200,53.702969
-388.090182,21,53.72197
493.560958,212,53.916021
294.834847,215,54.118019
252.382941,107,54.222022
247.833362,220,54.433066
-187.438273,21,54.453066
182.5,175,54.616067
345.013851,193,54.795082
443.269849,204,54.983611
499.315259,227,55.197612
296.341235,223,55.397622
489.739616,206,55.580661
-186.682666,22,55.602661
131.6,184,56.671662
223.0,270,56.911189
295.824976,232,57.115191
-472.8,228,57.32019
-222.7,227,57.521712
393.673507,219,57.715712
445.25439,197,57.891714
495.255408,199,58.06923
444.402018,200,58.245335
392.450012,187,58.413333
-301.0,10,58.422337
548.980872,205,58.605336
294.765295,201,58.784336
543.877226,195,58.959855
495.291667,219,59.155855
-250.5,5,59.160856
445.360335,191,59.329859
545.653341,213,60.405965
-854.6,46,60.446965
400.324548,194,60.620004
-35.594635,29,60.646003
496.668888,192,60.825004
496.397571,223,61.052052
396.03409,208,61.247055
246.192936,199,61.444053
143.899019,193,61.621056
546.846826,229,61.838053
547.211381,219,62.041577
-758.2,82,62.122576
397.339616,197,62.310771
-804.6,46,62.355767
392.61036,193,62.535299
543.085413,211,62.744301
348.251099,220,62.996845
493.461556,207,63.203827
547.084892,199,64.394393
442.915157,203,64.59939
548.23842,208,64.795389
493.894535,222,65.004436
443.751318,212,65.190391
392.345858,188,65.357389
491.570626,188,65.52139
-323.5,235,65.726389
294.515479,224,65.930391
495.975464,199,66.108392
493.551575,222,66.315391
544.627922,188,66.493436
348.026794,227,66.704437
397.385173,209,66.897437
-237.59555,20,66.915435
397.32948,223,68.022961
497.624792,223,68.22096
292.536051,193,68.399998
495.76543,220,68.601001
548.868852,219,68.799003
344.311519,189,68.977
297.635746,234,69.185001
194.899776,240,69.402997
-250.5,5,69.408
398.280302,201,69.591002
547.138049,204,69.781
449.295296,214,69.982998
450.769609,219,70.189
447.357515,228,70.402997
-85.583855,42,70.441003
442.633695,203,70.623043
397.564974,228,71.778096
448.251978,193,71.953626
548.968237,206,72.140624
545.382397,209,72.329625
547.959798,210,72.523627
-855.1,51,72.572625
-270.1,201,72.760628
546.434737,216,72.971625
-954.9,49,73.018626
550.543445,236,73.233624
-608.1,81,73.305627
-804.5,45,73.345623
-955.1,51,73.390624
550.186426,215,73.587624
499.017037,200,73.763623
446.991866,221,73.989626
496.568343,195,74.191625
397.413916,197,74.406626
250.500476,187,74.599156
547.744718,225,75.741152
325.4,246,75.976153
544.567493,228,76.191222
445.541915,219,76.396221
346.402983,215,76.604222
546.114449,212,76.795219
332.3,177,76.972221
296.062435,231,77.183268
548.564018,188,77.360797
-276.4,264,77.609798
547.941858,203,77.796795
125.4,246,78.021794
453.699561,201,78.204797
-84.512969,42,78.242797
496.001225,213,78.433795
546.428349,207,79.529733
493.674996,207,79.718731
354.629972,195,79.895733
496.486755,206,80.080257
497.357511,220,80.286257
345.590023,225,80.496258
445.699544,221,80.69426
544.838676,190,80.864259
446.558858,226,81.064258
448.167017,203,81.24626
-904.8,48,81.288259
495.873149,235,81.498778
497.897042,203,81.675781
541.780383,211,81.862779
543.185657,212,82.051778
293.480282,201,83.14734
543.80085,194,83.320343
546.862455,227,83.523341
547.36532,235,83.734342
498.303784,217,83.92634
344.195959,216,84.117387
492.201489,195,84.293387
493.129765,222,84.491388
494.468726,205,84.687388
445.962683,211,84.889385
499.417875,207,85.081391
497.478967,215,85.273436
444.58092,234,85.479494
543.9163,204,85.663016
547.72349,199,86.737022
-658.2,82,86.810016
-319.8,198,86.988066
545.283459,221,87.190066
348.390727,228,87.400064
493.34126,209,87.589067
-854.9,49,87.632068
444.1908,229,87.840068
494.271818,224,88.040066
546.407109,236,88.255118
550.308936,201,88.436117
548.255339,217,88.626117
395.630981,190,88.794118
498.202246,218,88.98812
546.527954,191,89.158115
-805.1,51,89.204117
546.250623,204,89.386116
-608.2,82,89.459115
-250.7,7,89.466117
444.094132,188,90.530678
549.699703,227,90.734679
544.80752,205,90.918739
281.4,186,91.09174
543.802466,200,91.279267
324.6,254,91.520269
281.8,182,91.685267
547.058956,234,91.894267
541.99637,198,92.07127
447.495984,208,92.256268
323.3,267,92.500792
550.086454,220,92.695792
546.437492,207,92.881794
549.171973,223,93.081792
-805.1,51,93.127793
-855.1,51,94.083792
496.091125,222,94.298791
545.097542,229,94.503325
544.54967,208,94.689324
497.563379,194,94.87233
544.52443,219,95.09786
493.061214,187,95.273859
403.719316,187,95.444855
446.618075,213,95.633856
549.763269,239,95.848858
545.365784,193,96.021859
540.147437,223,96.221859
544.320247,222,96.42286
493.526656,199,96.600857
491.461129,202,96.780855
544.198332,209,97.879465
274.9,251,98.100465
499.965739,213,98.291461
447.951054,203,98.481462
547.004423,208,98.673464
499.080351,228,98.875463
494.261035,209,99.058461
548.740051,207,99.243503
490.366545,216,99.437505
-608.2,82,99.512505
498.638232,223,99.710505
543.617163,194,99.879503
396.264661,201,100.055504
492.085604,209,100.238507
343.502734,212,100.424506
444.243966,203,101.503503
496.466366,218,101.707506
444.720907,226,101.925548
543.75802,213,102.12555
494.598942,213,102.32055
441.912463,195,102.494548
544.512516,205,102.682549
394.976961,206,102.867549
442.067281,206,103.052548
393.961039,214,103.24508
347.361991,203,103.427078
545.8413,215,103.620078
545.264653,222,103.815123
550.91995,231,104.021121
541.238985,210,104.208123
541.531449,215,105.294164
494.903292,200,105.482162
492.921541,215,105.680166
543.895431,229,105.886164
225.4,246,106.103221
543.206242,219,106.297281
395.704488,226,106.502283
545.398751,224,106.70928
494.908549,204,106.892279
543.382658,210,107.079281
541.135331,204,107.262281
541.384599,195,107.4368
274.4,256,107.667795
440.5059,202,107.849797
444.135217,206,108.932796
544.813733,210,109.156799
544.396472,209,109.382882
543.070996,189,109.56388
496.342318,219,109.769415
540.487048,211,109.960412
543.242216,199,110.138935
443.758219,204,110.323934
492.052071,222,110.52693
541.443343,211,110.716931
498.405583,213,110.90793
539.745369,193,111.07993
543.872343,219,111.273932
490.200761,223,111.478931
543.374967,201,112.572994
492.625684,217,112.76804
496.301868,229,112.973037
489.579537,207,113.155564
174.1,259,113.390565
538.693278,209,113.580567
544.497624,222,113.781564
537.674178,193,113.957566
325.2,248,114.179605
539.944344,203,114.358609
493.521969,187,114.524606
492.134733,213,114.714609
541.863318,205,114.900606
324.6,254,115.127605
544.335091,196,115.300607
440.733126,198,116.372138
492.173714,203,116.55214
538.241215,205,116.745142
292.864811,222,116.949196
347.761837,238,117.164199
-608.2,82,117.236199
540.483386,197,117.412196
541.697583,189,117.581198
490.846688,204,117.764197
-608.1,81,117.836197
490.355623,190,118.003196
542.510742,193,118.177199
541.48645,192,118.348248
540.082674,191,118.519249
88.575264,188,118.684251
541.503772,216,118.879249
540.450028,192,133.840319
438.722595,190,134.085317
542.510921,220,134.284319
495.493722,228,134.488321
539.833927,198,134.675361
442.550793,198,134.865363
494.793384,209,135.089363
-350.8,8,135.098363
-805.1,51,135.148365
541.212248,189,135.335361
-805.0,50,135.381364
438.02286,191,135.55836
438.855782,198,135.74336
441.586348,207,135.942361
442.477763,202,136.142894
441.547449,197,136.330894
-805.1,51,136.377892
493.727848,208,136.570894
-805.2,52,136.617893
542.603735,205,136.806895
-855.1,51,137.769418
540.861784,189,137.948416
543.733895,199,138.135418
489.511702,205,138.331418
540.679948,200,138.521419
444.192782,215,138.726468
540.704362,211,138.921467
442.590198,206,139.109466
540.296761,212,139.301465
540.121236,194,139.481466
391.764868,187,139.662467
393.870207,217,139.872465
543.369051,221,140.078992
540.003361,203,140.262994
537.590011,205,140.450992
541.604313,216,141.606991
492.463831,236,141.823992
341.399467,197,142.009992
492.072111,207,142.196289
541.647013,211,142.392995
544.787264,233,142.611514
540.183167,211,142.804559
542.655847,207,142.991564
541.647367,211,143.183563
541.692867,204,143.366564
390.754496,221,143.569561
539.837008,207,143.75756
544.658167,201,143.938561
543.426628,198,144.118086
539.096395,200,144.301087
542.396647,190,145.365085
390.130998,193,145.538085
541.939933,213,145.735088
-607.7,77,145.805087
292.374394,187,145.973087
-757.9,79,146.045086
542.722009,189,146.227086
282.2,178,146.39609
-805.2,52,146.444087
493.457776,209,146.635085
-805.1,51,146.681085
542.940055,196,146.856149
495.608972,218,147.052148
-804.9,49,147.096149
552.059212,215,147.288145
-804.5,45,147.327145
389.628324,188,147.498147
289.036275,188,147.667148
543.257336,232,147.872145
-708.0,80,147.943146
489.166516,222,149.041673
545.009668,216,149.241673
-855.2,52,149.288671
191.387659,187,149.459672
489.039221,192,149.63667
438.324634,204,149.826672
332.5,175,149.984676
342.603723,200,150.165674
539.112036,205,150.347671
-657.9,79,150.419673
538.937724,205,150.610672
488.869466,203,150.794671
-805.0,50,150.838673
-224.1,241,151.054191
138.646708,187,151.22219
488.395142,226,151.424188
493.154122,215,151.61671
233.4,166,152.666764
-854.5,45,152.710765
-804.7,47,152.756766
-608.0,80,152.833763
391.246594,187,153.001763
-805.2,52,153.047766
537.552987,218,153.249765
389.198043,192,153.437809
489.110571,207,153.632808
389.148783,214,153.825336
338.705737,194,154.000336
231.8,182,154.175337
283.3,167,154.339353
542.321586,190,154.514884
162.821917,63,154.570887
539.625549,219,154.770886
288.868534,188,154.941886
183.0,170,155.094408
437.81615,187,155.26241
440.13339,239,155.477411
281.8,182,156.578535
-13.684367,188,156.765531
441.735217,194,156.943533
387.7705,187,157.120531
489.992277,195,157.295532
239.896069,187,157.46553
438.198413,190,157.637569
438.154598,196,157.815617
542.44045,201,158.001614
492.360653,187,158.168616
540.404077,198,158.345615
387.483887,189,158.514613
539.45402,206,158.701144
387.102539,213,158.894259
491.042017,201,159.0753
241.122685,240,160.308366
542.324463,226,160.515365
489.885482,209,160.705386
438.541659,215,160.905387
536.560555,188,161.078384
388.560746,213,161.278388
488.177384,205,161.466385
287.220723,187,161.632387
489.411682,194,161.808423
537.731478,191,161.986479
541.247575,238,162.201479
537.982882,211,162.396479
488.415877,192,162.566478
538.013599,201,162.746481
439.286886,220,162.94548
390.572587,216,164.071048
543.837781,210,164.257047
492.063985,193,164.431048
493.395841,206,164.618107
491.654325,203,164.806108
486.912805,187,164.991514
388.676119,187,165.159514
439.142346,204,165.343514
489.150594,222,165.544519
338.52334,217,165.740516
540.417635,218,165.944034
540.64209,197,166.124032
540.428691,208,166.311035
487.436194,204,166.498036
541.420833,212,166.714103
543.343913,209,167.878099
541.079769,206,168.072103
-805.2,52,168.1201
541.290605,204,168.317146
540.185856,202,168.500146
-608.1,81,168.578143
541.26178,224,168.790185
490.911466,204,168.988183
493.494364,226,169.196182
340.666634,188,169.366183
540.134745,222,169.564708
389.281392,190,169.733715
539.539075,195,169.909711
541.752966,208,170.101232
543.756388,197,170.289228
390.985229,187,170.461231
539.710246,211,171.567757
536.604403,226,171.772759
440.968009,194,171.954761
544.653426,214,172.14976
541.311751,187,172.316757
540.001713,193,172.494758
539.7113,194,172.668758
493.670439,193,172.851291
337.765698,225,173.056287
538.960323,197,173.24029
488.577474,237,173.516288
489.328691,194,173.713342
490.405884,205,173.903346
539.402641,197,174.09788
-36.341386,23,174.119881
539.182153,229,174.336877
541.718563,210,175.446407
541.39366,197,175.622935
541.1554,209,175.811936
542.285665,190,175.984935
541.060669,189,176.161937
540.553947,195,176.332934
540.759595,202,176.510936
338.448596,188,176.680934
541.272953,202,176.867457
540.994263,212,177.067459
539.687093,190,177.246456
331.4,186,177.414454
-804.9,49,177.459455
489.18741,211,177.647455
539.946688,197,177.825455
540.314868,206,178.009458
542.09222,199,179.105511
390.194002,187,179.274512
543.628019,202,179.453509
540.894413,197,179.635512
543.052376,197,179.821509
540.664677,193,180.008511
539.110579,206,180.199511
539.670699,197,180.378509
541.317261,210,180.566511
-804.8,48,180.611512
544.550289,218,180.809509
543.941138,196,180.986555
488.9967,220,181.186552
541.145174,202,181.37155
-805.1,51,181.417553
-805.2,52,181.46455
542.234961,202,181.645078
542.614775,207,181.837079
488.96134,201,182.904607
490.359778,206,183.091606
539.486808,227,183.326663
393.38033,187,183.502666
540.249788,217,183.700721
543.598002,202,183.888722
-855.1,51,183.934722
493.014787,199,184.118721
540.494735,211,184.320721
442.231982,187,184.496722
542.455961,197,184.674242
-805.1,51,184.720243
543.14978,193,184.896244
541.312476,204,185.079304
-608.2,82,185.154303
489.873653,195,185.332348
491.050403,210,185.519348
-805.1,51,185.565346
539.151587,212,186.675877
539.944788,210,186.864876
492.723116,211,187.049877
-608.2,82,187.126874
540.48466,199,187.315877
243.041589,187,187.499878
490.704732,201,187.684917
342.284188,193,187.857877
542.22887,210,188.042877
-805.2,52,188.089875
539.98057,194,188.265875
540.979399,232,188.475877
542.755212,198,188.656874
492.667977,198,188.835876
542.340995,210,189.025876
538.658122,204,189.217405
392.282243,214,190.356402
541.25734,198,190.539929
489.254297,202,190.742982
489.152852,204,190.942984
440.837777,220,191.149984
541.235937,202,191.334986
538.994596,218,191.542982
493.700317,201,191.726983
540.01617,194,191.904508
439.126306,187,192.07351
540.610775,205,192.261506
540.65271,208,192.451511
540.430522,192,192.622545
489.476298,192,192.795549
-805.2,52,192.843547
439.905391,219,193.038544
542.925346,203,194.123123
538.68772,199,194.303123
540.517672,203,194.489125
231.7,183,194.655121
440.491268,202,194.840121
541.738407,194,195.018122
-608.1,81,195.091121
491.080139,195,195.268123
541.669649,198,195.444123
541.758521,204,195.632655
539.665422,189,195.800655
490.734334,194,195.9757
539.295874,199,196.156699
539.127755,195,196.333699
543.687545,197,196.510702
541.619421,217,196.709751
541.194132,203,197.838816
-805.1,51,197.884814
541.574931,200,198.066856
393.465218,210,198.259855
-658.1,81,198.332855
540.410404,201,198.512855
542.748584,199,198.694855
-805.2,52,198.741893
542.393701,189,198.913893
543.560343,207,199.100892
541.957503,195,199.280895
331.5,185,199.446892
-805.2,52,199.49389
491.464457,187,199.666891
490.982825,198,199.845412
292.954508,187,200.010456
-855.2,52,200.057459
542.183101,200,200.239461
545.516203,209,200.428461
539.985356,207,201.512511
543.074597,212,201.704516
542.443127,201,201.884511
541.103516,194,202.061512
541.09871,192,202.23051
491.820211,188,202.399515
441.041447,187,202.568512
353.094053,99,202.662514
540.801676,201,202.844038
488.002055,195,203.017041
540.26947,205,203.199039
438.57592,191,203.370039
493.326143,197,203.547041
389.097884,201,203.72804
490.009558,209,203.915036
540.254724,201,204.09208
492.540592,203,205.304077
540.232011,199,205.48308
539.95343,205,205.678077
490.394722,205,205.881076
437.660547,187,206.050598
437.476497,201,206.228116
538.243433,191,206.396119
492.381694,202,206.577117
544.261153,207,206.765115
281.5,185,206.929645
542.909469,204,207.120645
488.284774,198,207.304646
540.153772,217,207.500643
541.270374,204,207.704169
331.4,186,207.889169
391.14231,191,208.069171
-658.2,82,209.038268
-608.2,82,209.111799
493.468986,197,209.287798
-855.2,52,209.335799
490.527938,208,209.523829
544.585665,235,209.73583
331.7,183,209.90383
-854.4,44,209.943831
-805.2,52,209.989829
391.369324,210,210.175829
-608.2,82,210.248827
539.977698,200,210.42283
-854.9,49,210.465828
542.046672,219,210.657873
539.252592,192,210.830872
543.245911,190,210.999875
-657.3,73,211.06787
489.173079,196,211.241873
542.812585,221,211.436872
493.594629,228,211.63587
540.5988,220,212.732873
-608.0,80,212.80887
538.906632,192,212.984871
441.984672,199,213.16287
542.543014,215,213.35293
540.15837,191,213.52493
541.01508,225,213.727448
-905.2,52,213.774446
-854.3,43,213.812451
545.313053,216,214.008449
-854.5,45,214.050449
497.136873,220,214.249448
-904.7,47,214.293448
-804.8,48,214.336446
-804.8,48,214.379446
-805.0,50,214.424446
339.399622,199,214.601448
-905.2,52,214.647454
542.9146,198,214.822448
392.398083,187,214.99297
-804.8,48,215.037973
439.967102,209,215.226969
537.372339,188,216.300972
-805.2,52,216.350972
439.124622,206,216.549972
-954.5,45,216.592972
444.866406,219,216.794971
541.067912,209,216.983967
490.989709,201,217.160967
440.607511,207,217.342968
493.273523,207,217.528968
539.876066,193,217.701969
540.85481,213,217.902504
-855.1,51,217.952502
-804.9,49,217.999504
492.300618,199,218.187549
489.342489,194,218.362548
540.367818,203,218.546548
493.18748,220,218.745546
-657.7,77,218.815548
490.236613,209,219.007587
-250.5,5,219.011588
541.621806,206,220.094633
387.827079,209,220.279631
393.352437,212,220.464631
541.198657,200,220.642153
232.1,179,220.802156
493.326518,228,221.010671
-805.2,52,221.058672
542.266064,217,221.25467
491.34873,201,221.438673
540.299337,225,221.642671
538.100614,210,221.831671
-855.2,52,221.880673
489.469938,215,222.076675
391.859298,210,222.266674
541.619918,204,222.461675
539.484298,216,222.665673
335.175012,187,223.755203
492.976558,214,223.985269
539.914213,203,224.181268
231.5,185,224.35027
331.6,184,224.51727
491.844531,210,224.707267
496.608354,207,224.89327
394.936991,187,225.062269
545.488981,222,225.264268
537.115112,213,225.45327
542.237854,204,225.63527
488.428581,188,225.803267
-221.2,212,225.991312
542.85835,205,226.178311
542.730766,194,226.356312
541.233801,197,227.443884
540.120614,205,227.625883
490.424235,212,227.811884
-300.7,7,227.818885
538.258569,196,227.993881
390.699219,221,228.205884
537.894283,215,228.409883
541.010913,225,228.617887
-250.5,5,228.622884
388.217891,195,228.798882
389.031466,205,228.983884
490.55389,198,229.164881
538.227096,193,229.336402
539.7401,214,229.525402
389.842273,216,229.718404
539.834212,207,229.903403
-417.3,173,230.056923
491.642403,216,231.194923
538.01145,225,231.40297
543.523385,214,231.594966
337.837077,204,231.782966
542.404232,197,231.958966
541.59847,213,232.145967
495.445618,221,232.345971
540.26547,213,232.535968
390.646729,198,232.711966
323.7,263,232.952488
487.770601,193,233.127489
439.525395,213,233.33449
539.111584,231,233.554489
337.180192,196,233.729487
541.634086,190,233.903486
541.123494,214,235.004006
539.606816,208,235.191008
486.929431,207,235.381006
390.760067,187,235.549524
388.614522,207,235.736524
539.718945,214,235.929577
437.168099,200,236.10658
544.810779,212,236.29758
535.286491,196,236.472577
540.596151,219,236.668579
440.532414,208,236.853622
539.047888,236,237.061618
534.172323,230,237.263617
437.73289,228,237.468617
490.363741,214,238.633198
331.4,186,238.826199
387.905212,199,239.003245
540.135274,196,239.180248
541.078414,209,239.368248
539.718953,203,239.557293
437.484497,208,239.755295
544.033293,206,239.945293
441.148185,199,240.129336
537.477734,202,240.333337
-805.0,50,240.381336
541.677384,214,240.581335
538.388879,199,240.762334
281.6,184,240.929854
-805.1,51,240.978857
538.410783,200,241.157852
281.6,184,241.337853
539.063525,206,242.495426
491.710718,210,242.682425
539.922306,208,242.870425
534.929333,225,243.073425
540.814884,205,243.257424
387.258826,202,243.438954
543.7823,208,243.625011
331.6,184,243.798012
488.144511,205,243.993012
539.34484,198,244.189008
388.599597,215,244.387007
441.852987,215,244.590009
539.604191,208,244.77701
490.57159,214,244.971526
542.088306,197,245.154527
540.851111,192,260.188267
442.832312,205,260.450293
538.974255,201,260.645291
539.069649,215,260.84929
537.702303,216,261.052289
541.101229,196,261.235331
538.210392,220,261.443331
490.801929,208,261.627333
488.922347,190,261.79933
540.559224,215,261.999329
539.410014,200,262.180377
538.752991,209,262.372382
536.35839,208,262.571377
540.193665,207,262.7629
489.861759,204,262.9479
490.455139,212,264.050998
487.228577,193,264.243
542.558028,197,264.421997
493.337895,203,264.601998
540.40328,193,264.773998
537.067131,197,264.966
539.820882,206,265.164999
539.356604,199,265.345
538.227409,215,265.542996
332.2,178,265.714531
540.095964,206,265.90653
540.852043,206,266.093582
541.733695,212,266.283576
537.592126,203,266.471579
332.3,177,266.637579
540.473112,225,266.839633
441.006909,187,267.914632
540.227861,205,268.104636
543.806384,202,268.289703
539.432833,202,268.4677
485.368099,205,268.646702
491.561865,192,268.819702
535.221777,200,269.0017
538.424654,197,269.1887
544.628821,202,269.378762
538.871724,207,269.569288
540.768722,204,269.750288
538.907125,193,269.920817
537.775513,197,270.099814
537.951868,204,270.282817
542.954309,228,270.487338
538.424158,202,271.564382
542.544198,200,271.743378
540.495959,197,271.920378
538.136654,210,272.111379
538.056262,208,272.296417
541.152421,212,272.484417
541.523588,207,272.669418
331.5,185,272.830417
441.006372,187,272.996422
543.888477,193,273.187423
-417.6,176,273.352417
331.7,183,273.514417
536.776359,208,273.700458
540.53927,188,273.867463
542.190112,198,274.04746
539.971257,195,275.119717
540.804431,206,275.311236
542.574931,192,275.481236
441.44244,206,275.664233
542.129928,197,275.840236
544.188696,208,276.024235
289.829093,187,276.195233
538.83667,205,276.382284
492.076672,204,276.564283
495.535018,201,276.740283
541.852563,190,276.907283
543.179346,199,277.084284
541.731527,197,277.265287
538.682202,199,277.443283
543.18103,199,277.617284
538.076123,189,277.788808
543.023759,195,278.874848
547.656258,213,279.063848
542.420097,210,279.252854
542.272168,193,279.434851
542.243034,206,279.632848
495.683545,227,279.846851
550.997054,204,280.02585
543.248315,201,280.20385
491.863281,207,280.388851
545.200346,203,280.573372
542.893563,214,280.767372
391.152087,187,280.93737
539.944515,210,281.121373
541.111536,202,281.3039
543.19023,194,281.476899
539.348889,195,282.560432
540.086247,194,282.737427
541.11641,218,282.931428
545.617126,193,283.101429
547.397489,220,283.300428
490.892696,190,283.472427
542.613175,204,283.65743
544.275358,204,283.840427
542.717623,211,284.028433
545.240572,206,284.213431
446.479468,222,284.412431
546.355001,203,284.593489
544.077787,208,284.775485
541.053182,196,284.948486
543.910246,202,285.125484
543.685506,197,286.218047
540.639022,190,286.390049
-805.1,51,286.436049
340.074072,207,286.625048
546.473149,208,286.81405
490.387716,204,286.999048
540.31519,205,287.186049
542.039966,193,287.356563
544.011308,215,287.54957
440.874544,190,287.718563
542.818066,204,287.896567
492.943608,214,288.088566
545.215474,204,288.275567
547.196606,211,288.468564
544.515792,202,288.648567
541.992065,209,288.835625
543.777323,195,289.956678
542.927938,203,290.145679
545.608651,205,290.334676
546.187467,206,290.521679
545.260368,198,290.700678
545.663835,198,290.880208
544.044206,207,291.063212
542.506767,200,291.244208
545.567257,209,291.439744
543.346891,198,291.620743
540.77144,215,291.813743
544.222526,199,291.987744
491.687878,209,292.173743
540.944999,199,292.350743
543.666553,189,292.523741
543.932874,195,293.666798
545.522937,206,293.860794
539.541117,197,294.038331
542.263802,202,294.222327
487.858862,208,294.408325
542.676624,196,294.588326
545.183748,195,294.76133
543.218709,201,294.939329
537.15365,198,295.116326
492.946781,192,295.291327
331.7,183,295.457849
544.257483,218,295.672851
440.987024,187,295.838847
542.253682,192,296.009847
490.251884,193,296.18085
442.837309,217,296.372895
494.630196,211,297.481894
544.228292,199,297.663425
539.842741,202,297.842421
494.389734,187,298.010421
541.167806,192,298.182464
541.775891,207,298.364465
492.650875,194,298.536464
545.646712,200,298.717464
438.625806,194,298.891464
548.612231,212,299.082462
544.164408,209,299.268507
542.332092,197,299.441507
492.790019,187,299.607506
189.952299,187,299.775563
543.985457,198,299.958077
544.820166,191,301.071605
-805.2,52,301.119605
546.050452,195,301.299654
331.4,186,301.467656
-805.1,51,301.513657
-805.0,50,301.558657
545.416296,195,301.733657
543.992684,197,301.913656
-805.1,51,301.960658
541.187984,196,302.136657
545.896606,203,302.320719
545.393396,209,302.507716
549.5462,193,302.67972
-805.0,50,302.728721
543.760999,205,302.910722
546.854818,214,303.101717
542.572302,193,303.274719
543.957113,205,303.45372
547.282788,198,303.627761
541.656803,187,304.711282
542.683618,201,304.895284
542.283077,193,305.065284
543.935848,194,305.239805
545.536141,196,305.413323
544.541435,212,305.602326
545.477917,188,305.771323
544.611304,206,305.957325
550.393758,216,306.150325
544.209591,198,306.330323
493.364299,193,306.504326
546.930375,193,306.674323
545.921228,209,306.859324
543.035246,208,307.042326
543.950248,206,307.229323
546.474052,204,307.414328
-608.1,81,308.390854
544.914587,215,308.583856
544.613822,207,308.769856
396.400753,218,308.967854
542.715206,211,309.154896
541.594198,204,309.338896
443.601611,187,309.506896
546.435775,195,309.682894
543.826196,220,309.877896
-805.2,52,309.924893
539.75498,197,310.098894
538.699158,189,310.286896
551.861621,214,310.510426
545.360173,201,310.703424
543.629122,202,310.892424
542.968742,217,311.092423
281.8,182,312.189007
551.474841,204,312.371004
543.263513,197,312.548004
495.991903,224,312.749532
547.074764,197,312.924533
539.583293,208,313.107535
544.269853,208,313.296576
545.986743,212,313.483574
-804.9,49,313.526571
546.817371,206,313.712572
540.209408,218,313.906571
546.079622,196,314.080575
541.851965,195,314.264575
542.879032,212,314.464625
492.869336,206,314.656624
543.775671,216,314.854629
545.696627,196,315.981156
543.668351,197,316.163158
544.493888,200,316.350157
543.634066,223,316.551157
541.937073,201,316.728156
541.666089,203,316.911158
547.162785,212,317.104154
539.641972,209,317.292155
543.92238,203,317.473196
445.47537,218,317.665194
541.326591,213,317.854196
547.693506,219,318.054193
544.6255,209,318.239719
496.744356,226,318.442723
541.098206,202,319.516767
543.905168,197,319.695767
494.261194,210,319.887767
494.330058,213,320.080284
391.619019,216,320.274284
542.035311,214,320.472338
540.828202,197,320.659341
540.697762,202,320.849338
490.323637,194,321.02434
542.479643,207,321.215338
540.44718,207,321.406338
544.034749,203,321.588341
543.860726,219,321.78334
541.246134,207,321.96834
544.407458,220,322.167338
538.900236,209,323.276901
546.320772,206,323.465904
498.865019,215,323.660902
492.040898,193,323.8309
543.496659,210,324.017417
542.897652,203,324.204417
490.680815,201,324.383417
444.381925,196,324.564418
543.327543,202,324.751461
549.140068,211,324.939461
491.08158,215,325.130461
547.08182,205,325.31546
492.574418,206,325.501994
441.550012,198,325.680542
548.616272,206,325.865542
543.453202,213,326.972065
547.502291,208,327.158066
546.326265,206,327.345062
542.409611,196,327.521065
546.424202,215,327.713063
543.353894,196,327.891065
543.982129,193,328.068067
544.836157,202,328.248104
545.041996,217,328.441107
445.443685,200,328.620103
546.718115,200,328.802101
538.700224,190,328.973106
543.630632,201,329.152102
488.719763,201,329.329102
547.444775,212,329.515104
544.536841,214,330.632146
490.920992,203,330.82114
546.840007,215,331.024204
547.486043,209,331.210204
546.342603,205,331.394733
548.003463,212,331.589731
544.159578,201,331.77973
546.720081,218,331.977734
542.769385,202,332.157728
546.227108,208,332.35277
542.646549,210,332.543832
547.500183,210,332.73183
551.305037,220,332.928832
548.345992,191,333.101832
545.024483,220,333.29587
542.163566,205,334.375387
545.123018,194,334.549391
497.503076,212,334.73939
494.593673,199,334.918391
548.62758,200,335.099389
548.228874,211,335.298391
547.687073,197,335.480389
547.090763,206,335.660389
548.115397,202,335.838391
545.85981,201,336.016388
541.917529,213,336.208388
498.236157,206,336.390433
544.817171,201,336.569436
-221.3,213,336.759437
544.560486,201,336.938434
448.112781,211,338.051498
548.512211,212,338.241544
546.464722,194,338.416543
543.180575,199,338.596065
544.759391,210,338.787067
543.108215,201,338.970071
546.51748,197,339.147589
545.373893,203,339.325587
544.669906,190,339.493587
545.597441,215,339.687588
544.778198,203,339.869589
544.414026,207,340.052591
550.075667,214,340.242589
291.323551,211,340.433592
546.195947,208,340.620589
543.27334,209,341.748633
541.813957,197,341.922636
544.232662,207,342.107635
493.271338,203,342.289635
-805.0,50,342.335635
492.481462,197,342.520635
542.0679,218,342.719635
496.049833,187,342.887635
544.824455,198,343.063636
544.036654,206,343.245165
544.986385,202,343.423163
544.613407,194,343.599164
543.255778,209,343.784161
547.064421,210,343.969163
545.190373,199,344.145163
550.953422,204,344.324161
545.966724,198,345.385687
494.364673,202,345.566684
-85.793573,27,345.590687
543.299727,189,345.762686
544.517651,203,345.948688
494.534611,197,346.124687
543.798108,203,346.303687
545.205558,210,346.492685
498.029041,200,346.675685
545.513615,208,346.859686
546.196733,193,347.032686
494.139941,203,347.215734
545.305782,202,347.396732
501.726168,207,347.578772
545.186235,210,347.767773
544.399219,218,347.962772
541.724414,207,349.059829
544.613603,204,349.242826
541.69161,196,349.421826
495.080347,206,349.615827
494.012508,192,349.791827
541.809399,211,349.981358
542.872115,216,350.174358
544.806551,199,350.353359
545.710547,191,350.52542
545.417655,209,350.712415
331.9,181,350.873418
546.631169,187,351.039418
541.270577,190,351.211416
541.219454,199,351.40672
542.914966,207,351.597719
492.045943,203,352.677789
542.480961,205,352.864788
542.630237,202,353.050786
541.913334,190,353.227836
498.670984,201,353.408836
543.177604,208,353.591838
332.6,174,353.746357
544.5493,193,353.921358
392.22723,187,354.088879
541.004818,195,354.262878
543.806828,192,354.43488
542.375684,201,354.616879
543.697473,204,354.797882
542.061275,193,354.971883
439.631555,192,355.140882
540.272685,209,355.325881
541.561804,207,356.413946
543.375899,200,356.602946
544.79303,199,356.784005
542.644784,194,356.960003
543.601322,192,357.137004
544.132406,195,357.310004
544.75317,204,357.492004
547.563753,187,357.661009
543.89635,206,357.846006
545.946277,204,358.029008
542.152161,195,358.204542
545.994784,193,358.375539
542.003829,217,358.575541
545.09495,198,358.758594
545.286365,196,358.939596
544.763318,196,360.009112
544.979154,192,360.189111
-804.7,47,360.237645
445.927022,187,360.405643
-805.1,51,360.451175
-608.2,82,360.524176
542.937354,196,360.700178
547.614351,198,360.877219
544.646578,201,361.059214
-608.1,81,361.129216
546.801245,204,361.313215
-608.2,82,361.38922
545.895166,188,361.566217
-804.8,48,361.615217
-608.1,81,361.693216
-805.0,50,361.73922
494.597249,203,361.930216
545.50212,193,362.106217
545.857117,198,362.284735
347.162512,200,362.465738
-805.1,51,362.511737
-608.1,81,362.585735
-607.8,78,362.655739
543.193388,208,363.740311
544.722367,208,363.926314
548.650635,199,364.123311
443.717175,187,364.299313
494.856677,200,364.490309
543.182613,207,364.677309
543.81755,200,364.857309
495.364803,197,365.033831
541.223092,206,365.219828
544.032133,207,365.404828
545.152629,217,365.605829
-805.2,52,365.653829
544.586507,208,365.845828
493.448669,198,366.026827
542.129704,207,366.215827
545.503707,194,366.39488
543.153939,190,367.457876
545.678516,206,367.638397
81.4,186,367.807399
543.573006,204,367.992399
546.077999,201,368.1714
544.668156,208,368.359922
545.149451,207,368.546919
543.758769,198,368.722922
542.843022,199,368.901924
542.982206,196,369.078973
542.873861,205,369.278972
544.373149,208,369.475976
543.290165,207,369.668973
545.454679,198,369.847973
545.482613,200,370.026974
542.76241,197,385.529559
492.721733,208,385.789601
342.349377,191,385.964599
494.889681,202,386.142603
542.820642,205,386.322599
542.746305,210,386.512601
543.705599,197,386.690599
542.68621,198,386.868598
543.099792,203,387.050601
543.163721,202,387.231598
542.363538,203,387.4136
542.314852,211,387.620601
543.509489,210,387.815599
492.181795,209,388.014601
542.818429,196,388.193133
491.595561,198,388.37266
544.056201,199,389.497183
441.054305,211,389.698184
543.656307,200,389.891236
543.568693,202,390.083235
493.153638,208,390.282238
498.396151,207,390.468236
545.327153,212,390.663237
545.600387,202,390.841281
549.558317,197,391.024283
393.068494,199,391.204282
542.106514,198,391.38028
441.623653,194,391.559282
545.755172,202,391.740283
393.569568,210,391.932287
545.72384,197,392.124282
546.1271,201,393.237866
492.691052,190,393.419917
494.841329,194,393.600441
544.230566,199,393.784441
544.32712,205,393.974441
544.656291,214,394.177445
547.95907,207,394.367444
548.508447,200,394.560445
545.481474,199,394.747443
544.477653,204,394.93944
544.847042,188,395.11244
495.229407,188,395.290444
495.325146,205,395.48844
495.411475,201,395.681444
546.653198,198,395.867447
541.774255,194,396.971968
543.288338,203,397.158968
-805.0,50,397.206969
542.102824,187,397.378968
490.085372,195,397.550968
545.921631,194,397.735063
492.551147,207,397.935063
446.292362,187,398.112065
543.562764,197,398.294062
491.571643,206,398.496064
540.90601,209,398.685061
540.401664,207,398.8731
542.319755,203,399.053617
442.628996,197,399.226618
543.498022,190,399.396617
548.244881,204,399.579618
339.065849,214,400.690146
546.864994,210,400.883145
542.400236,193,401.059143
-608.1,81,401.131143
-805.2,52,401.175146
540.391691,201,401.354144
-608.1,81,401.427143
541.666923,203,401.608147
447.488774,205,401.794144
542.89613,208,401.981145
497.618774,205,402.167147
545.907336,204,402.350189
545.30273,197,402.533192
539.489693,205,402.72519
-804.9,49,402.770189
547.502372,217,402.964186
492.274361,210,403.146189
547.11851,196,403.324717
546.187923,196,404.404761
493.361235,196,404.582815
-805.0,50,404.629813
493.062423,194,404.79986
495.848792,210,404.989858
539.323962,214,405.179857
544.569352,215,405.369856
540.307678,206,405.554856
494.457263,208,405.741854
544.100541,219,405.937375
543.351807,208,406.122376
542.133134,199,406.306376
-804.9,49,406.35438
498.863623,213,406.548377
541.232084,197,406.724375
547.350745,216,406.916377
542.800899,205,407.097377
542.571358,206,408.196482
541.663367,206,408.381429
493.450732,204,408.566428
538.26593,227,408.768431
542.450448,212,408.957428
491.744287,197,409.134429
539.813245,216,409.324429
494.982499,204,409.508429
545.094222,205,409.69143
541.009188,192,409.863429
542.124402,206,410.044467
493.803507,192,410.214473
540.668022,217,410.41047
494.523714,195,410.58447
542.775313,207,411.687509
491.338953,213,411.877512
491.475366,216,412.073511
490.660433,207,412.258513
489.704842,211,412.446511
544.702515,210,412.640042
542.890633,200,412.846043
541.742513,206,413.063044
541.871139,197,413.241073
543.194686,209,413.438074
542.030802,206,413.623074
539.693062,207,413.808071
539.503963,206,413.991604
489.456942,218,414.185602
538.963822,216,414.376604
540.558793,207,415.464117
540.609644,203,415.64412
491.586902,204,415.82812
545.127014,207,416.014118
391.515491,218,416.208122
543.132751,210,416.39512
496.26123,209,416.58112
540.835136,191,416.754119
391.670052,203,416.931117
541.544307,207,417.119119
541.977787,202,417.295119
541.821053,207,417.476117
492.184619,204,417.656119
494.039941,203,417.836117
344.561348,205,418.017117
441.341467,215,419.124163
537.480233,203,419.307163
490.836894,200,419.485167
543.515763,207,419.670163
540.966638,211,419.859163
542.932743,229,420.065691
540.886967,196,420.257696
498.799174,213,420.46469
544.037223,201,420.645221
538.263464,197,420.821283
547.361963,198,420.998282
538.748482,205,421.183278
541.131311,209,421.375278
393.763847,214,421.56728
492.446537,190,421.744279
497.26097,200,422.868809
540.535132,207,423.064337
543.418945,212,423.269877
540.363102,199,423.450878
343.22537,206,423.633404
-854.7,47,423.677405
542.115173,189,423.845405
540.960347,220,424.040403
540.319425,189,424.206403
543.965068,200,424.385402
-805.2,52,424.431407
-905.1,51,424.476405
543.222913,210,424.668407
-805.2,52,424.715403
541.847965,198,424.893407
542.161519,215,425.085402
543.282747,210,425.274406
-955.0,50,425.318406
-805.2,52,425.365406
545.499304,203,425.546402
-805.2,52,426.496966
542.306413,218,426.693966
541.659725,206,426.872967
540.091443,189,427.037966
-855.0,50,427.082965
-804.7,47,427.123966
540.207166,195,427.297965
489.612996,201,427.474968
-608.2,82,427.547965
540.865849,202,427.728487
544.330615,223,427.929488
491.783704,200,428.10849
544.774202,203,428.287529
-854.8,48,428.332529
542.191134,211,428.523532
-855.2,52,428.569529
-805.1,51,428.614531
442.475753,188,428.781528
545.535234,209,428.967061
542.044958,202,429.146061
543.545443,213,430.243058
543.323031,209,430.43058
540.701046,206,430.61458
540.935856,216,430.809579
540.009965,219,431.007578
490.330273,198,431.185579
491.681795,210,431.373577
492.245475,219,431.574107
542.144104,205,431.760159
496.062512,206,431.946161
493.093111,205,432.13616
389.113753,197,432.314162
-855.1,51,432.36216
544.719902,193,432.547162
540.970959,200,432.739162
541.881482,197,433.844232
490.967216,219,434.040227
541.86829,205,434.221229
540.699357,198,434.399226
540.593335,208,434.58623
543.868486,188,434.754228
-221.7,217,434.946229
542.113778,205,435.128755
446.586926,203,435.309754
490.410291,221,435.508753
494.908484,206,435.696751
495.421838,204,435.879752
491.653422,227,436.082798
541.774227,208,436.268797
542.192562,212,436.459798
493.982194,207,437.560849
543.129907,202,437.742847
541.01569,203,437.925846
542.090686,204,438.118383
540.345418,201,438.3019
-804.6,46,438.343902
541.318502,204,438.530419
544.488123,203,438.716419
545.055587,198,438.894418
542.19847,212,439.085421
540.844617,212,439.27842
539.820398,206,439.463417
540.757821,214,439.656417
441.648881,187,439.828419
542.783984,211,440.018416
541.275431,209,440.206939
542.237305,211,441.314986
492.494413,211,441.508992
493.144259,209,441.700985
541.331213,209,441.890517
542.477035,215,442.086501
541.75815,215,442.280501
540.660632,208,442.472505
540.77181,203,442.658026
540.427673,194,442.836025
539.436194,194,443.009026
541.949638,206,443.195025
543.145976,206,443.379071
492.503263,201,443.57107
441.040409,199,443.772069
539.985372,209,443.960066
543.244006,207,445.063586
341.905831,216,445.251587
542.526392,218,445.444109
543.253007,206,445.629108
543.656482,203,445.815114
392.947363,210,446.006109
541.157869,209,446.19411
540.313302,212,446.381108
494.930802,219,446.578112
542.29128,210,446.769113
540.124121,202,446.94911
542.338086,203,447.128146
491.606803,222,447.325148
442.902637,216,447.516147
543.794324,207,448.597667
491.468595,214,448.795668
542.891659,202,448.980668
539.427974,224,449.18471
540.127881,227,449.385711
539.698844,202,449.567233
539.278764,214,449.761235
541.888949,203,449.941233
542.399556,205,450.119753
490.135404,201,450.298753
541.091313,201,450.478755
539.498523,204,450.660757
489.166679,219,450.863755
539.176839,207,451.047753
492.565011,201,451.226753
488.212724,205,452.325754
539.802852,213,452.514752
539.598515,195,452.688753
539.909261,206,452.876753
541.697164,210,453.063753
541.56252,206,453.250758
542.559192,202,453.433282
491.131759,187,453.60028
542.746667,217,453.806807
542.682853,197,453.995813
540.331641,206,454.183808
542.886076,199,454.358805
546.469678,194,454.529809
541.65837,210,454.715805
539.393416,218,454.918321
542.287777,212,456.002388
542.323706,216,456.197386
542.480025,217,456.392915
541.279423,220,456.589911
544.078666,219,456.786914
537.710579,196,456.964914
541.658805,208,457.148916
541.976428,213,457.340914
541.099951,213,457.533914
545.450981,232,457.74349
539.379338,210,457.933488
540.104919,216,458.13002
540.001416,217,458.326547
541.259932,215,458.521548
540.174487,212,458.710583
543.822054,205,459.797658
541.666858,206,459.981659
540.866089,211,460.17266
540.744853,212,460.361662
545.652096,200,460.54266
541.490743,199,460.722663
545.712716,201,460.902661
540.635665,208,461.09066
541.29248,199,461.266659
542.671631,222,461.46666
542.404687,211,461.654661
539.39504,210,461.845697
542.740352,212,462.037698
542.313704,221,462.23122
540.363835,210,463.324269
541.73398,225,463.522268
542.840247,210,463.71027
543.388114,214,463.906269
540.204692,191,464.087268
-608.2,82,464.168266
542.002856,207,464.362271
544.06064,215,464.555788
539.982442,203,464.737792
543.468502,211,464.928787
542.04423,215,465.120317
545.375114,227,465.323304
541.41016,214,465.515306
544.000476,213,465.706305
540.595219,210,465.899305
542.647001,193,466.988306
541.465572,217,467.186307
543.015043,211,467.377306
541.312858,206,467.560304
542.675505,212,467.74883
-805.2,52,467.795828
541.919682,203,467.98583
541.488501,191,468.158827
543.011499,213,468.35135
-805.1,51,468.397352
541.794832,217,468.588869
494.589596,218,468.78287
544.906498,214,468.973872
540.494373,203,469.158871
540.717314,210,469.34687
542.587948,209,469.531869
543.379179,213,469.723873
489.474951,205,470.827397
542.569576,208,471.012393
489.851119,201,471.195393
540.661711,216,471.393923
542.185807,205,471.577921
492.623238,216,471.770918
540.919393,212,471.960918
542.441663,215,472.154921
540.351465,209,472.34592
542.549243,208,472.53192
541.466439,205,472.715959
542.617786,210,472.906479
545.170154,212,473.093476
540.469303,204,473.281479
541.652633,219,474.400034
542.795699,206,474.591038
539.657975,201,474.770036
543.086719,206,474.955037
543.449333,216,475.148038
542.461491,217,475.340564
541.552128,214,475.531568
541.641833,205,475.715563
544.573771,209,475.904566
540.831197,206,476.087564
542.526294,217,476.282566
541.110234,212,476.474563
541.696277,216,476.668565
542.585055,217,476.86361
541.526192,219,477.066612
542.578202,218,478.165667
539.310152,216,478.360184
-805.2,52,478.407183
541.300208,210,478.591188
540.388375,214,478.783185
542.150126,217,478.980183
492.363957,215,479.171185
540.528316,213,479.363186
541.467424,210,479.550714
540.495349,210,479.740709
541.945199,211,479.935712
540.993595,214,480.128709
539.552165,215,480.332764
539.85422,220,480.535766
542.602706,217,480.737764
540.213725,219,481.859283
541.542236,214,482.05328
541.508272,211,482.242345
491.326115,222,482.445344
542.97406,216,482.640341
540.987569,218,482.837344
541.896655,218,483.031345
541.696037,214,483.234344
541.602478,220,483.431871
542.097949,220,483.645208
540.065784,203,483.82921
539.163619,217,484.033206
540.519124,221,484.229206
541.427673,206,484.416208
540.71464,208,485.524736
539.510795,219,485.719735
539.404191,207,485.906734
538.929574,205,486.093737
540.479924,222,486.299267
540.327201,225,486.500265
541.089697,209,486.688267
540.436674,220,486.888267
540.841292,197,487.064264
-805.2,52,487.111265
540.338717,213,487.305263
540.27629,215,487.499264
539.796537,206,487.686304
539.569722,206,487.872304
540.465002,219,488.084305
538.944666,218,489.193346
538.869552,214,489.388408
540.917171,209,489.573409
542.034713,216,489.767406
540.944963,220,489.969409
538.428813,212,490.158407
540.36213,212,490.350408
540.839465,217,490.545408
539.786263,205,490.730406
541.417167,227,490.933408
539.805021,220,491.130409
488.382605,211,491.318926
540.558488,217,491.514926
540.438338,206,491.700929
539.064014,207,491.887929
540.883883,196,492.956968
537.763965,211,493.143966
539.864856,226,493.343966
489.502104,215,493.530966
539.499235,214,493.720967
539.837081,214,493.913967
537.853687,206,494.095969
540.639624,221,494.290969
539.187708,200,494.467971
538.432609,199,494.648969
537.698706,202,494.844969
536.678455,189,495.029968
487.933911,204,495.219969
489.427844,216,495.413024
538.113049,211,513.399976
486.821826,208,513.65403
539.138892,212,513.840033
537.808626,210,514.025029
538.776652,192,514.200031
538.036471,213,514.390032
538.076343,205,514.570033
538.123612,208,514.755029
487.531409,197,514.931033
538.271163,212,515.142034
537.4276,206,515.341036
538.427043,209,515.555035
536.661438,201,515.743032
489.704789,205,515.930031
538.09766,211,516.122032
539.961829,218,517.209555
537.347437,210,517.398557
539.725444,196,517.573085
537.56322,218,517.767602
489.483,209,517.956605
539.704097,215,518.148602
538.246814,204,518.350605
538.278475,213,518.545605
538.990068,213,518.739602
537.353711,215,518.937119
443.001302,187,519.109118
541.249443,223,519.314121
539.236894,195,519.488183
488.870557,202,519.665182
488.54895,206,519.849182
540.589579,195,520.916698
341.908346,187,521.089698
539.409005,209,521.275699
538.016064,216,521.467699
-805.1,51,521.512699
537.921236,209,521.698741
488.349679,211,521.88774
538.449194,216,522.083741
-805.2,52,522.129742
537.779614,212,522.322745
537.843461,211,522.512788
538.468783,214,522.704789
540.057247,223,522.902792
537.63774,209,523.090825
539.023128,208,523.275823
537.706177,203,523.456824
537.751388,196,524.524419
536.90505,208,524.71742
538.304724,212,524.905419
538.465889,201,525.083415
538.451782,210,525.269415
539.286882,199,525.45594
538.664579,208,525.654942
538.785775,204,525.848992
539.327677,213,526.037992
538.610714,200,526.214992
540.090841,208,526.402992
538.700224,212,526.592992
538.833081,217,526.788992
331.4,186,526.95799
539.096293,211,527.145041
538.64019,197,528.24304
539.471838,208,528.431038
540.396944,210,528.619035
538.311597,208,528.804039
537.918823,205,528.989075
539.459652,207,529.174078
537.751355,205,529.353113
537.757719,205,529.533115
538.894893,209,529.731114
537.809513,210,529.935162
537.469763,208,530.123161
540.001497,205,530.307161
537.376237,201,530.502162
537.839478,208,530.692161
538.942419,198,530.869164
539.165181,201,531.944247
538.080916,195,532.121246
538.683431,201,532.301245
539.408752,210,532.488244
541.060437,191,532.655246
540.724556,201,532.832244
538.705721,198,533.00877
540.020996,197,533.18377
538.892489,202,533.365774
538.742753,204,533.549769
538.703898,187,533.715769
536.86368,196,533.889774
537.917448,205,534.075769
540.042574,203,534.254772
539.441805,203,534.435772
538.847156,191,534.60581
540.447013,210,535.702872
489.264323,203,535.895872
538.997371,188,536.072871
539.466178,208,536.26187
540.021875,209,536.442868
541.023755,221,536.64187
487.934937,201,536.821868
540.194714,202,537.002872
539.43267,211,537.191869
538.931104,206,537.378871
490.079179,219,537.575402
538.942293,198,537.7524
540.051737,212,537.9374
540.188639,203,538.121402
539.408411,205,538.305401
537.858846,193,539.373324
541.139229,218,539.564843
539.533097,205,539.748843
538.6453,196,539.923847
539.655554,209,540.110844
543.550431,220,540.311842
538.076449,204,540.495845
540.021366,199,540.673842
539.583488,204,540.853878
536.868648,196,541.027881
540.087459,209,541.216881
488.947229,211,541.403882
441.572233,210,541.592877
541.197795,201,541.773876
541.548612,215,542.859879
537.994088,196,543.033882
538.70144,203,543.215882
537.817741,201,543.395877
539.384347,198,543.570919
538.166886,189,543.73992
541.170015,219,543.931957
538.315824,191,544.098958
539.615857,204,544.278958
539.01073,216,544.472955
537.401949,203,544.654959
535.994035,189,544.827958
540.810636,216,545.022956
537.747778,196,545.200955
538.840719,199,545.377954
541.819637,208,545.561959
537.877804,200,546.709958
540.427454,218,546.907955
540.81766,215,547.101955
542.931421,218,547.295955
538.574784,199,547.472959
538.525985,203,547.653016
539.909257,214,547.847017
489.371053,195,548.021015
540.593274,198,548.199015
539.03516,206,548.384016
543.399162,216,548.574016
538.956722,200,548.755015
538.683533,199,548.940055
538.305225,202,549.120058
537.802197,199,549.301058
538.723958,195,550.376119
539.792041,202,550.555119
539.945886,197,550.732116
331.5,185,550.899117
541.058472,205,551.09412
539.907247,195,551.291121
539.124992,194,551.49212
537.714799,198,551.693183
540.489506,204,551.891181
541.184351,210,552.099237
537.145194,193,552.275234
538.751803,195,552.471237
337.97168,187,552.649293
542.666585,212,552.847294
543.248816,193,553.027328
539.710311,215,554.155436
536.742415,195,554.337435
538.838135,195,554.59752
541.599443,205,554.84752
539.318368,214,555.047567
539.336263,208,555.238569
536.904065,208,555.431566
537.76309,204,555.612566
537.952409,196,555.806098
539.029683,198,555.9921
538.034058,192,556.1731
538.074943,205,556.368102
540.13774,204,556.559097
540.116597,200,556.735097
539.238912,194,556.909096
539.192977,207,558.005148
538.750907,208,558.19715
539.303215,194,558.374152
538.571924,198,558.552151
437.90745,187,558.719208
488.781571,198,558.900206
537.988277,195,559.081206
538.650704,195,559.255205
539.752901,198,559.434203
537.585368,201,559.613205
387.729631,187,559.781205
386.276046,187,559.952731
542.741382,220,560.15573
539.440922,202,560.331733
540.244938,205,560.512733
386.066805,187,560.678731
337.518986,187,561.738782
539.294226,208,561.933782
331.4,186,562.11878
537.213005,193,562.295777
540.5203,194,562.470777
385.611088,187,562.639304
538.271338,195,562.812304
538.401811,196,562.988304
539.604517,196,563.172306
538.662777,193,563.3463
540.265535,199,563.525301
537.370426,193,563.6983
538.012004,199,563.878304
541.312899,194,564.051833
539.377954,204,564.23483
537.137854,200,564.411833
539.571167,205,565.538922
540.963505,203,565.734921
538.749487,198,565.913964
538.226188,199,566.098965
539.842757,195,566.279006
540.691211,202,566.467068
491.429045,212,566.668132
537.683801,196,566.85113
540.925724,190,567.024132
286.648674,187,567.191132
537.274792,188,567.358129
539.163033,201,567.556132
539.170386,198,567.775196
538.116288,194,567.967197
537.677743,198,568.153245
489.005005,205,569.268245
539.9538,204,569.454287
539.395943,204,569.647286
539.430965,190,569.827286
538.385978,196,570.005289
389.218994,187,570.175287
388.306392,187,570.348284
537.15107,190,570.523287
538.637329,197,570.699286
536.18479,190,570.880342
537.232056,192,571.051342
387.45835,187,571.218343
536.816077,192,571.391344
539.377832,211,571.583347
539.843518,211,571.770343
538.705562,197,571.947344
437.373421,187,573.014863
538.637821,192,573.188866
538.876331,199,573.392867
537.303695,195,573.586402
537.890015,199,573.785402
538.416817,189,574.009458
537.821497,190,574.215457
539.073014,196,574.406978
538.342261,197,574.583981
540.760571,210,574.770982
538.688424,191,574.943903
537.980119,188,575.112903
540.819364,209,575.298901
538.211877,188,575.470904
538.777881,196,575.649903
536.777071,194,575.876955
536.945492,187,577.032541
538.367456,197,577.217539
334.660461,187,577.399539
538.601436,202,577.586542
536.921346,197,577.772542
536.370479,197,577.963544
487.578674,201,578.15654
488.027201,204,578.355541
487.788273,193,578.540538
536.946012,191,578.723539
537.426123,187,578.901541
332.1,179,579.067595
539.203918,214,579.264597
536.730371,193,579.4596
538.078149,201,579.676598
536.3236,191,580.740179
537.707654,198,580.917179
535.978866,187,581.082178
539.61602,207,581.266178
437.548397,187,581.432177
537.767993,205,581.630181
489.747904,202,581.82671
539.72736,196,582.013712
538.16344,209,582.215709
536.66049,203,582.39771
536.251713,205,582.58971
535.993551,195,582.761708
536.221037,200,582.940708
536.37275,197,583.114227
536.69012,200,583.289227
535.983362,187,583.456229
535.565662,194,584.573754
536.353215,196,584.750754
536.983671,199,584.928753
536.043477,195,585.102751
536.070919,191,585.274754
537.752759,190,585.448751
535.247343,193,585.626751
331.5,185,585.789281
437.285213,187,585.956284
332.1,179,586.114283
537.152165,188,586.280282
536.829382,200,586.457284
537.181771,204,586.639284
538.142061,202,586.819287
331.8,182,586.98728
435.595369,187,587.170806
537.804252,191,588.284808
538.456783,195,588.457347
537.433223,202,588.636329
535.102938,194,588.810326
485.749801,187,588.975849
537.517863,204,589.160849
536.011613,189,589.330846
536.673181,197,589.511848
331.9,181,589.686847
537.437272,195,589.874848
539.014502,214,590.066851
536.549805,192,590.244848
537.324939,193,590.41985
384.778625,187,590.594849
485.151497,191,590.768848
538.722205,203,590.948849
384.244515,187,592.046904
384.4165,187,592.219904
334.427645,187,592.394904
282.1,179,592.557948
332.2,178,592.72395
535.895512,195,592.900949
484.91143,188,593.069948
436.845129,187,593.235948
535.22583,190,593.404948
536.797534,188,593.571949
331.5,185,593.739946
334.127279,187,593.905991
331.5,185,594.071946
439.031437,208,594.260946
331.6,184,594.426951
434.617598,187,594.598948
538.213399,207,595.663037
331.7,183,595.829035
535.770374,193,596.001038
285.723999,187,596.169038
536.844678,205,596.351039
537.081702,195,596.529041
535.449662,192,596.699554
536.206295,195,596.876553
536.84069,201,597.069554
535.871342,194,597.253556
534.462061,188,597.429551
486.287215,203,597.620555
536.034534,194,597.793552
331.4,186,597.960556
539.08645,195,598.138073
281.6,184,598.307075
537.273771,207,599.429134
-467.4,174,599.591129
331.5,185,599.769132
281.4,186,599.942129
538.221257,203,600.132135
383.431596,187,600.32713
537.94023,204,600.520132
486.787956,208,600.712132
-417.5,175,600.872129
-417.4,174,601.030132
535.774373,192,601.202133
436.121236,187,601.379131
331.7,183,601.543131
535.821326,197,601.720132
536.518937,189,601.889129
537.371484,192,602.060129
-417.3,173,603.121652
-417.3,173,603.277654
-417.4,174,603.432656
-417.4,174,603.587184
534.585681,188,603.755184
535.324585,193,603.933698
-417.3,173,604.0937
-417.4,174,604.247696
281.6,184,604.413698
331.7,183,604.579697
332.3,177,604.739697
534.28326,189,604.909698
-417.4,174,605.067699
-417.4,174,605.224696
535.854456,201,605.408701
-417.5,175,605.569699
331.9,181,605.730701
536.39447,187,606.786756
157.60379,172,606.936798
156.651046,172,607.089796
484.398201,187,607.261797
484.819002,187,607.432795
334.5,155,607.575339
-417.3,173,607.739337
-467.9,179,607.905336
434.598787,187,608.074338
485.505192,191,608.246337
-467.5,175,608.404338
535.009277,195,608.578337
306.312604,173,608.735336
331.8,182,608.897339
133.6,164,609.043337
535.057332,191,609.214338
-517.4,174,609.372336
-417.5,175,610.422449
536.129842,200,610.603449
538.325989,194,610.776449
487.372278,194,610.953489
331.4,186,611.123491
331.5,185,611.288489
-417.4,174,611.444489
331.9,181,611.609493
281.9,181,611.771021
434.637288,187,611.938021
332.0,180,612.104024
206.384694,172,612.25902
-417.7,177,612.419021
534.996077,187,612.589021
-467.7,177,612.748019
537.043628,202,612.92702
-17.0,170,613.079541
282.4,176,614.125539
-417.5,175,614.283539
535.444027,190,614.457542
331.6,184,614.622542
282.0,180,614.782543
-417.6,176,614.937543
334.928699,187,615.104539
207.303294,175,615.262539
331.9,181,615.424541
-417.3,173,615.583542
156.177958,172,615.75154
-417.4,174,615.917542
536.041659,189,616.086603
335.615063,187,616.256601
331.5,185,616.419601
331.7,183,616.584602
485.612891,187,616.750602
333.4,166,617.800121
535.821875,191,617.983117
331.6,184,618.148119
535.097384,188,618.314118
357.147473,173,618.469117
335.448588,187,618.634118
-417.4,174,618.794118
-855.0,50,618.839117
536.425618,196,619.022166
257.32632,172,619.185172
-417.7,177,619.352164
282.2,178,619.520165
484.922058,190,619.697165
281.6,184,619.863214
281.5,185,620.026214
333.0,170,620.176212
281.8,182,620.348214
535.486658,187,620.514254
282.0,180,621.59078
434.230737,188,621.759782
-417.4,174,621.914782
-467.8,178,622.071311
-467.5,175,622.229309
533.792802,190,622.402308
283.5,165,622.550827
536.858667,188,622.718825
332.8,172,622.870826
332.3,177,623.027828
131.5,185,623.196828
436.540295,189,623.368827
332.1,179,623.530827
437.036385,187,623.697825
333.825688,187,623.863825
538.176119,189,624.028868
331.6,184,636.926772
231.6,184,637.152815
332.8,172,637.302813
484.531628,190,637.471813
131.5,185,637.636859
540.002022,191,637.81986
285.537541,187,637.993862
435.028377,187,638.165864
537.420532,194,638.379864
-417.5,175,638.559862
536.151762,189,638.729862
332.5,175,638.883858
333.0,170,639.033383
281.7,183,639.194383
-417.4,174,639.349385
487.339502,187,639.516385
436.401782,187,639.688384
281.5,185,640.758486
331.8,182,640.920483
333.0,170,641.074483
336.959489,187,641.242486
331.7,183,641.404484
331.8,182,641.566484
386.127063,187,641.736547
332.0,180,641.895551
233.2,168,642.045546
332.3,177,642.204549
33.0,170,642.359547
331.6,184,642.522546
333.1,169,642.674546
332.3,177,642.833549
83.7,163,642.976546
487.573055,187,643.144067
281.6,184,643.307067
281.8,182,644.360114
536.589339,197,644.539113
537.56486,193,644.712115
332.8,172,644.868113
331.6,184,645.031115
487.935156,198,645.207115
435.813464,196,645.380117
331.7,183,645.545115
537.127047,189,645.715117
384.032259,187,645.885116
331.7,183,646.047116
535.91167,187,646.213175
536.10105,191,646.381178
485.78682,193,646.548176
-805.1,51,646.593178
335.18103,187,646.756175
535.28809,192,646.940181
436.560409,187,647.998695
-467.5,175,648.157696
331.5,185,648.322697
485.798271,193,648.497697
535.790715,192,648.679697
487.315373,189,648.854696
535.00634,191,649.027225
331.4,186,649.193267
436.848995,187,649.359267
535.763383,193,649.531267
331.5,185,649.696265
536.438851,196,649.871793
538.748079,205,650.054794
536.219946,191,650.224796
536.938066,192,650.397794
535.217773,190,650.570793
534.693449,188,650.735797
535.530835,191,651.802841
537.647925,198,651.987844
535.799097,193,652.158839
536.6,195,652.333839
536.782133,190,652.503839
435.350582,187,652.671867
384.55557,187,652.840865
234.565556,187,653.008864
332.6,174,653.166866
332.3,177,653.325864
536.223429,206,653.514867
538.05791,196,653.691391
536.725826,188,653.86039
332.0,180,654.029393
284.615027,187,654.200393
486.328617,187,654.369393
486.443583,189,655.452404
535.161348,193,655.620403
331.4,186,655.784405
535.357483,190,655.956403
331.7,183,656.121404
331.4,186,656.285406
537.610531,193,656.456402
331.5,185,656.624449
534.752246,195,656.80345
536.051322,187,656.973447
484.091374,187,657.142449
535.803837,189,657.31204
335.05765,187,657.478039
485.175,187,657.649037
535.187341,187,657.816042
335.269417,187,657.986042
536.898641,198,659.094217
334.969568,187,659.260215
536.475924,188,659.428216
536.644649,198,659.606219
537.025167,197,659.784217
535.415531,199,659.962215
535.276029,195,660.139217
536.184029,188,660.313219
486.634131,200,660.490215
537.662968,201,660.670218
537.06119,207,660.860271
331.6,184,661.02727
538.147831,203,661.221276
332.0,180,661.399272
536.602917,197,661.575273
536.720386,197,661.752272
536.834184,196,662.819333
536.186869,195,662.994334
536.492135,189,663.163335
486.758236,205,663.348333
536.525684,202,663.523852
540.149373,216,663.712854
537.005591,206,663.893854
537.045435,199,664.070854
538.521277,206,664.258852
486.076436,197,664.435859
538.311682,204,664.615852
538.626709,209,664.806895
538.404159,199,664.984896
536.412838,206,665.174423
541.137008,200,665.353426
535.512354,190,666.419466
536.698511,206,666.602464
536.72323,200,666.777466
537.811202,201,666.953466
537.452791,212,667.141464
538.517122,218,667.342468
538.299227,211,667.528991
536.709574,201,667.704992
537.084143,204,667.88399
538.584501,212,668.07099
537.69882,204,668.253992
536.803918,198,668.431993
537.835921,201,668.607992
538.167497,200,668.785992
538.045597,209,668.973084
536.735291,192,670.067564
536.581563,199,670.245087
536.780139,198,670.422606
538.602376,210,670.605607
538.385653,205,670.785605
537.622929,202,670.967605
537.709302,207,671.156129
538.849947,211,671.345127
536.827006,218,671.542127
537.240715,201,671.722648
537.600102,201,671.900646
535.577209,196,672.072649
537.066642,200,672.257648
538.126562,214,672.466648
538.599418,201,672.653646
536.484249,200,673.746692
536.024361,193,673.919737
536.566715,199,674.097735
537.209741,199,674.275737
538.271342,210,674.465257
537.84891,211,674.655257
538.466394,229,674.859258
537.227132,201,675.051257
536.80564,205,675.241259
540.681917,211,675.436256
537.941447,216,675.649257
537.89679,205,675.854777
535.976786,198,676.031776
537.053613,199,676.208776
538.382507,198,676.381813
539.151322,204,677.474857
537.042362,202,677.657855
535.249707,190,677.827856
537.497432,199,678.006857
538.172164,211,678.197857
486.08372,201,678.375858
539.891622,227,678.584388
538.315719,208,678.775388
539.402743,220,678.986387
537.496891,211,679.183386
535.284188,200,679.380436
538.393909,210,679.584433
536.373088,201,679.763433
540.040523,222,679.959487
537.942814,211,680.15749
539.546008,221,681.25949
537.830693,211,681.451489
-417.3,173,681.61749
535.79797,203,681.816491
539.405318,213,682.018492
536.986466,204,682.210487
534.967912,189,682.387489
537.566366,205,682.588549
537.694889,203,682.773547
537.60671,207,682.956546
538.606694,209,683.146548
538.062016,211,683.338546
539.292554,219,683.536586
536.377637,201,683.714581
537.565251,207,683.901115
