# {"t_start": 1565312114.1124878, "env_id": "SignalizedEco-v0"} 
r,l,t
-2111.52721,20,7.428241
-1247.1731,76,7.579242
-2179.699969,49,7.621242
-1248.800445,76,7.684241
-2240.957562,22,7.702241
-110.0,5,7.707241
-186.0,13,7.718242
-110.0,5,7.723245
-2436.740401,227,7.912245
-2156.032412,20,7.929242
-2121.410199,24,7.950242
-2360.958388,141,8.067244
-1356.489455,109,8.156241
-110.0,5,8.160241
-2095.630635,20,8.177241
-166.0,13,8.188243
-178.0,9,8.195242
-2108.098884,33,8.224245
-1447.965862,201,8.398242
-110.0,5,8.402242
-2180.625108,23,8.422242
-2217.188574,20,8.440242
-2158.351847,34,8.468241
-1311.02295,77,8.535242
-2158.977929,21,8.555242
-2050.770931,34,8.583241
-2204.863811,25,8.604241
-110.0,5,8.608245
-112.0,6,8.613242
-110.0,5,8.618245
-2099.148013,24,8.638243
-138.0,9,8.646242
-110.0,5,8.651247
-1720.397853,162,8.785243
-110.0,5,8.790242
-110.0,5,8.794242
-2177.181421,20,8.812242
-2167.158369,187,8.967242
-164.0,12,8.977242
-530.0,165,9.119242
-142.0,11,9.128241
-146.0,13,9.139241
-2138.380113,21,9.156241
-1263.43671,43,9.192241
-110.0,5,9.197241
-2071.269858,35,9.227241
-2247.406917,200,9.396241
-1241.820302,52,9.440241
-110.0,5,9.444242
-2436.191809,196,9.615241
-498.0,139,9.734241
-164.0,12,9.745241
-1281.670588,52,9.788242
-2216.878588,34,9.817244
-2219.193443,21,9.836242
-2238.104464,20,9.854242
-2161.202327,35,9.883245
-296.0,18,9.900242
-1314.184394,79,9.968241
-2177.196318,21,9.985241
-254.0,17,9.999241
-2191.332243,79,10.064242
-2106.759548,44,10.099241
-2030.346608,36,12.134528
-1238.445494,51,12.178065
-2274.440523,213,12.355066
-110.0,5,12.359065
-210.0,15,12.372065
-2162.829618,220,12.555063
-110.0,5,12.560062
-1320.842644,82,12.630061
-452.0,126,12.739061
-254.0,57,12.789062
-182.0,11,12.798062
-1481.122538,181,12.957062
-1305.294177,44,12.994062
-110.0,5,12.999064
-118.0,9,13.006061
-2039.543384,28,13.031062
-1346.926639,104,13.117064
-2198.967339,21,13.135062
-1340.639438,52,13.179064
-1301.637573,43,13.218064
-1147.299541,287,13.460062
-2159.991908,81,13.527061
-670.0,115,13.621062
-2226.444937,42,13.656062
-2026.992793,20,13.672065
-2104.214149,26,13.695062
-2103.327743,30,13.720066
-2115.249241,20,13.738065
-2054.248941,21,13.758065
-110.0,5,13.762119
-178.0,9,13.770129
-2117.719968,21,13.789125
-2112.587191,32,13.818126
-1250.917685,67,13.876128
-206.0,13,13.888125
-2147.029481,28,13.913127
-2076.139512,71,13.976129
-110.0,5,13.980124
-1431.460639,212,14.153124
-1287.055987,45,14.190124
-1387.26905,45,14.230127
-316.0,88,14.300128
-180.0,10,14.309125
-420.0,120,14.410125
-2095.9269,24,14.430125
-2219.573142,21,14.447125
-208.0,14,14.459002
-1272.129533,38,14.491005
-192.0,16,14.504005
-254.0,17,14.518002
-1247.10157,35,14.548006
-2082.828344,27,14.570004
-110.0,5,14.575004
-110.0,5,14.579006
-2044.975014,29,14.603002
-1234.133957,48,14.642002
-2120.486795,23,14.662005
-2098.012425,22,14.680002
-2139.464845,22,14.698001
-112.0,6,14.703004
-112.0,6,14.708002
-2179.185778,21,15.688003
-112.0,6,15.694003
-2029.583195,23,15.716002
-134.0,7,15.722005
-114.0,7,15.728004
-2098.287378,71,15.788003
-110.0,5,15.792006
-110.0,5,15.797002
-1436.357394,215,15.985495
-114.0,7,15.991495
-278.0,19,16.008496
-2278.631662,20,16.024493
-2244.883195,24,16.044497
-228.0,14,16.056492
-1284.222093,74,16.116495
-1284.912559,209,16.298492
-1373.453355,203,16.474492
-2439.470109,182,16.633022
-1304.885576,44,16.670022
-2123.676427,25,16.692022
-2260.251256,21,16.710025
-2073.00444,32,16.737022
-1301.464063,52,16.783022
-110.0,5,16.787025
-1237.307651,50,16.829022
-1593.780695,214,17.010022
-1456.917261,305,17.262079
-110.0,5,17.267075
-2206.915505,25,17.288078
-2274.977247,30,17.313075
-2065.450369,31,17.339077
-1392.857835,193,17.499078
-378.0,119,17.598075
-1392.00379,193,17.75908
-284.0,72,17.820076
-2128.282834,26,17.842075
-2129.827284,34,17.871079
-584.0,152,18.010077
-1433.453082,177,18.162076
-1239.736076,51,18.204077
-110.0,5,18.208077
-112.0,6,18.213075
-2083.18294,26,18.234075
-2039.761044,23,18.254079
-1350.643307,192,19.362924
-2136.224242,21,19.379924
-1326.588359,75,19.442922
-1628.813232,136,19.554924
-2155.676138,20,19.571927
-110.0,5,19.575927
-142.0,11,19.585923
-1256.755108,80,19.651443
-1234.087121,48,19.691443
-232.0,16,19.705444
-2140.898781,24,19.726444
-1360.054157,51,19.769444
-110.0,5,19.773444
-2111.159899,39,19.809443
-134.0,17,19.824443
-1175.029388,271,20.058491
-110.0,5,20.062491
-1349.489573,201,20.236494
-1230.14733,46,20.275492
-1371.121529,212,20.464491
-2201.083024,22,20.485492
-1289.749128,231,20.677491
-144.0,12,20.687495
-1232.884179,38,20.71849
-1322.575679,73,20.778491
-2176.991295,32,20.804492
-1217.536386,205,20.975495
-1283.464417,113,21.068493
-110.0,5,21.072493
-1376.144807,80,21.138494
-1275.919672,80,21.206495
-1257.19014,50,21.249491
-110.0,5,21.254495
-2087.086269,36,21.285024
-116.0,8,21.293028
-2136.382801,32,21.319025
-1226.313385,35,21.348028
-2235.273959,342,21.638024
-1288.480813,46,21.676024
-2046.667546,32,21.702025
-1338.124195,225,22.845024
-2177.365647,20,22.863024
-1293.559399,79,22.928029
-2217.914214,20,22.945024
-142.0,11,22.954029
-2043.265824,25,22.975025
-1309.970761,77,23.038025
-2069.693862,30,23.063025
-1297.907375,196,23.22506
-1237.715235,50,23.27006
-1329.182061,76,23.334066
-1269.99177,46,23.380059
-1348.009568,211,23.564061
-1334.232002,79,23.636062
-1338.256421,81,23.704058
-1269.119992,46,23.743058
-2094.271985,34,23.771579
-1218.211297,205,23.958579
-2106.025129,36,23.993579
-1479.303777,217,24.174104
-358.0,99,24.256103
-1262.608403,43,24.291105
-110.0,5,24.296106
-2159.950092,22,24.315105
-1295.613805,49,24.356102
-1404.681614,134,24.472101
-1326.62169,210,24.644101
-1231.394622,48,24.683101
-1208.028984,36,24.713105
-1307.224177,230,24.903101
-1298.014129,81,24.969101
-2180.84021,22,24.988105
-1279.255906,353,25.279101
-1234.56316,39,25.311102
-1345.469117,189,26.436145
-1250.216086,47,26.476144
-1157.080475,379,26.801667
-1370.239827,221,27.000667
-1239.220369,71,27.061666
-2102.478359,369,27.375666
-1335.172823,109,27.468666
-110.0,5,27.472668
-1277.11767,50,27.51567
-1267.363726,220,27.704667
-1250.832118,77,27.76967
-1355.072436,80,27.834666
-2073.736437,20,27.851667
-2090.559925,34,27.879666
-1301.404538,218,28.062667
-144.0,12,28.072669
-1374.84819,204,28.239667
-1298.952628,82,28.307667
-1250.194877,37,28.337666
-110.0,5,28.341666
-110.0,5,28.345667
-1344.112922,188,28.504666
-2053.703226,31,28.531668
-1326.041572,210,28.707668
-1234.445315,49,28.748194
-1249.268269,46,28.786192
-1319.783885,51,28.829193
-1274.974613,69,28.886192
-1307.987223,191,30.00455
-1270.850345,77,30.069553
-110.0,5,30.07355
-1236.275163,40,30.106551
-1299.539062,72,30.166552
-2219.885344,21,30.183552
-1341.379288,112,30.27455
-1265.490223,44,30.311552
-2077.200002,21,30.329552
-1319.585895,51,30.37355
-132.0,16,30.38655
-1311.341136,77,30.449549
-1242.318826,73,30.513551
-1468.856224,202,30.689552
-1264.115258,189,30.853597
-1332.531036,233,31.0496
-1456.122534,422,31.397599
-1255.360537,80,31.463597
-1233.93937,203,31.630602
-1325.390044,114,31.727121
-166.0,13,31.738118
-140.0,10,31.747125
-1290.531457,77,31.812119
-1223.637858,34,31.840119
-1207.393459,36,31.870119
-1313.038015,213,32.062119
-1175.753332,291,32.300234
-1357.596164,215,32.475236
-1239.441939,41,32.509233
-1423.512766,198,33.607106
-188.0,14,33.618109
-1396.967446,215,33.800109
-1267.145968,45,33.837107
-1323.947003,198,34.017106
-110.0,5,34.022105
-1260.746761,72,34.082107
-2077.509683,23,34.102105
-1364.122486,238,34.300106
-1281.543142,52,34.344106
-1260.893759,82,34.413107
-1329.511897,221,34.599107
-1298.442375,81,34.667106
-1294.795167,79,34.734106
-1259.036115,51,34.775105
-1416.317707,109,34.868111
-1265.698526,44,34.904645
-2160.242268,24,34.925641
-1300.930199,72,34.98564
-1234.993825,49,35.026639
-1289.505331,191,35.183644
-110.0,5,35.187643
-1215.092514,39,35.21964
-1295.225341,204,35.385639
-1278.724318,51,35.42764
-1253.480066,48,35.466639
-1370.714597,212,35.642641
-2053.988637,46,35.680639
-1241.85362,52,35.724643
-1459.922117,196,35.888638
-110.0,5,35.893643
-1229.677245,46,35.934639
-1292.410813,78,36.003639
-1300.506384,207,37.134482
-1267.941454,210,37.313482
-1334.005466,213,37.493485
-112.0,6,37.498482
-1311.772636,192,37.666603
-1306.242671,200,37.838632
-110.0,5,37.843633
-1231.645891,37,37.875633
-1229.892405,46,37.914635
-1275.433998,49,37.955635
-2119.889777,38,37.988633
-1285.075186,74,38.053633
-1235.339158,49,38.096637
-110.0,5,38.101634
-1303.866632,189,38.257638
-1390.176752,201,38.425634
-1258.198076,41,38.458638
-1276.597041,195,38.623634
-1302.762097,208,38.794635
-110.0,5,38.799635
-1315.634904,214,38.975637
-1317.02651,80,39.042637
-2126.510502,27,39.067633
-1297.921554,51,39.109637
-1265.348724,189,39.266638
-1304.538988,209,39.438635
-1244.611575,44,39.473637
-1319.105402,196,40.590882
-1386.901743,174,40.734886
-1357.409676,205,40.903411
-1260.014754,51,40.94541
-1250.174503,47,40.985413
-1277.191941,50,41.02841
-1248.883535,76,41.092411
-1290.09433,201,41.269409
-1299.846879,206,41.439409
-1235.645434,39,41.472414
-1260.698402,52,41.517411
-1323.555633,208,41.69441
-1288.720635,76,41.75693
-1308.196494,220,41.943931
-1301.065678,207,42.118926
-1281.538497,188,42.278929
-1296.926749,80,42.344927
-1400.130605,217,42.52293
-1245.710628,44,42.559927
-1286.10253,199,42.726927
-1340.510198,82,42.79393
-1243.696969,113,42.886926
-1267.665112,191,43.043929
-1254.78126,79,44.056926
-1288.374737,201,44.226927
-1418.930411,216,44.408928
-1319.236485,196,44.574928
-1336.749439,205,44.751927
-1260.606589,52,44.793926
-1441.736854,227,44.991926
-1236.714427,50,45.033929
-1254.527057,79,45.100926
-1327.685138,210,45.278927
-1246.841386,211,45.456927
-1273.675286,79,45.521927
-1307.264225,200,45.687926
-1333.662176,193,45.847927
-1321.094284,197,46.018927
-1431.404925,222,46.204448
-1226.282362,45,46.241448
-2055.194112,23,46.259452
-1256.9509,80,46.325448
-1298.305041,81,46.394449
-1282.126274,188,46.553448
-1271.975407,47,46.593448
-1234.926996,49,46.636449
-1354.849293,194,47.762041
-1285.02854,44,47.798043
-1305.749286,209,47.973042
-1323.837739,74,48.036042
-1301.034061,217,48.223041
-1357.13985,225,48.41204
-1270.031139,211,48.59456
-1353.61156,213,48.776562
-1369.997502,201,48.944558
-1254.034039,48,48.983559
-1403.939978,188,49.138559
-1297.85499,206,49.310627
-2010.624975,274,49.53685
-1310.57593,192,49.702847
-1316.011986,214,49.880847
-1256.354327,50,49.929848
-1232.137328,47,49.973851
-1342.107336,217,50.156865
-1222.889513,43,50.194864
-1319.502884,206,51.312401
-1323.916056,218,51.48893
-1345.21866,199,51.65593
-1331.338952,212,51.839933
-1385.855157,219,52.024932
-1238.5383,206,52.199934
-1358.085101,225,52.390929
-1279.895939,82,52.45993
-1333.726579,213,52.635933
-1344.816903,229,52.828791
-1341.635698,217,53.005793
-1233.360055,213,53.178794
-1359.37226,216,53.357789
-1304.414623,199,53.51979
-1288.972359,201,53.68379
-140.0,10,53.691789
-1366.395263,210,54.823825
-1277.285985,80,54.891827
-1292.183851,203,55.059825
-1326.751505,220,55.245824
-1448.630487,221,55.424035
-1270.842006,47,55.463035
-1331.15452,212,55.640035
-1231.616348,47,55.680034
-1321.124299,217,55.867552
-1357.761553,81,55.942553
-1305.576327,209,56.115553
-1308.962764,211,56.290553
-1318.948052,216,56.467556
-1343.1739,198,56.631554
-1328.718627,221,56.816079
-1298.007173,205,56.987084
-1314.081754,213,57.163083
-1373.402936,213,58.317082
-1328.13205,221,58.50108
-1341.759398,227,58.689079
-1260.934695,82,58.76008
-1322.471367,218,58.9466
-1353.829239,213,59.130599
-1310.163339,211,59.309619
-1344.17463,218,59.49262
-1240.619682,52,59.535621
-1330.023396,201,59.702618
-1319.915094,216,59.881618
-1241.398266,52,59.926619
-1274.323397,79,59.993623
-1342.160129,218,60.179618
-1359.629209,216,60.360618
-1283.189102,198,60.522618
-1260.541115,82,60.58962
-1358.096949,216,60.772618
-1364.08654,208,61.895053
-1343.196225,208,62.066581
-1367.083277,230,62.262581
-1320.872818,218,62.44958
-1273.826383,194,62.613581
-1334.791525,204,62.786584
-1285.322409,199,62.956107
-1313.870288,79,63.022107
-1344.046375,218,63.203105
-1347.434719,220,63.391104
-1299.547504,196,63.551453
-1413.949632,223,63.734452
-1299.661413,206,63.907448
-1270.144873,191,64.064448
-1375.627463,204,64.230448
-1397.664764,235,65.376966
-1401.090556,227,65.565964
-1337.117332,80,65.631966
-1349.353266,221,65.819965
-1383.490593,208,66.015964
-1342.422566,218,66.196965
-1492.542905,233,66.394966
-1382.016314,217,66.580965
-1349.948179,231,66.771968
-1364.747958,209,66.945965
-1381.922079,218,67.122968
-1363.292923,218,67.301965
-1319.83105,216,67.484966
-1299.109614,81,67.554965
-1365.476981,229,67.746968
-1335.327781,224,68.892966
-1261.181415,82,68.962967
-1300.137221,206,69.131159
-110.0,5,69.13516
-1402.336254,218,69.317163
-1318.034683,205,69.497162
-1341.34569,227,69.694158
-1323.74438,208,69.872159
-1323.869315,218,70.056373
-1370.025202,221,70.239377
-110.0,5,70.244373
-1375.890289,224,70.433743
-1333.393059,213,70.613061
-1305.142056,199,70.780063
-1339.366274,226,70.966916
-1361.932204,227,71.15214
-1328.706547,211,71.324137
-1339.028795,226,72.462674
-1361.926557,227,72.653201
-1335.700447,224,72.841199
-1385.891235,239,73.048199
-1379.198634,226,73.2352
-136.0,8,73.242201
-1235.071705,49,73.284199
-1261.379194,82,73.354202
-1343.154659,218,73.540199
-1377.739984,225,73.728201
-1409.751286,221,73.918204
-1362.055881,237,74.112393
-1346.99657,220,74.292391
-1299.213269,71,74.350388
-1384.692744,229,74.541824
-1462.575869,228,74.729823
-1450.789119,232,75.877359
-1332.028169,222,76.072361
-1354.092683,233,76.262358
-1324.069642,218,76.443359
-1356.968631,225,76.635358
-1303.285456,208,76.81436
-1351.342088,222,77.01039
-1394.848303,214,77.187645
-1241.825218,52,77.230645
-1311.220663,212,77.405647
-1357.137306,225,77.592647
-1318.005392,215,77.771645
-1390.876097,222,77.964647
-1378.21764,226,78.160644
-1327.516328,210,78.331645
-1369.21233,221,79.462855
-1302.239968,208,79.635858
-1375.884265,224,79.823854
-1403.781431,238,80.049854
-1335.605173,224,80.240319
-1347.337712,220,80.42232
-1419.936204,236,80.623319
-1343.692904,218,80.806319
-1319.8896,216,80.986319
-1347.96626,210,81.165322
-1331.605347,222,81.350375
-1447.793858,320,81.618374
-2141.933019,213,81.792375
-1413.451529,233,81.988385
-1446.9946,220,83.109412
-1236.154017,49,83.150413
-1374.785161,224,83.33841
-2156.184302,220,83.519442
-1439.431193,236,83.719443
-1357.30016,225,83.911442
-1370.093654,241,84.117566
-1507.253824,310,84.385562
-1433.523431,233,84.578562
-2132.455874,207,84.749562
-1368.647054,241,84.946563
-1495.981923,314,85.208563
-1356.112446,234,85.405873
-1406.183808,239,86.569935
-1389.420539,241,86.768224
-1485.691146,229,86.957225
-1467.715203,320,87.228224
-1473.640619,313,87.492224
-1365.431976,229,87.717224
-1387.307933,240,87.919224
-1322.02638,217,88.103224
-1330.665913,222,88.293228
-1385.799607,239,88.500225
-2054.780996,49,88.543743
-1329.745556,211,88.735228
-1281.322798,82,88.802227
-1409.361964,241,89.002227
-1333.101086,78,89.065931
-1333.455841,223,90.20097
-1367.391865,240,90.397966
-1351.869743,232,90.588969
-2187.522165,231,90.785966
-1258.094478,50,90.827441
-1260.858064,82,90.90144
-1233.328686,48,90.94244
-1578.300282,325,91.218442
-1467.351343,320,91.48544
-1389.602024,241,91.690443
-1661.74196,347,91.98444
-1344.136468,228,92.172776
-1476.312695,324,92.441965
-1446.09497,319,93.659502
-1382.050515,217,93.852045
-1373.41618,233,94.063047
-1363.75741,238,94.263044
-1355.850113,214,94.443317
-1457.568218,325,94.717317
-1337.291579,225,94.910321
-1391.03353,232,95.105317
-1443.405495,238,95.308318
-2224.445141,224,95.495316
-1333.321415,223,95.702316
-1334.918412,224,95.906317
-1380.031024,226,96.131317
-1441.864104,317,97.390355
-1351.017922,232,97.593358
-1438.151568,235,97.807882
-1363.67672,238,98.02862
-1348.164763,230,98.231674
-2070.600642,20,98.250674
-1426.31443,309,98.525207
-1639.88771,494,98.958208
-1317.782019,215,99.147662
-1349.558181,211,99.328656
-1355.917747,224,99.516757
-1388.974685,231,99.714756
-1396.972697,225,99.906964
-1323.605096,218,101.035513
-1275.064104,79,101.104039
-1445.39701,319,101.374038
-1237.765794,50,101.416042
-1371.342289,232,101.615038
-1361.780767,237,101.813432
-1371.181835,232,102.01923
-1363.966356,238,102.22123
-1407.67308,240,102.427232
-1365.681275,229,102.622231
-1433.882956,313,102.889231
-1329.12145,221,103.07438
-2042.062529,30,103.100376
-1354.069258,233,103.296887
-1391.924073,232,103.494913
-1376.040425,234,104.672899
-1362.05955,227,104.861902
-1447.210067,320,105.135421
-2249.133906,309,105.396423
-1349.650484,231,105.597421
-1406.941007,240,105.802421
-1363.4758,238,106.019424
-1363.707844,228,106.210947
-1346.106775,229,106.404948
-1367.118105,240,106.607949
-1280.779005,82,106.680951
-1345.036163,219,106.864947
-1361.886861,237,107.063947
-1377.593894,235,108.229692
-1391.590335,232,108.421693
-1389.005207,241,108.630751
-1355.669022,234,108.83482
-1471.367577,322,109.111819
-1385.573625,239,109.314816
-1445.772963,319,109.579816
-1460.822227,317,109.848816
-1381.926857,237,110.04982
-1403.426249,228,110.241631
-1366.05692,239,110.439694
-1463.730108,318,111.657771
-1448.302595,320,111.934776
-1451.459483,322,112.207772
-1465.739715,319,112.476773
-1346.049713,229,112.665775
-1490.014099,321,112.946294
-1349.894302,231,113.137295
-1481.502451,317,113.405823
-1236.125288,49,113.446823
-1351.473335,232,113.638823
-1469.861808,321,113.914826
-1281.032103,82,113.983827
-1453.137058,323,140.684487
-1385.209606,239,140.954486
-1413.652485,233,141.148483
-1381.849244,237,141.34501
-2303.705736,307,141.593009
-1454.900611,324,141.862008
-1410.051461,241,142.065007
-1369.396183,241,142.271008
-1389.219483,241,142.471008
-1241.236639,52,142.515008
-1381.56709,217,142.69801
-1444.717944,319,142.96454
-1465.397064,329,143.242542
-2134.27628,20,143.259545
-1517.040965,325,144.486094
-1241.82819,52,144.530093
-1482.175741,327,144.800097
-1442.044662,317,145.065094
-1494.282699,323,145.342397
-1450.274741,321,145.617398
-1449.346915,321,145.888398
-1383.908825,238,146.090399
-1363.539667,238,146.2874
-1388.060604,240,146.488646
-1367.63208,240,146.68417
-1466.298378,319,147.921174
-1458.049048,325,148.18642
-1374.134784,233,148.381423
-1361.535315,237,148.583419
-1459.994553,326,148.85742
-1550.322945,331,149.13042
-1487.405719,330,149.406943
-1463.24197,328,149.690947
-1483.291698,328,149.965948
-1490.177928,341,150.242944
-1514.125754,343,151.472461
-1483.637712,338,151.758466
-1473.603271,333,152.032462
-1369.967776,241,152.228781
-1447.515306,310,152.488811
-1345.06947,229,152.683811
-1395.887657,234,152.881811
-1402.061025,237,153.079811
-1450.341392,321,153.343811
-1462.208391,327,153.612093
-1507.799502,330,153.891095
-1476.129616,334,155.109734
-1365.38649,239,155.306734
-1458.278066,325,155.57513
-1492.169381,332,155.853127
-1363.412414,228,156.05113
-1467.991147,330,156.33064
-1255.289389,79,156.398641
-1528.302281,330,156.676644
-1368.09173,240,156.879643
-1551.600218,332,157.159642
-1533.513591,323,158.365642
-1477.530348,335,158.644763
-1490.06306,321,158.908764
-1480.168563,336,159.193817
-1488.684867,341,159.478814
-1459.942127,326,159.754817
-1546.105244,339,160.052853
-1494.089903,343,160.348297
-1480.228108,336,160.624295
-1385.453978,239,160.819293
-1477.807116,335,162.041373
-1540.196666,346,162.32996
-1526.171746,329,162.603098
-1505.269893,349,162.889094
-2253.660775,311,163.14813
-1515.760174,344,163.44413
-2034.859877,25,163.465131
-1369.538737,241,163.66813
-1517.908031,335,163.944134
-1393.535912,233,164.138132
-2311.074204,312,164.399131
-1493.595586,343,165.63375
-2271.544484,327,165.906273
-1485.831696,329,166.178273
-1494.063609,343,166.464272
-1400.122503,236,166.667273
-1553.805259,343,166.954275
-1239.779198,51,167.000275
-1476.161392,324,167.273272
-1468.091667,330,167.548276
-1341.280264,227,167.738272
-1478.210476,335,168.9598
-1486.992185,340,169.239801
-1477.656677,335,169.516801
-1533.839372,343,169.802799
-2176.72618,220,169.987799
-1502.16684,337,170.286844
-1471.677692,332,170.570886
-1470.321461,331,170.850889
-1473.735848,333,171.124885
-1483.909644,338,171.40125
-1365.861991,239,172.535249
-1493.956942,333,172.813826
-1473.634182,333,173.088825
-1481.666928,337,173.364827
-1455.40548,324,173.636825
-1477.90524,325,173.915825
-1257.355808,80,173.982867
-1240.697225,52,174.026865
-1527.062744,340,174.311864
-1359.834912,236,174.505865
-1505.548314,339,174.783864
-1483.415568,338,176.031558
-1361.144718,237,176.23156
-1496.266823,344,176.514559
-1361.876546,237,176.71009
-1520.28158,326,176.985087
-1385.763193,239,177.185087
-1497.400336,335,177.464087
-1474.124103,333,177.741088
-1479.565104,336,178.024087
-1480.293832,326,178.291516
-1462.139813,327,179.505558
-1508.340108,330,179.77775
-1487.680976,340,180.061752
-1531.558863,332,180.336748
-1363.672799,238,180.544748
-1469.711247,331,180.825786
-1363.827477,238,181.024788
-1481.176618,327,181.301789
-1369.489101,241,181.503791
-1462.255539,327,181.773788
-1466.212089,329,182.988351
-1469.656778,331,183.267354
-1488.277596,330,183.537352
-1524.240847,338,183.815356
-2249.946467,305,184.068351
-2251.403118,309,184.336353
-1497.757514,345,184.627351
-1483.643618,338,184.913355
-1489.858371,341,185.195866
-1376.747142,225,185.387866
-1483.911393,328,186.600711
-1475.926338,334,186.87571
-1383.858579,238,187.07171
-1483.528578,328,187.342713
-1485.189519,329,187.62083
-1444.125542,318,187.88583
-1486.33876,339,188.168831
-1460.247036,326,188.447833
-1489.946875,331,188.720357
-1545.703462,339,189.001361
-1515.532411,344,190.226395
-1486.039196,339,190.506185
-1459.508765,326,190.784184
-1576.31594,344,191.071185
-1485.910026,339,191.355182
-1498.124894,345,191.648183
-1469.945928,331,191.9243
-1495.822697,334,192.197299
-1480.059643,336,192.474299
-2195.1067,239,193.611818
-1497.534839,335,193.891818
-1524.347308,348,194.175818
-1491.818743,342,194.460818
-1485.984559,339,194.746583
-1365.208257,239,194.953582
-1499.764117,336,195.235581
-1503.135103,338,195.517581
-1515.657102,344,195.802109
-1510.235687,341,197.024109
-1495.544857,334,197.30217
-1491.871443,342,197.590165
-1474.183021,333,197.862699
-1370.081057,241,198.067702
-1490.219783,341,198.353697
-1235.183003,49,198.395697
-1481.617434,327,198.674214
-1517.730939,355,198.970211
-1461.823024,327,199.240212
-1495.502918,334,199.514211
-1387.795942,240,200.653258
-1514.285196,333,200.932256
-1483.822226,338,201.220256
-2289.049097,326,201.485255
-1487.862379,340,201.770256
-1554.067112,353,202.067255
-1496.10348,334,202.348257
-2285.405561,319,202.610585
-1507.400209,350,202.896584
-1524.053102,338,204.120583
-1483.608028,338,204.402587
-1487.788366,330,204.672585
-1464.276669,328,204.944585
-1457.555817,325,205.220638
-1491.352453,332,205.503639
-2248.168985,310,205.764159
-1489.340802,341,206.047162
-1530.323753,341,206.331237
-1485.835209,339,207.549755
-1521.777655,337,207.830755
-1467.808327,330,208.099281
-1489.807881,341,208.388283
-1492.047998,342,208.682281
-1483.883412,338,208.973281
-1486.010512,339,209.26881
-1485.872156,339,209.557842
-1533.764177,343,209.84104
-1361.272626,237,210.036096
-1469.766413,331,211.254096
-1369.932038,241,211.456097
-1487.496815,330,211.730094
-1475.365481,334,212.006094
-1477.774606,325,212.277094
-1472.013462,332,212.556309
-1471.764928,332,212.839073
-1489.773807,341,213.121825
-1504.036875,338,213.39802
-1515.843096,334,214.607698
-1517.538567,345,214.897699
-1481.768766,337,215.174244
-1513.590551,333,215.447241
-1492.092049,342,215.737283
-636.0,268,215.970282
-1486.208364,329,216.245283
-1464.309895,328,216.516283
-1489.993068,341,216.797282
-1512.124531,332,218.012317
-1483.329406,338,218.291318
-2305.28006,348,218.577505
-1471.731337,332,218.850031
-1504.278289,338,219.138385
-1486.087229,339,219.425384
-1511.450022,332,219.703384
-1478.051159,335,219.991388
-1483.249835,338,220.271385
-1483.863562,338,220.546912
-1515.765683,344,221.777489
-1554.12254,333,222.05749
-2248.257033,303,222.308489
-1365.578595,239,222.503489
-1513.648931,343,222.788491
-1511.93193,342,223.077009
-1529.398516,341,223.370009
-1501.49465,347,223.658008
-1515.970008,344,223.939011
-1409.927528,241,225.07203
-1509.812051,331,225.349028
-1490.164748,331,225.620029
-1507.595781,340,225.900028
-1475.969621,334,226.175027
-1366.032602,239,226.380027
-1480.101844,336,226.660027
-1488.169004,330,226.938026
-1489.661701,341,227.220033
-1476.105016,334,227.499032
-1480.042075,336,228.709593
-1470.041585,331,228.980588
-1492.149245,332,229.254593
-1519.641668,346,229.544588
-1515.711891,344,229.827589
-2248.744972,312,230.089624
-1497.823915,335,230.371624
-1474.282473,333,230.651626
-1488.058647,340,230.928717
-1540.121444,346,232.16975
-1507.735355,340,232.45075
-1491.756305,342,232.732916
-1514.062359,343,233.012917
-1469.506916,331,233.289915
-1557.402292,345,233.575915
-1479.953684,336,233.863915
-1499.922947,346,234.152946
-1526.157863,339,234.430948
-1487.875915,340,235.67698
-1551.33932,342,235.96098
-1506.217106,339,236.236981
-1489.628149,341,236.516979
-1543.518436,338,236.80198
-1497.454381,345,237.095021
-1548.312323,340,237.381019
-1530.193149,341,237.66302
-2274.728862,312,237.924024
-1481.939738,337,239.137554
-1507.611285,340,239.41555
-1497.126596,335,239.691552
-1499.815336,326,239.962956
-1475.914636,334,240.243957
-1497.990254,335,240.525958
-1494.070518,343,240.813471
-1499.173386,336,241.100471
-1509.014281,341,241.383473
-1554.051804,343,242.61847
-1501.917164,327,242.888471
-1492.120296,342,243.179473
-1524.08713,338,243.463489
-1467.949487,330,243.735489
-1606.222636,339,244.017489
-1508.083654,340,244.305489
-1502.243668,337,244.612493
-1488.189797,340,244.970881
-1521.802222,347,269.929721
-1537.944681,345,270.293235
-1557.976504,345,270.585767
-1481.880554,337,270.867291
-1511.334487,342,271.149294
-1559.768265,346,271.441293
-1503.757387,338,271.728816
-1515.652366,344,272.013817
-1563.530981,348,272.301487
-1531.549779,342,273.530988
-1512.287668,342,273.82199
-1493.992203,343,274.105988
-1485.756993,339,274.389987
-1489.979155,341,274.676398
-1528.216126,350,274.964104
-1508.049335,340,275.246104
-1495.91206,344,275.532104
-1510.036568,341,275.818104
-1484.056596,338,277.065138
-1520.008208,346,277.34714
-1518.045146,345,277.631179
-1533.609427,343,277.946178
-1541.918368,347,278.258247
-1562.221993,347,278.563247
-1492.321738,342,278.868248
-1489.588858,341,279.155246
-1503.835071,348,279.443247
-1516.275251,354,280.666291
-1514.150786,353,280.960295
-2280.184856,329,281.235296
-1493.540523,343,281.518292
-2282.622623,329,281.788294
-1510.305153,341,282.082767
-1526.262544,349,282.369763
-1497.706098,345,282.655246
-1487.941472,340,282.964247
-1511.60449,342,284.208247
-1512.336185,342,284.492481
-1537.86895,345,284.781479
-1551.952434,352,285.076007
-1496.12941,344,285.366008
-1492.130117,342,285.646009
-1522.268242,347,285.937183
-1493.615336,343,286.230707
-1501.850494,347,286.521709
-1499.877138,346,287.755738
-1498.230162,345,288.05074
-1523.914416,348,288.351765
-1509.634864,351,288.643764
-1496.312376,344,288.928765
-1502.216436,347,289.217774
-1510.314658,341,289.507768
-1578.282361,355,289.799768
-1498.292434,345,290.084764
-1510.195255,351,291.317551
-1504.020549,348,291.613712
-1504.285181,348,291.906713
-1532.001665,352,292.201712
-1577.6951,355,292.495713
-1506.292995,349,292.790712
-1497.965684,345,293.078712
-1506.133121,349,293.373715
-1541.768986,347,293.663504
-1522.201435,347,294.895575
-1527.715845,350,295.191614
-1871.505444,589,295.689134
-1809.533803,628,296.213135
-1495.658673,344,296.497595
-1529.917667,351,296.789656
-1504.308919,348,297.084655
-1780.272911,624,298.562184
-2301.671958,338,298.848186
-2240.131196,302,299.103184
-1783.520955,626,299.622184
-1809.096516,628,300.147185
-2344.283764,373,300.468184
-1513.943018,353,300.760752
-1800.395174,593,302.213271
-2305.102416,334,302.496273
-1505.734838,349,302.787271
-1786.159935,627,303.321273
-1506.025295,349,303.617802
-1537.673433,355,303.911798
-1506.014585,349,304.201801
-1513.938099,353,305.4348
-1511.782786,352,305.730799
-1798.061128,592,306.235833
-2321.811169,345,306.52885
-1768.397661,628,307.044852
-1529.92058,341,307.328852
-1515.457719,354,307.625849
-1774.100819,631,309.099848
-1516.045444,354,309.403885
-1502.144733,347,309.698886
-1514.178275,353,309.99227
-1498.081849,345,310.27327
-1507.576037,350,310.575273
-1495.823773,344,310.897271
-1518.345391,355,311.189274
-1757.782163,623,312.647842
-1516.104017,354,312.947842
-1758.835723,592,313.443372
-1516.173006,354,313.749445
-1749.525998,588,314.237783
-1509.876952,351,314.528781
-1515.915344,354,314.830786
-1765.45132,627,316.320669
-1505.736091,349,316.623669
-1774.5675,631,317.154726
-1786.492423,586,317.635725
-1759.222187,593,318.130025
-1515.792319,354,318.419024
-1765.718489,627,319.915024
-1736.870238,581,320.422025
-1783.44741,626,320.948025
-1535.533265,354,321.251025
-1761.375555,624,321.77426
-1773.233754,630,323.248731
-1750.665454,588,323.760777
-1788.086717,587,324.268815
-1758.662557,592,324.755817
-1783.626945,636,325.295649
-1240.066008,51,325.339651
-1837.295879,642,326.82617
-1771.113013,629,327.374171
-1732.165483,579,327.857174
-1791.804413,630,328.382174
-1759.921985,593,328.87317
-1811.563318,650,330.364733
-1805.549981,626,330.912819
-1819.487556,643,331.456867
-1778.512466,633,331.986869
-1776.099001,632,332.508868
-1773.617409,590,333.951585
-1761.930147,594,334.468585
-1779.605689,634,335.003115
-1754.859873,590,335.490111
-1536.206025,354,335.784111
-1807.034997,637,337.23963
-1807.602112,648,337.796153
-1800.984816,645,338.339155
-1822.403808,655,338.886154
-1826.51946,647,339.419458
-2463.331835,478,340.756534
-1853.380198,670,341.326535
-1795.794184,758,341.957382
-1846.613593,657,342.501923
-1836.420761,662,343.05381
-1837.291228,662,344.552065
-1866.961917,667,345.119064
-1466,733,345.730064
-1438.485233,180,345.883064
-1522.0,741,346.500063
-1805.858568,762,348.075587
-1904.833998,635,348.614049
-1476,738,349.226053
-1788.499326,763,349.860093
-1842.32856,665,351.33818
-1504,752,351.973698
-1514,757,352.608925
-1500.0,740,353.217929
-1911.510647,659,354.722583
-1874.969798,671,355.289618
-2312.134172,341,355.57662
-1844.716666,666,356.132531
-1845.482213,666,356.680162
-1861.162434,664,357.229207
-1533.886904,353,358.460293
-1789.423043,638,359.002294
-1847.302324,667,359.561354
-1760.13478,593,360.053795
-1365.140986,239,360.249803
-1854.286709,671,361.759161
-1829.569347,648,362.324732
-1875.516228,671,362.893248
-1528.0,754,363.524248
-1504,752,364.147252
-1496,748,365.720845
-1740.54985,583,366.220844
-1512.089342,352,366.519375
-1803.213247,771,367.154374
-2657.660834,668,367.718372
-1847.065886,667,369.240959
-1872.596098,670,369.815479
-1500,750,370.459065
-1780.708558,760,371.103771
-1508,754,372.672431
-1807.879495,773,373.357473
-2534.606019,552,373.828471
-1840.860217,664,374.374683
-1783.921315,762,427.955768
-1821.653187,655,428.581301
-2276.579811,322,428.848302
-1855.558984,671,429.410369
-1814.799587,777,430.062273
-1531.265832,352,430.358793
-1839.526718,663,431.856844
-1792.266777,765,432.500844
-1788.876232,765,433.14184
-1809.526699,764,433.777841
-1846.280362,772,435.358882
-1515.726778,354,435.657885
-1808.697783,763,436.288883
-1824.073741,771,436.942411
-1507.604115,350,437.231932
-1784.678695,762,438.80049
-1827.739286,773,439.440492
-1878.300331,755,440.070211
-1836.77955,662,440.621754
-1896.165131,764,442.22809
-1524.008265,348,442.525623
-1812.853268,777,443.172146
-1777.738424,759,443.811936
-1792.653258,766,444.467839
-1884.535103,757,446.085417
-1760.222413,593,446.579942
-1815.456569,777,447.235944
-1510,755,447.858942
-1882.236529,756,449.439982
-1812.624782,776,450.089981
-1819.068985,780,450.737184
-1879.18205,756,451.37888
-2615.621867,633,452.868395
-1939.164261,764,453.503481
-1837.317179,769,454.1507
-1845.738815,772,454.7957
-1815.836712,777,456.39363
-1850.683466,669,456.95867
-1829.246517,775,457.606206
-1890.886636,760,458.236202
-1849.476413,668,458.795202
-1788.63314,763,460.388814
-1812.87842,777,461.038817
-1390.957037,176,461.181818
-1816.713748,778,461.825815
-1390.939871,176,461.982816
-1880.262283,755,463.569577
-1849.558846,668,464.125655
-1853.061265,670,464.678927
-1901.678105,757,465.311636
-1386.217138,174,465.458165
-1807.251689,773,467.059907
-1794.833812,768,467.711906
-1785.269776,762,468.350439
-1898.866355,765,468.98149
-1879.64399,755,470.577843
-1842.098704,771,471.214092
-1881.296315,755,471.84662
-1882.447335,756,472.482179
-1920.23665,755,474.0527
-1828.743429,773,474.706704
-1798.453484,769,475.341701
-1803.846591,773,475.988702
-1877.865756,754,477.552732
-1802.024528,771,478.196734
-1851.394594,669,478.753731
-1900.908426,766,479.383125
-2342.725353,370,479.691124
-1875.889998,753,481.279272
-1874.291695,752,481.907797
-1900.327942,765,482.537319
-1940.99303,766,483.177837
-1803.241963,771,484.765682
-1945.321841,777,485.411684
-2647.607031,647,485.947683
-1906.503157,759,486.574733
-1891.143754,760,488.156765
-1914.746883,773,488.796766
-1895.539106,671,489.358573
-1883.759513,758,489.982104
-1907.562008,769,491.562368
-1847.634645,667,492.112369
-1518.09501,355,492.409369
-1878.191686,754,493.029368
-1889.856893,761,493.664369
-1939.163842,775,495.248405
-1886.905937,758,495.88295
-1904.918087,758,496.509947
-1913.726207,772,497.15024
-1901.022852,766,498.749289
-1887.080042,758,499.374285
-1516.164668,354,499.665812
-1889.20093,760,500.29653
-1967.179972,778,501.879665
-1979.574888,795,502.549228
-1919.204837,774,503.195234
-1918.050141,774,503.835558
-1940.486171,785,505.434153
-1897.195329,764,506.090683
-1944.740525,788,506.749842
-1856.816251,672,507.311841
-1937.15972,783,508.928385
-1973.242869,791,509.612421
-1978.407156,804,510.323941
-1947.119608,778,510.969945
-1959.425349,795,512.579849
-1985.468202,798,513.242851
-1993.576091,802,513.912182
-1921.21445,776,514.559711
-2003.759608,807,516.185323
-1973.301343,792,516.850324
-1985.413148,862,517.564869
-2010.70218,864,518.288872
-1976.743067,803,519.917427
-1950.102568,790,520.572503
-1978.661567,859,521.291437
-1994.357395,866,522.008961
-2335.660325,344,523.246996
-1969.810521,800,523.914512
-2015.228459,877,524.643599
-2031.567685,865,525.361603
-1991.455919,865,527.028636
-2002.461383,806,527.698637
-1980.999493,805,528.365761
-1988.890387,809,529.054758
-1985.840194,808,530.690218
-1857.47053,672,531.246554
-1966.10574,798,531.908554
-1854.925352,671,532.465554
-1994.450116,802,588.417515
-1986.487527,808,589.169796
-1964.014982,797,589.829798
-2007.331517,808,590.506965
-2055.929136,897,592.201014
-2045.347614,892,592.945602
-1851.435381,669,593.498603
-2059.136329,899,594.236855
-2075.474919,907,595.953445
-2047.872535,893,596.699978
-1849.561166,668,597.252975
-2032.079757,885,597.989504
-2083.864608,911,599.720553
-1762.713004,594,600.212553
-1989.139893,809,600.898083
-2083.967758,911,602.592602
-1854.795241,671,603.159127
-1850.0,915,603.920123
-1843.630738,665,604.468649
-2074.490582,906,606.172761
-2089.150478,859,606.898762
-1864,932,607.665423
-1832,916,608.423074
-1836,918,610.146861
-1852,926,610.92652
-2059.451392,899,611.670645
-1852,926,613.394162
-1842,921,614.162165
-1860.0,920,614.924693
-1836,918,616.635102
-2080.354235,909,617.401106
-1840,920,618.164852
-1848,924,618.933853
-1830,915,620.661884
-1832,916,621.430911
-1840,920,622.195914
-1834,917,623.909989
-1846.0,913,624.667997
-1848,924,625.443041
-2073.77371,906,627.173055
-1854,927,627.960059
-2072.479774,905,628.710059
-2069.756111,904,629.465853
-1884.0,932,631.201892
-1838,919,631.970891
-1826,913,632.727894
-2079.989996,909,634.442954
-1989.161042,809,635.115983
-2080.702557,909,635.872987
-1844.0,912,636.629983
-1830,915,638.336705
-1868,934,639.116705
-1858,929,639.892706
-1886,943,641.644834
-1878,939,642.422838
-1886.0,933,643.194136
-1854.829695,671,643.748136
-1866,933,645.466656
-1836,918,646.232656
-1878.0,929,647.006657
-1832,916,648.724657
-1842,921,649.507657
-1836,918,650.278711
-1840,920,652.035236
-1846,923,652.811299
-1824,912,653.570825
-1848,924,654.337825
-2069.818271,904,656.099326
-1852,926,656.88637
-1840,920,657.657369
-1882,941,659.426332
-1844,922,660.20237
-1850,925,660.968894
-1842,921,662.713896
-2058.70464,898,663.481184
-1832,916,664.25226
-2079.692359,909,665.030127
-2060.220209,899,666.761699
-1856.830018,672,667.325718
-2088.181372,859,668.051589
-2925.603419,908,669.801935
-1874,937,670.617083
-1846,923,671.388442
-1860,930,672.188467
-1854,927,673.954468
-1880,940,674.754811
-2082.870601,911,675.52281
-1760.258355,593,676.984857
-1874,937,677.773907
-1876,938,678.554759
-1862,931,679.321758
-1894,947,681.07288
-1894,947,681.85788
-1876,938,682.647963
-1878,939,684.393216
-1872,936,685.178746
-1870,935,685.959448
-1882,941,687.691025
-1866,933,688.487024
-1874,937,689.284079
-1836,918,690.998639
-1840,920,691.813164
-1862,931,692.633372
-1854,927,693.460725
-1846,923,759.005764
-1842,921,759.979766
-1862,931,760.782293
-1846,923,761.561294
-1832,916,763.308386
-2080.220475,909,764.075382
-1830,915,764.871933
-1824,912,766.611568
-1830,915,767.381568
-1842,921,768.174567
-1854,927,768.946568
-1848,924,770.678087
-1838,919,771.446147
-1854,927,772.263954
-1842,921,774.06151
-1826,913,774.878038
-1836,918,775.651184
-2061.473657,900,777.358179
-1834,917,778.125711
-2078.448153,908,778.889091
-1840,920,779.651822
-2756.884933,752,781.289751
-1834,917,782.088806
-1840,920,782.860822
-1826,913,784.645093
-1830,915,785.447089
-1852,926,786.234996
-1864.0,912,788.082048
-1516.058228,354,788.421048
-1840,920,789.261083
-1850,925,790.108727
-1850,925,792.049093
-1850,925,793.001123
-1826,913,793.875427
-1836,918,794.722171
-1832,916,796.647095
-1834,917,797.462866
-1844,922,798.297566
-1876,938,800.165725
-1854,927,800.993557
-1880,940,801.838611
-1846,923,803.672096
-1874,937,804.496531
-1862,931,805.344127
-1898,949,806.218362
-1848,924,808.03488
-1876,938,808.898547
-1860,930,809.732758
-1868,934,811.576724
-1880.0,930,812.445868
-1844,922,813.255463
-1852,926,815.182758
-1851.163917,669,815.825386
-1844,922,816.648662
-1854,927,817.460337
-1866,933,819.315919
-1840,920,820.095704
-1860.0,920,820.867234
-1840,920,822.572218
-1838,919,823.355753
-1826,913,824.118754
-1848,924,824.897754
-1848,924,826.646775
-1842,921,827.433013
-1850,925,828.223261
-1842,921,829.959347
-2327.683168,354,830.25939
-1826,913,831.020789
-1826,913,831.781792
-1844,922,833.512843
-1826,913,834.275843
-1824,912,835.031843
-2064.500565,901,836.733941
-2074.269093,906,837.507456
-2075.847387,907,838.282739
-2645.095251,656,838.847259
-1834,917,840.577611
-2072.295169,905,841.338047
-2059.979792,899,842.095339
-2070.138782,904,843.798379
-2075.964699,907,844.564377
-1840,920,845.333987
-2064.499043,901,846.083214
-2069.676453,904,847.81025
-1844,922,848.606774
-2081.541371,910,849.396208
-1860,930,851.151258
-1828,914,851.942947
-1876.0,928,852.744956
-1856,928,854.497
-1858,929,855.310364
-1880,940,856.131571
-1850,925,856.974575
-1874,937,858.760688
-1930.0,945,859.58168
-1866,933,860.394677
-1868,934,862.153034
-1878,939,862.97179
-1855.067207,671,863.55079
-1870,935,865.314888
-1886,943,866.159177
-1858,929,867.007896
-1874,937,867.822364
-1860,930,932.184772
-1862.0,921,933.007772
-1866,933,933.781773
-1850,925,934.545771
-1844,922,936.249133
-1852,926,937.014665
-1828,914,937.767972
-1826,913,939.479025
-1824,912,940.231388
-1844,922,940.993154
-1850,925,941.762453
-2076.254998,907,943.442493
-1836,918,944.197021
-1828,914,944.952019
-1844,922,946.64945
-1862,931,947.425975
-1848,924,948.194975
-1832,916,949.90317
-1844,922,950.660693
-1838,919,951.422834
-1842,921,952.184885
-1850,925,953.891458
-1832,916,954.650789
-1846,923,955.417785
-1830,915,957.11231
-1857.331654,672,957.673308
-1842,921,958.438833
-2071.376761,905,960.118363
-2076.330957,907,960.87589
-1826,913,961.62689
-1834,917,962.391123
-1836,918,964.103978
-1842,921,964.870156
-1836,918,965.627154
-1844,922,967.343136
-1854,927,968.108858
-1850,925,968.878317
-1838,919,969.649318
-1838,919,971.368594
-1854,927,972.136647
-1854,927,972.905413
-1840,920,974.599931
-1842,921,975.361928
-1848,924,976.123241
-1858,929,977.845983
-1857.134744,672,978.402987
-1856,928,979.163015
-1850,925,979.944865
-1858,929,981.650393
-1844,922,982.415815
-1846,923,983.177816
-1854,927,984.886096
-1850,925,985.650218
-1848,924,986.417998
-1854,927,988.114997
-1860,930,988.898051
-1848,924,989.661587
-1880.0,930,990.446587
-1862,931,992.170354
-1860,930,992.937354
-1852,926,993.699498
-1842,921,995.410815
-1854,927,996.172815
-1842,921,996.936674
-1842,921,998.634714
-1852,926,999.442298
-1762.405261,594,999.960299
-1846,923,1000.763186
-1844,922,1002.489463
-1850,925,1003.275461
-1834,917,1004.071463
-1838,919,1005.806985
-1834,917,1006.606324
-1857.378655,672,1007.18714
-1828,914,1007.986425
-1842,921,1009.704447
-1834,917,1010.512042
-1828,914,1011.303696
-1828,914,1013.063828
-1836,918,1013.854919
-1826,913,1014.647454
-1826,913,1015.441506
-1832,916,1017.184502
-1840,920,1017.980642
-1824,912,1018.768166
-1824,912,1020.527169
-1824,912,1021.319379
-1824,912,1022.108288
-1826,913,1023.83751
-2078.149385,908,1024.639724
-1834,917,1025.444247
-2075.795205,907,1026.256246
-1824,912,1027.991355
-1850.0,915,1028.784355
-2083.530997,911,1029.59141
-1852,926,1031.346468
-1854,927,1032.111467
-1844,922,1032.871467
-1840,920,1034.573988
-1852,926,1035.352988
-1836,918,1036.118368
-1840,920,1036.885423
-1846,923,1100.342118
-1878.0,929,1101.247135
-1850,925,1102.070132
-1858,929,1102.868399
-1855.047288,671,1104.435951
-1836,918,1105.23201
-1850,925,1106.012014
-1850,925,1107.723683
-1832,916,1108.49271
-1840,920,1109.265712
-1858,929,1110.035711
-1836,918,1111.756367
-1754.765748,590,1112.256247
-1855.645632,671,1112.825249
-1842,921,1113.588837
-1850,925,1115.299376
-1842,921,1116.080422
-1848,924,1116.846419
-1853.220644,670,1118.341785
-1832,916,1119.102786
-1760.147665,593,1119.607785
-2639.976874,649,1120.144788
-1850.484032,669,1120.70331
-1762.094902,594,1122.136383
-1856.863947,672,1122.706943
-1853.07798,670,1123.282475
-1756.32349,591,1123.779655
-1888,944,1125.505371
-1888,944,1126.3029
-1762.228611,594,1126.808061
-1894,947,1127.594064
-1894,947,1129.321304
-2074.727717,852,1130.043851
-1857.540542,672,1130.601851
-1517.731011,355,1130.901851
-1896,948,1132.649563
-1892,946,1133.459562
-1896,948,1134.25009
-1896,948,1135.981151
-1894,947,1136.764802
-2078.851651,854,1137.488316
-1888,944,1138.279478
-1902,951,1140.011506
-1900,950,1140.809096
-1900,950,1141.605287
-1900,950,1143.32234
-2198.249874,958,1144.128341
-1902,951,1144.923773
-1890,945,1146.656291
-1896,948,1147.450373
-1882,941,1148.234894
-1886,943,1149.958984
-1896,948,1150.745195
-1872,936,1151.526722
-1886,943,1152.308269
-1914.0,937,1154.040254
-1880,940,1154.817488
-1890,945,1155.607234
-1886,943,1157.344892
-1878,939,1158.155888
-1884,942,1158.950889
-1864,932,1160.670026
-1864,932,1161.44342
-1870,935,1162.217066
-1868,934,1163.959364
-1872,936,1164.7444
-1870,935,1165.532805
-1874,937,1166.314332
-1864,932,1168.028419
-1862,931,1168.812027
-1854,927,1169.577605
-1744.51215,585,1171.000127
-1856,928,1171.776185
-1850,925,1172.543183
-1858,929,1173.315707
-1848,924,1175.034197
-1844,922,1175.797715
-1852,926,1176.570906
-1856,928,1178.282411
-1854,927,1179.05767
-1858,929,1179.838894
-1856,928,1181.558636
-1842,921,1182.32327
-1868.0,924,1183.101284
-1840,920,1183.874288
-1844,922,1185.611802
-1832,916,1186.370958
-1850,925,1187.166476
-1846,923,1188.876528
-1846,923,1189.642049
-1858,929,1190.427566
-1840,920,1192.126819
-1838,919,1192.893921
-1842,921,1193.66048
-1836,918,1194.434479
-1838,919,1196.153425
-1840,920,1196.910421
-1840,920,1197.690455
-1836,918,1199.399021
-1836,918,1200.163018
-1836,918,1200.935551
-1828,914,1202.639339
-1832,916,1203.401395
-1824,912,1204.157392
-1828,914,1204.939411
-1826,913,1269.14346
-1846.0,913,1269.979456
-1826,913,1270.746494
-1828,914,1271.49931
-2084.573623,911,1273.205932
-2082.988206,911,1273.969457
-2082.582246,910,1274.721457
-2083.955515,911,1276.434032
-2074.485258,906,1277.20856
-2075.614118,907,1277.97656
-2073.398021,906,1278.722563
-1826,913,1280.45593
-2076.248156,907,1281.229929
-2079.694332,909,1281.985929
-2079.231482,909,1283.728499
-2078.434558,908,1284.501536
-2082.902653,911,1285.26142
-2080.394757,909,1287.010484
-2080.481141,909,1287.769999
-1853.535723,670,1288.344999
-2079.154225,909,1289.12405
-2080.214983,909,1290.842166
-2077.370362,908,1291.590442
-2077.954723,908,1292.353691
-1826,913,1294.059747
-2081.659055,910,1294.817089
-1824,912,1295.580216
-2084.377293,911,1296.354876
-2074.856711,907,1298.067652
-2078.696924,908,1298.829672
-2077.486973,908,1299.589674
-1830,915,1301.307686
-1828,914,1302.071921
-1828,914,1302.845493
-2083.912334,911,1303.615612
-1836,918,1305.338833
-2084.172525,911,1306.104832
-1826,913,1306.8689
-1842,921,1308.588459
-1840,920,1309.362319
-1832,916,1310.12723
-1834,917,1311.843294
-1826,913,1312.611051
-1828,914,1313.380051
-1826,913,1314.141051
-2079.514042,909,1315.859436
-1830,915,1316.61396
-1830,915,1317.37796
-1830,915,1319.095135
-1832,916,1319.85923
-1838,919,1320.623503
-1840,920,1322.371832
-1826,913,1323.131202
-1834,917,1323.907564
-1842,921,1324.675245
-1836,918,1326.392384
-1836,918,1327.154658
-1828,914,1327.922532
-2073.603098,906,1329.634099
-2079.900118,909,1330.401895
-2084.534342,911,1331.159894
-2079.907,909,1332.887043
-2076.203743,907,1333.638046
-2074.045472,906,1334.380567
-1856.932374,672,1334.943568
-2070.546135,904,1336.6426
-2068.9822,904,1337.393687
-2083.255191,911,1338.157213
-2078.221627,908,1339.867793
-1824,912,1340.625797
-2073.91356,906,1341.378897
-2081.861866,910,1342.132895
-1828,914,1343.84642
-2081.723538,910,1344.609207
-2083.752768,911,1345.375208
-2077.708623,908,1347.085239
-1826,913,1347.843429
-1824,912,1348.618428
-2081.784366,910,1349.373482
-2083.323382,911,1351.091117
-1824,912,1351.852666
-1824,912,1352.605681
-1830,915,1354.325772
-1826,913,1355.095866
-2084.441626,911,1355.844031
-1828,914,1357.56759
-1834,917,1358.324194
-1832,916,1359.097265
-1832,916,1359.850266
-1826,913,1361.589795
-1854.856808,671,1362.145847
-1836,918,1362.905849
-1834,917,1364.623883
-1828,914,1365.381879
-1828,914,1366.140883
-1830,915,1366.906924
-1830,915,1368.628655
-1828,914,1369.398651
-1832,916,1370.16539
-1826,913,1371.892914
-1826,913,1372.648439
-1515.455726,354,1372.941442
-1826,913,1373.698763
-1826,913,1439.3435
-1828,914,1440.173496
-1830,915,1440.937767
-1830,915,1441.704347
-1830,915,1443.412363
-1828,914,1444.174363
-1824,912,1444.939425
-1830,915,1446.64692
-2083.962871,911,1447.406451
-2083.771659,911,1448.158451
-1824,912,1448.912982
-1826,913,1450.628064
-2078.550945,908,1451.401751
-1824,912,1452.156754
-1824,912,1453.852259
-2082.479126,910,1454.605793
-1824,912,1455.382474
-1826,913,1457.093515
-1826,913,1457.858515
-2084.14126,911,1458.637414
-1830,915,1459.408472
-1826,913,1461.133795
-2084.242546,911,1461.903792
-1828,914,1462.673802
-1824,912,1464.398162
-1828,914,1465.165162
-1826,913,1465.930681
-2082.170088,910,1467.668795
-1828,914,1468.431055
-2081.777209,910,1469.199136
-1838,919,1469.966138
-1828,914,1471.69671
-1830,915,1472.453244
-2082.124702,910,1473.212957
-1832,916,1474.928631
-1830,915,1475.685635
-1838,919,1476.451828
-1840,920,1477.230641
-1834,917,1478.9384
-1830,915,1479.704665
-1824,912,1480.464705
-1828,914,1482.185744
-1828,914,1482.938151
-1824,912,1483.699155
-1824,912,1485.413998
-1826,913,1486.163567
-1828,914,1486.92157
-1826,913,1487.675587
-2083.856583,911,1489.390748
-2083.503545,911,1490.146748
-1824,912,1490.898583
-2083.244895,911,1492.619284
-1824,912,1493.372283
-2079.742625,909,1494.119353
-1832,916,1495.852402
-2072.107051,905,1496.599712
-2068.131962,903,1497.345712
-1828,914,1498.102242
-1840,920,1499.822758
-1854,927,1500.590818
-1834,917,1501.366821
-1830,915,1503.086921
-1848,924,1503.851228
-1838,919,1504.624531
-1834,917,1506.352084
-1824,912,1507.11183
-1830,915,1507.874131
-1832,916,1508.628662
-2083.944134,911,1510.340179
-1828,914,1511.107175
-1828,914,1511.862176
-1832,916,1513.584701
-1838,919,1514.346216
-2082.025736,910,1515.101217
-1832,916,1516.824371
-1836,918,1517.583371
-1836,918,1518.344422
-1844,922,1519.122425
-1836,918,1520.844483
-1832,916,1521.611004
-1838,919,1522.377532
-1838,919,1524.119622
-1844,922,1524.887148
-2084.161499,911,1525.654145
-1830,915,1526.425145
-1840,920,1528.160101
-1846,923,1528.927401
-1844,922,1529.698398
-1828,914,1531.42899
-1834,917,1532.185841
-1838,919,1532.95184
-1830,915,1534.665165
-1828,914,1535.429163
-1832,916,1536.18123
-1830,915,1536.931062
-1830,915,1538.63922
-1836,918,1539.399215
-1832,916,1540.154754
-1826,913,1541.8738
-1826,913,1542.6278
-1826,913,1543.417921
-2084.69125,911,1607.978301
-1844.0,912,1608.809298
-2084.301499,911,1609.575359
-2082.751616,910,1610.322668
-1824,912,1612.042654
-2084.675697,911,1612.799718
-2082.734236,910,1613.545768
-1826,913,1615.274041
-1836,918,1616.03606
-1828,914,1616.801121
-1828,914,1617.561634
-1828,914,1619.267031
-1840,920,1620.037199
-1832,916,1620.79235
-1828,914,1622.499938
-1826,913,1623.260464
-1826,913,1624.011503
-1828,914,1625.732564
-1826,913,1626.483655
-1824,912,1627.241655
-1830,915,1628.002654
-1824,912,1629.704701
-1824,912,1630.463855
-2084.214053,911,1631.22345
-2082.727383,910,1632.920967
-2080.636401,909,1633.679967
-2081.773389,910,1634.433493
-2081.555761,910,1636.14052
-2076.49968,907,1636.888046
-2076.684832,907,1637.652048
-2067.60894,903,1638.399048
-2076.177408,907,1640.092573
-2068.191597,903,1640.845607
-2077.337363,908,1641.604604
-2073.244421,906,1643.304826
-2075.523987,907,1644.054165
-2078.638757,908,1644.820198
-2081.902796,910,1645.579723
-2079.987404,909,1647.27076
-2076.62372,907,1648.03494
-2076.735847,907,1648.789938
-2078.75735,908,1650.488464
-2078.56209,908,1651.235465
-2076.296194,907,1651.996929
-1830,915,1653.696928
-2075.635723,907,1654.438932
-2080.402254,909,1655.201928
-2082.555408,910,1655.962932
-2080.592009,909,1657.662855
-1830,915,1658.428853
-1824,912,1659.188853
-2083.705456,911,1660.878726
-1828,914,1661.637813
-1838,919,1662.412812
-1834,917,1664.111943
-2077.436246,908,1664.863944
-1824,912,1665.627985
-2072.608493,905,1666.396514
-1830,915,1668.102333
-2084.465995,911,1668.864329
-2081.416881,910,1669.627331
-2082.656127,910,1671.323378
-2084.379561,911,1672.07552
-1824,912,1672.84252
-1828,914,1673.5926
-1830,915,1675.295184
-1832,916,1676.072707
-1828,914,1676.844453
-1824,912,1678.563454
-1824,912,1679.315454
-1826,913,1680.082454
-2074.006368,906,1681.776975
-2079.923841,909,1682.534534
-1824,912,1683.296056
-1824,912,1684.056057
-1824,912,1685.749098
-1857.44972,672,1686.313099
-1826,913,1687.085102
-2084.002875,911,1688.779192
-1824,912,1689.532192
-1826,913,1690.298223
-1826,913,1691.054264
-1518.233411,355,1692.300291
-1826,913,1693.05929
-1824,912,1693.84901
-1824,912,1694.605531
-1824,912,1696.310099
-2084.270423,911,1697.091968
-1824,912,1697.854972
-1832,916,1699.562684
-2079.459921,909,1700.314683
-1824,912,1701.079716
-1826,913,1702.767768
-1830,915,1703.530683
-1824,912,1704.290683
-1828,914,1705.056927
-1830,915,1706.761964
-1830,915,1707.542001
-1830,915,1708.309001
-1834,917,1710.03762
-1836,918,1710.796667
-1826,913,1711.567665
-1828,914,1776.367794
-1848.0,914,1777.198344
-1834,917,1777.965344
-1824,912,1778.730475
-2078.502155,908,1780.435448
-1836,918,1781.193116
-1826,913,1781.94664
-1836,918,1783.641559
-1832,916,1784.401233
-1836,918,1785.170765
-1828,914,1785.939769
-1828,914,1787.639468
-1834,917,1788.404523
-1824,912,1789.181526
-1834,917,1790.894049
-1830,915,1791.64405
-1832,916,1792.410086
-1828,914,1794.102514
-1852.0,916,1794.855041
-1834,917,1795.615041
-1836,918,1796.380558
-1836,918,1798.098077
-1830,915,1798.856599
-1824,912,1799.641633
-1826,913,1801.328158
-1830,915,1802.082155
-1824,912,1802.848155
-1830,915,1804.546718
-1832,916,1805.296457
-1832,916,1806.055991
-1832,916,1806.818988
-1830,915,1808.51786
-1828,914,1809.27086
-1832,916,1810.044379
-1826,913,1811.739918
-1824,912,1812.488917
-1826,913,1813.245921
-1828,914,1814.949969
-2084.68359,911,1815.706991
-2084.389783,911,1816.455992
-1824,912,1817.319667
-1826,913,1819.026971
-1824,912,1819.788503
-1828,914,1820.556017
-1828,914,1822.258481
-2080.525143,909,1823.011482
-1824,912,1823.768483
-2081.626885,910,1824.528525
-2082.708205,910,1826.23204
-1828,914,1826.981571
-2084.307037,911,1827.747602
-1836,918,1829.459201
-1832,916,1830.221202
-1824,912,1830.986197
-1828,914,1832.694813
-1828,914,1833.448817
-1828,914,1834.203813
-2084.458998,911,1834.962852
-1830,915,1836.653414
-1830,915,1837.408414
-1826,913,1838.172413
-1828,914,1839.911974
-1832,916,1840.675972
-1838,919,1841.43702
-1840,920,1843.167057
-1840,920,1843.928613
-1840,920,1844.689609
-1838,919,1845.469639
-1840,920,1847.17375
-1836,918,1847.931647
-1840,920,1848.704646
-1836,918,1850.437372
-1840,920,1851.199897
-1840,920,1851.968896
-1842,921,1853.68045
-1844,922,1854.439449
-1838,919,1855.197506
-1838,919,1855.967506
-1840,920,1857.672266
-1834,917,1858.428264
-1836,918,1859.193781
-1840,920,1860.904573
-1838,919,1861.664103
-1836,918,1862.431325
-1840,920,1864.146411
-1842,921,1864.905409
-1840,920,1865.661413
-1840,920,1866.428411
-1838,919,1868.146465
-1836,918,1868.902548
-1838,919,1869.65755
-1834,917,1871.387871
-1838,919,1872.145868
-1838,919,1872.907868
-1836,918,1874.619948
-1832,916,1875.379658
-1832,916,1876.133658
-1836,918,1876.889937
-1836,918,1878.600165
-1832,916,1879.355517
-1834,917,1880.11355
-1836,918,1944.660134
-1858.0,919,1945.492663
-1830,915,1946.252114
-1834,917,1947.034632
-1836,918,1948.74967
-1836,918,1949.505198
-1840,920,1950.274717
-1832,916,1951.988598
-1832,916,1952.751601
-1836,918,1953.519827
-1834,917,1954.285833
-1838,919,1956.000971
-1828,914,1956.749164
-1832,916,1957.519162
-1830,915,1959.218652
-1832,916,1959.971709
-1826,913,1960.728709
-1830,915,1962.43813
-1824,912,1963.196129
-1832,916,1963.953128
-1828,914,1964.718128
-1830,915,1966.416981
-1830,915,1967.170981
-1830,915,1967.939325
-1830,915,1969.644679
-1826,913,1970.396677
-1824,912,1971.153731
-2523.630534,533,1971.603733
-1826,913,1973.30197
-1828,914,1974.062049
-1826,913,1974.827091
-2083.582771,911,1976.526123
-1840.82817,633,1977.050177
-1824,912,1977.796693
-1824,912,1978.557694
-1828,914,1980.265731
-1824,912,1981.013734
-1824,912,1981.77386
-1824,912,1983.491388
-2084.598783,911,1984.245384
-1826,913,1985.002384
-1826,913,1985.762386
-2084.466216,911,1987.468169
-2084.70396,911,1988.21617
-2082.321955,910,1988.978817
-2084.028979,911,1990.791859
-1824,912,1991.611858
-2084.118791,911,1992.512858
-1824,912,1994.309436
-2083.953925,911,1995.073088
-1828,914,1995.85162
-1824,912,1996.622698
-2084.547706,911,1998.328223
-1826,913,1999.080225
-1826,913,1999.862261
-1828,914,2001.624832
-2082.638006,910,2002.383897
-1826,913,2003.140896
-1824,912,2004.875
-1828,914,2005.633524
-1824,912,2006.395247
-1826,913,2007.174244
-2079.445519,909,2008.905769
-1828,914,2009.68177
-2084.26457,911,2010.44462
-1824,912,2012.14609
-1826,913,2012.907542
-1826,913,2013.683539
-1826,913,2015.442062
-1826,913,2016.203593
-2082.62927,910,2016.957637
-1826,913,2017.735634
-1824,912,2019.455638
-2081.266905,910,2020.215639
-1826,913,2020.981819
-1824,912,2022.709901
-1832,916,2023.472896
-1828,914,2024.240899
-1826,913,2025.029895
-1830,915,2026.754481
-1828,914,2027.536624
-1824,912,2028.321233
-1830,915,2030.056769
-1830,915,2030.820528
-1832,916,2031.59253
-2084.357645,911,2033.355743
-2084.567352,911,2034.099743
-1826,913,2034.943743
-1824,912,2035.771776
-1826,913,2037.505355
-1828,914,2038.263356
-1828,914,2039.031353
-1828,914,2040.738911
-1840.961292,633,2041.263969
-1824,912,2042.022762
-1824,912,2042.794761
-1828,914,2044.503435
-1832,916,2045.298438
-1828,914,2046.073966
-2084.571954,911,2047.788009
-1826,913,2048.557534
-1830,915,2049.326069
-1828,914,2113.837914
-1846.0,913,2114.66891
-1826,913,2115.426436
-1826,913,2116.201949
-1826,913,2117.943982
-1834,917,2118.704984
-1828,914,2119.481013
-1517.608813,355,2119.783015
-1850.58813,638,2121.26086
-1830,915,2122.022914
-1832,916,2122.797569
-1826,913,2124.527613
-1828,914,2125.291225
-1826,913,2126.051927
-1840.786106,633,2126.599924
-1826,913,2128.332991
-2083.913755,911,2129.092412
-1828,914,2129.863431
-1824,912,2130.635011
-1826,913,2132.355561
-1826,913,2133.117827
-1828,914,2133.890352
-1844.440551,635,2135.372451
-1824,912,2136.12945
-2082.393409,910,2136.878446
-1826,913,2137.667552
-2084.271066,911,2139.421611
-1828,914,2140.1989
-1826,913,2141.008416
-1828,914,2142.687414
-1828,914,2143.449244
-1826,913,2144.256245
-1828,914,2145.968245
-1826,913,2146.7333
-1826,913,2147.511299
-1826,913,2148.348363
-1826,913,2150.057494
-1826,913,2150.814016
-1828,914,2151.633067
-1828,914,2153.340307
-1830,915,2154.102311
-1824,912,2154.909834
-1826,913,2156.609879
-2084.734381,911,2157.369741
-1826,913,2158.157869
-1832,916,2158.954933
-1832,916,2160.650977
-1824,912,2161.404977
-1824,912,2162.200315
-1850.0,915,2163.887313
-1834,917,2164.64684
-1830,915,2165.446843
-1832,916,2167.144877
-1842.819891,634,2167.674878
-1830,915,2168.440878
-1832,916,2169.243874
-1830,915,2170.923922
-1832,916,2171.67876
-1826,913,2172.466813
-1834,917,2174.181536
-1824,912,2174.937537
-1834,917,2175.702077
-2083.634973,911,2176.499115
-1832,916,2178.20663
-1826,913,2178.960631
-1836,918,2179.77663
-1826,913,2181.478678
-1830,915,2182.239301
-1834,917,2183.024298
-1872.0,916,2183.806035
-1828,914,2185.4986
-1834,917,2186.272613
-1826,913,2187.077684
-1830,915,2188.812145
-1834,917,2189.573147
-1826,913,2190.385236
-1830,915,2192.10263
-1828,914,2192.867689
-1828,914,2193.666689
-1830,915,2194.452206
-1832,916,2196.206088
-1824,912,2197.017415
-1828,914,2197.810956
-2082.37967,910,2199.571426
-1828,914,2200.386051
-1826,913,2201.185585
-1514.151343,353,2201.500583
-1824,912,2203.258955
-2083.650802,911,2204.048419
-1826,913,2204.860745
-2082.665875,910,2206.612296
-2083.266632,911,2207.416831
-2083.676767,911,2208.206868
-1828,914,2209.020873
-2082.297694,910,2210.787503
-2081.701271,910,2211.581502
-2081.859157,910,2212.370792
-1826,913,2214.11383
-2084.605412,911,2214.911465
-2078.753314,908,2215.700989
-2082.622684,910,2217.471508
-1824,912,2218.273091
-1824,912,2219.069091
-2084.608425,911,2219.877093
-2081.821302,910,2282.795532
-2100.723727,909,2283.623531
-2084.383228,911,2284.42857
-2083.994492,911,2285.190115
-1826,913,2286.864329
-2080.045582,909,2287.678331
-1828,914,2288.447205
-1828,914,2290.12026
-1824,912,2290.92185
-1826,913,2291.717849
-2083.81288,911,2292.474927
-2082.151116,910,2294.178926
-1828,914,2294.988925
-1824,912,2295.755446
-2084.146349,911,2297.45
-2084.620746,911,2298.252526
-1828,914,2299.019526
-1830,915,2300.694096
-2084.062871,911,2301.493099
-1826,913,2302.279096
-1828,914,2303.044097
-2082.166338,910,2304.716901
-1828,914,2305.528418
-2084.42876,911,2306.303021
-1826,913,2307.997053
-1824,912,2308.801088
-2075.945439,907,2309.564123
-2084.584703,911,2311.284178
-2080.708897,909,2312.08746
-1824,912,2312.874492
-1826,913,2313.649492
-1834,917,2315.383042
-2082.555746,910,2316.178217
-1830,915,2316.947237
-1832,916,2318.641237
-1830,915,2319.443237
-1826,913,2320.208239
-1830,915,2320.977768
-1826,913,2322.735341
-1830,915,2323.54534
-1832,916,2324.311071
-1826,913,2326.047635
-1832,916,2326.8625
-1828,914,2327.626725
-1828,914,2329.318815
-1834,917,2330.159668
-1826,913,2330.940706
-1834,917,2331.696587
-1830,915,2333.436119
-1832,916,2334.241115
-1832,916,2334.995853
-1832,916,2336.696551
-1824,912,2337.507413
-1824,912,2338.275415
-1826,913,2339.95266
-1826,913,2340.771244
-1830,915,2341.557301
-1824,912,2342.328484
-2081.825862,910,2344.039993
-1828,914,2344.854994
-2084.144056,911,2345.657296
-1828,914,2347.422797
-1832,916,2348.247797
-1824,912,2349.017806
-1828,914,2350.719331
-1836,918,2351.482567
-1830,915,2352.257168
-1828,914,2353.035782
-2082.692191,910,2354.751875
-1828,914,2355.541967
-1826,913,2356.304971
-1826,913,2358.085035
-2084.156182,911,2358.891104
-1828,914,2359.706693
-2084.335912,911,2360.511745
-1832,916,2362.268114
-1853.040614,670,2362.879987
-1828,914,2363.688556
-1826,913,2365.474687
-1857.237511,672,2366.075233
-1828,914,2366.874233
-1832,916,2367.680308
-1830,915,2369.435535
-1832,916,2370.255045
-1834,917,2371.065567
-1828,914,2372.840446
-1836,918,2373.662887
-1826,913,2374.472316
-1836,918,2376.221422
-1826,913,2377.033995
-1834,917,2377.836085
-1828,914,2378.655085
-1830,915,2380.411403
-1830,915,2381.222911
-2078.390894,908,2382.017968
-1830,915,2383.824485
-1830,915,2384.638048
-1830,915,2385.458624
-1828,914,2386.281107
-1830,915,2388.054139
-1836,918,2388.871226
-1826,913,2389.6633
-1834,917,2453.63554
-1834,917,2454.46454
-1828,914,2455.228067
-1834,917,2455.996359
-1830,915,2457.713422
-1828,914,2458.473425
-1830,915,2459.226748
-2081.954637,910,2460.923106
-1828,914,2461.681335
-1832,916,2462.438352
-1824,912,2463.194174
-1828,914,2464.916219
-1828,914,2465.685901
-1832,916,2466.447901
-1834,917,2468.172422
-1826,913,2468.930685
-1828,914,2469.761919
-1828,914,2471.400441
-1828,914,2472.12533
-1830,915,2472.863331
-2084.152717,911,2473.588042
-1824,912,2475.238349
-1824,912,2475.974349
-1830,915,2476.706522
-1828,914,2478.327033
-1830,915,2479.068509
-1830,915,2479.795502
-1824,912,2481.424488
-1824,912,2482.15803
-1824,912,2482.898493
-1828,914,2483.630493
-1824,912,2485.261551
-2083.429894,911,2486.011242
-1826,913,2486.743241
-1826,913,2488.374709
-1824,912,2489.108957
-2084.691593,911,2489.841957
-2084.666315,911,2491.47844
-2077.676516,908,2492.21183
-2084.049074,911,2492.94305
-2078.435221,908,2493.666067
-1826,913,2495.288597
-1830,915,2496.027121
-1826,913,2496.770121
-1826,913,2498.386148
-1824,912,2499.112311
-1828,914,2499.836311
-1828,914,2500.556312
-1832,916,2502.185351
-1838,919,2502.923887
-1826,913,2503.647432
-1834,917,2505.301466
-1838,919,2506.043466
-1830,915,2506.773934
-1826,913,2508.39996
-2084.742236,911,2509.127488
-1838,919,2509.852486
-1834,917,2510.583052
-1838,919,2512.21562
-1848,924,2512.95862
-1832,916,2513.682789
-1838,919,2515.296414
-1844,922,2516.026774
-1844,922,2516.775774
-1840,920,2518.397264
-1850,925,2519.137779
-1848,924,2519.87478
-1850,925,2520.619783
-1836,918,2522.253368
-1836,918,2522.993368
-1840,920,2523.720368
-1838,919,2525.360368
-1834,917,2526.101222
-1840,920,2526.841234
-1838,919,2528.468267
-1842,921,2529.215264
-1834,917,2529.945651
-1834,917,2530.677649
-1832,916,2532.317512
-1830,915,2533.054367
-1830,915,2533.784568
-1832,916,2535.42764
-1832,916,2536.152639
-1828,914,2536.89464
-1830,915,2538.532206
-1834,917,2539.262207
-1834,917,2539.992206
-1834,917,2540.7253
-1832,916,2542.358335
-1832,916,2543.097038
-1830,915,2543.828142
-1830,915,2545.485998
-1828,914,2546.215002
-1826,913,2546.955587
-1830,915,2548.610609
-1830,915,2549.34261
-1828,914,2550.07061
-1828,914,2550.805676
-1828,914,2552.456726
-1830,915,2553.208102
-1828,914,2553.92984
-1828,914,2617.30057
-1848.0,914,2618.104805
-1828,914,2618.830805
-1828,914,2619.560855
-1826,913,2621.176905
-1832,916,2621.900905
-1832,916,2622.632044
-1830,915,2624.271077
-1824,912,2624.996077
-1830,915,2625.727476
-2084.573894,911,2626.457006
-1824,912,2628.079872
-1828,914,2628.80839
-1828,914,2629.548443
-1828,914,2631.165466
-1828,914,2631.892466
-1828,914,2632.619467
-1826,913,2634.238336
-2082.636917,910,2634.956912
-1824,912,2635.679912
-2084.333668,911,2636.402144
-2082.480799,910,2638.017578
-1828,914,2638.740667
-1828,914,2639.478665
-1828,914,2641.111187
-1826,913,2641.839186
-1828,914,2642.565187
-1830,915,2644.204631
-1824,912,2644.930631
-1830,915,2645.658062
-1830,915,2646.387061
-1832,916,2648.01712
-1824,912,2648.743636
-1826,913,2649.472636
-1830,915,2651.107637
-1832,916,2651.831637
-1824,912,2652.561636
-1826,913,2654.184297
-2084.519866,911,2654.914413
-1824,912,2655.641588
-1828,914,2656.371876
-1832,916,2658.001398
-1824,912,2658.731927
-1826,913,2659.455927
-2084.310601,911,2661.125954
-1824,912,2661.850196
-1824,912,2662.572196
-2084.658624,911,2663.297644
-2083.890494,911,2664.932168
-1826,913,2665.658169
-1826,913,2666.395446
-1824,912,2668.018266
-1828,914,2668.743404
-1826,913,2669.465403
-1826,913,2671.109572
-1826,913,2671.83485
-1824,912,2672.557424
-1830,915,2673.284425
-1826,913,2674.908453
-1824,912,2675.635767
-1826,913,2676.351963
-1842.644632,634,2677.766921
-1826,913,2678.48937
-1828,914,2679.217366
-1828,914,2679.948885
-1828,914,2681.583913
-1828,914,2682.317429
-1830,915,2683.048428
-1830,915,2684.672474
-1824,912,2685.407616
-1824,912,2686.145135
-2080.25151,909,2687.764656
-1824,912,2688.504657
-1826,913,2689.234742
-2082.022051,910,2689.962745
-2084.423997,911,2691.63769
-1828,914,2692.37546
-1826,913,2693.101824
-1826,913,2694.729824
-1828,914,2695.459023
-1828,914,2696.186742
-1824,912,2696.909018
-1828,914,2698.558573
-1826,913,2699.284573
-1824,912,2700.013572
-1826,913,2701.651604
-1826,913,2702.384604
-2084.251123,911,2703.109196
-1824,912,2704.733238
-2084.59179,911,2705.455317
-2084.116023,911,2706.198317
-2084.024389,911,2707.003619
-1824,912,2708.642174
-1824,912,2709.37919
-2084.194465,911,2710.126512
-2083.546315,911,2711.761554
-2084.297263,911,2712.494069
-1826,913,2713.219211
-1826,913,2714.832211
-2084.240422,911,2715.562211
-1824,912,2716.288851
-2083.853125,911,2717.025036
-1828,914,2780.040753
-1848.0,914,2780.836334
-2084.304722,911,2781.56033
-1824,912,2782.292377
-1842.313669,634,2783.73034
-1828,914,2784.455637
-1828,914,2785.183637
-1830,915,2785.913916
-1830,915,2787.566769
-1826,913,2788.29377
-1828,914,2789.030618
-1826,913,2790.660618
-1830,915,2791.387142
-1826,913,2792.116141
-2084.699406,911,2793.760035
-2084.181836,911,2794.481861
-1828,914,2795.212861
-1830,915,2795.935059
-1824,912,2797.594426
-1828,914,2798.324647
-1824,912,2799.048926
-1826,913,2800.671835
-1828,914,2801.397049
-1824,912,2802.119753
-1828,914,2803.751788
-1824,912,2804.478786
-2082.740671,910,2805.201783
-1828,914,2805.931783
-1830,915,2807.562827
-1828,914,2808.291828
-1830,915,2809.017536
-2084.419726,911,2810.644107
-1824,912,2811.364107
-2083.968814,911,2812.089107
-1830,915,2813.734481
-2084.360052,911,2814.482482
-1826,913,2815.35402
-1828,914,2816.160548
-1826,913,2817.860635
-1832,916,2818.620632
-1826,913,2819.364635
-1826,913,2821.036678
-1828,914,2821.783265
-1828,914,2822.542552
-1830,915,2823.291553
-1824,912,2824.952133
-1826,913,2825.673511
-1826,913,2826.399511
-1824,912,2828.027781
-2084.600547,911,2828.75491
-2084.165798,911,2829.473331
-2084.064456,911,2831.091841
-1826,913,2831.821842
-1824,912,2832.546989
-2083.719836,911,2833.294989
-1826,913,2834.948382
-1826,913,2835.673382
-2083.967877,911,2836.39745
-2084.483314,911,2838.01821
-1826,913,2838.742209
-1824,912,2839.461211
-2084.273049,911,2841.090981
-1826,913,2841.810981
-1828,914,2842.545982
-1826,913,2843.273907
-1824,912,2844.927988
-1828,914,2845.672285
-1824,912,2846.404487
-1824,912,2848.025002
-1828,914,2848.750398
-2083.760752,911,2849.472445
-1824,912,2851.071445
-1828,914,2851.804694
-2084.621222,911,2852.525697
-1824,912,2853.248223
-1826,913,2854.894247
-1826,913,2855.622082
-1826,913,2856.338083
-1826,913,2857.962109
-1824,912,2858.684755
-1828,914,2859.407646
-1826,913,2860.128646
-1824,912,2861.76869
-1826,913,2862.487954
-2084.017739,911,2863.21467
-1824,912,2864.843328
-1826,913,2865.577326
-1824,912,2866.301326
-1824,912,2867.938347
-1830,915,2868.667348
-1824,912,2869.393538
-1826,913,2870.124539
-2084.66093,911,2871.744058
-1824,912,2872.465058
-2084.071984,911,2873.186101
-1824,912,2874.816642
-1826,913,2875.554642
-2084.493995,911,2876.289939
-1832,916,2877.910453
-1828,914,2878.641705
-1834,917,2879.370223
-1834,917,2880.10121
-1838,919,2943.41527
-1854.0,917,2944.215538
-1832,916,2944.946539
-1832,916,2945.679538
-1830,915,2947.312539
-1826,913,2948.040853
-1838,919,2948.769129
-1832,916,2950.391648
-1828,914,2951.115852
-1832,916,2951.840986
-1830,915,2952.569134
-1828,914,2954.224899
-1828,914,2954.951164
-1830,915,2955.679158
-1832,916,2957.320453
-1830,915,2958.05285
-1836,918,2958.788011
-1832,916,2960.414536
-1830,915,2961.16954
-1834,917,2961.955725
-1836,918,2962.702725
-1830,915,2964.363863
-1838,919,2965.09586
-1828,914,2965.834286
-1828,914,2967.476061
-1830,915,2968.20906
-1830,915,2968.940578
-1832,916,2970.55761
-1832,916,2971.281754
-1834,917,2972.012755
-1830,915,2972.743054
-1828,914,2974.360567
-1830,915,2975.089567
-1832,916,2975.816568
-1830,915,2977.467567
-1834,917,2978.196568
-1834,917,2978.92468
-1830,915,2980.555725
-1832,916,2981.284412
-1832,916,2982.007412
-1834,917,2982.745704
-1828,914,2984.366607
-1832,916,2985.096128
-1832,916,2985.826128
-1830,915,2987.481001
-1828,914,2988.209991
-1832,916,2988.941775
-1828,914,2990.578801
-1824,912,2991.302802
-1826,913,2992.027322
-1826,913,2992.750323
-1828,914,2994.355148
-1826,913,2995.085147
-1828,914,2995.812769
-2084.574994,911,2997.418797
-1826,913,2998.153796
-2082.004228,910,2998.88019
-1826,913,2999.595187
-1824,912,3001.210894
-2080.224509,909,3001.931897
-1828,914,3002.661218
-2078.739104,908,3004.305733
-2084.087222,911,3005.027732
-1826,913,3005.749333
-1826,913,3007.368129
-1826,913,3008.102575
-1824,912,3008.832431
-1824,912,3009.55643
-1824,912,3011.17936
-2084.612351,911,3011.90474
-2083.693927,911,3012.627739
-1826,913,3014.23674
-1826,913,3014.970504
-1844.658774,635,3015.475504
-1824,912,3016.205504
-1830,915,3017.830687
-1826,913,3018.565711
-1828,914,3019.295948
-1824,912,3020.912485
-1826,913,3021.633535
-1826,913,3022.361537
-1824,912,3023.964349
-2084.145722,911,3024.691401
-1826,913,3025.429746
-1826,913,3026.163552
-1830,915,3027.80558
-1824,912,3028.541774
-1828,914,3029.268774
-1826,913,3030.919515
-1824,912,3031.644516
-1826,913,3032.371516
-1826,913,3033.094682
-1828,914,3034.715707
-1830,915,3035.439829
-2084.214315,911,3036.166986
-1828,914,3037.778081
-1826,913,3038.50229
-1826,913,3039.235888
-1830,915,3040.869604
-1824,912,3041.589605
-1826,913,3042.318166
-1832,916,3043.047167
-1832,916,3105.913356
-1852.0,916,3106.772418
-1826,913,3107.508419
-1830,915,3108.249883
-1832,916,3109.898434
-1830,915,3110.633529
-1834,917,3111.360529
-1830,915,3112.98721
-1830,915,3113.710212
-1830,915,3114.44254
-1834,917,3115.168539
-1832,916,3116.807578
-1828,914,3117.538204
-1828,914,3118.266447
-1832,916,3119.892744
-1836,918,3120.635972
-1834,917,3121.361968
-1834,917,3122.996995
-1832,916,3123.722994
-1838,919,3124.448248
-1834,917,3125.178416
-1834,917,3126.803098
-1832,916,3127.524101
-1830,915,3128.249612
-1832,916,3129.867207
-1834,917,3130.591428
-1832,916,3131.328798
-1828,914,3132.986798
-1832,916,3133.711164
-1828,914,3134.437164
-1834,917,3135.16978
-1828,914,3136.824426
-1834,917,3137.553688
-1830,915,3138.281844
-1834,917,3139.920844
-1828,914,3140.643861
-1834,917,3141.386159
-1830,915,3143.021466
-1826,913,3143.741991
-1857.628077,672,3144.282149
-1832,916,3145.011153
-1830,915,3146.645201
-1832,916,3147.377364
-1832,916,3148.107364
-1830,915,3149.733624
-1830,915,3150.463682
-1836,918,3151.198682
-1832,916,3151.951727
-1828,914,3153.57691
-1824,912,3154.30025
-1828,914,3155.026251
-1826,913,3156.639464
-1828,914,3157.362464
-2083.66925,911,3158.087118
-1834,917,3159.711632
-1830,915,3160.44063
-1828,914,3161.166848
-1834,917,3161.908848
-1828,914,3163.540951
-1834,917,3164.277179
-1830,915,3165.001178
-1834,917,3166.646764
-1830,915,3167.368766
-2084.424326,911,3168.102416
-1824,912,3168.834272
-1836,918,3170.46541
-1840,920,3171.19246
-1840,920,3171.942835
-1832,916,3173.576872
-1832,916,3174.305866
-1830,915,3175.035085
-1834,917,3176.654824
-1836,918,3177.388914
-1832,916,3178.122914
-1838,919,3178.851068
-1834,917,3180.477093
-1836,918,3181.204532
-1832,916,3181.933937
-1836,918,3183.576439
-1826,913,3184.310702
-1840,920,3185.037703
-1828,914,3186.664736
-1832,916,3187.390786
-1830,915,3188.11805
-1828,914,3188.84405
-1828,914,3190.467125
-1826,913,3191.184604
-1824,912,3191.904604
-1826,913,3193.547339
-1826,913,3194.277339
-2082.662779,910,3195.001339
-1826,913,3196.635381
-2084.019725,911,3197.359206
-1830,915,3198.086212
-1826,913,3198.818219
-2082.64154,910,3200.435736
-1830,915,3201.162736
-1836,918,3201.888255
-1828,914,3203.517489
-1834,917,3204.243583
-1832,916,3204.973233
-1832,916,3268.415009
-1848.0,914,3269.214009
-1826,913,3269.929009
-1828,914,3270.651009
-1830,915,3272.270555
-1832,916,3272.993215
-1830,915,3273.714216
-1830,915,3275.36043
-1830,915,3276.082428
-1826,913,3276.805652
-1826,913,3277.533934
-1830,915,3279.185972
-1830,915,3279.913303
-1832,916,3280.644239
-2084.241695,911,3282.279438
-1830,915,3283.011649
-1824,912,3283.733171
-1828,914,3285.366213
-2084.567235,911,3286.092539
-1824,912,3286.820543
-1826,913,3287.544541
-1824,912,3289.163663
-1830,915,3289.886663
-1830,915,3290.616059
-1830,915,3292.241621
-1826,913,3292.965621
-1832,916,3293.693621
-1826,913,3295.327641
-1830,915,3296.049642
-1826,913,3296.771641
-1824,912,3297.49789
-1824,912,3299.123765
-1832,916,3299.854764
-2084.090358,911,3300.576764
-1830,915,3302.205313
-1826,913,3302.930723
-1824,912,3303.654723
-1826,913,3305.29255
-1830,915,3306.029549
-1830,915,3306.759752
-1834,917,3307.493006
-1830,915,3309.107055
-1832,916,3309.834408
-1834,917,3310.555092
-1836,918,3312.277873
-1832,916,3313.024872
-1840,920,3313.821127
-1844,922,3314.559988
-1834,917,3316.213401
-1828,914,3316.934403
-1834,917,3317.660812
-1830,915,3319.283361
-1834,917,3320.010361
-1828,914,3320.735482
-1834,917,3322.353028
-1832,916,3323.077078
-1836,918,3323.808079
-1834,917,3324.534133
-1838,919,3326.180441
-1826,913,3326.90697
-1832,916,3327.635944
-1828,914,3329.249506
-1826,913,3329.979917
-1832,916,3330.705917
-1824,912,3332.32518
-1824,912,3333.045265
-1826,913,3333.766403
-1826,913,3334.491458
-2084.532966,911,3336.111982
-2084.395474,911,3336.828982
-2082.019062,910,3337.555101
-1832,916,3339.171364
-1828,914,3339.894363
-1826,913,3340.623363
-1834,917,3342.25644
-1832,916,3342.987293
-1826,913,3343.715327
-1830,915,3344.444326
-1828,914,3346.084927
-1830,915,3346.820166
-1830,915,3347.549098
-1826,913,3349.185612
-1830,915,3349.913736
-1826,913,3350.638735
-1826,913,3352.254777
-2083.877886,911,3352.986133
-1832,916,3353.707132
-1830,915,3354.433663
-1836,918,3356.075809
-1832,916,3356.807808
-1830,915,3357.535482
-1832,916,3359.160513
-1824,912,3359.882643
-1824,912,3360.618642
-1826,913,3361.343173
-1834,917,3362.975507
-1826,913,3363.702982
-1832,916,3364.43633
-1824,912,3366.064647
-1824,912,3366.803171
-1824,912,3367.533563
-2083.742008,911,3430.644945
-1844.0,912,3431.452446
-1828,914,3432.173447
-1824,912,3432.89297
-1828,914,3434.518193
-1826,913,3435.245732
-1824,912,3435.963613
-1826,913,3437.591678
-2084.534451,911,3438.325215
-2082.684467,910,3439.049006
-2078.470131,908,3439.769005
-1824,912,3441.400058
-1830,915,3442.128058
-1828,914,3442.861938
-1828,914,3444.493395
-2078.381621,908,3445.223394
-1824,912,3445.95098
-1828,914,3447.581777
-1840,920,3448.32499
-2084.418849,911,3449.054363
-2081.95892,910,3449.778693
-1832,916,3451.401906
-1832,916,3452.131907
-1828,914,3452.864576
-1828,914,3454.505795
-1834,917,3455.232054
-1826,913,3455.960055
-1826,913,3457.589097
-1824,912,3458.312635
-2083.761069,911,3459.045634
-2082.757189,910,3459.77812
-1834,917,3461.390862
-1846,923,3462.130019
-1830,915,3462.85416
-1838,919,3464.489221
-1834,917,3465.222221
-1838,919,3465.957291
-1834,917,3467.576351
-1840,920,3468.313351
-1832,916,3469.046581
-1844,922,3469.78558
-1828,914,3471.39858
-1832,916,3472.12758
-1836,918,3472.858581
-1832,916,3474.482209
-1834,917,3475.20221
-1838,919,3475.928209
-1842,921,3476.660829
-1840,920,3478.280394
-1834,917,3479.019391
-1836,918,3479.75668
-1832,916,3481.38048
-1988.586957,809,3482.024263
-1834,917,3482.759791
-1840,920,3484.392995
-1830,915,3485.118136
-1828,914,3485.847136
-1832,916,3486.572652
-1830,915,3488.192838
-2084.108537,911,3488.917838
-1834,917,3489.647731
-1842,921,3491.271807
-1842,921,3492.001846
-1836,918,3492.731845
-1836,918,3494.358396
-1828,914,3495.088623
-1842,921,3495.817617
-1832,916,3496.550691
-1838,919,3498.176251
-1834,917,3498.902791
-1834,917,3499.645838
-1830,915,3501.268394
-1832,916,3501.998461
-1840,920,3502.734462
