# {"t_start": 1566438064.760435, "env_id": "SignalizedEco-v0"} 
r,l,t
-4072.280442,406,34.655869
-3011.416426,315,34.95412
-2644.554623,390,35.253225
-8950.569826,860,35.940713
-5437.730251,814,36.648496
-5172.371978,511,37.058966
-5576.929905,460,40.377559
-5627.864223,608,40.831836
-7292.125927,881,41.489268
-8702.844059,766,42.060786
-3009.447075,436,42.373286
-3346.833246,610,44.829258
-7305.746461,541,45.224546
-4482.180948,598,45.662556
-2121.551325,433,45.979265
-4670.851994,568,46.401136
-3226.009226,490,48.750382
-2486.965924,616,49.192128
-5542.258728,603,49.629632
-3888.749302,457,49.976995
-6422.755401,510,50.340651
-2990.983027,510,50.715651
-4751.191728,391,52.964809
-3101.541329,492,53.328439
-1969.720252,495,53.687815
-5756.027128,563,54.09979
-2004.908104,510,54.474788
-2159.109884,398,54.772197
-1494.327984,497,55.137254
-3254.834938,480,57.472004
-3000.884421,565,57.883444
-3207.180476,467,58.230442
-2454.534366,495,58.589798
-3144.406695,522,58.980441
-4227.429921,599,61.408887
-2275.026606,542,61.799508
-3006.0911,481,62.158137
-4189.197362,581,62.584312
-3344.593351,653,63.068687
-3354.200782,591,63.491867
-3815.91251,542,65.865686
-3574.57371,618,66.306609
-4465.158466,528,66.703173
-5189.141205,466,67.048596
-2769.256725,577,67.471691
-4356.233836,498,67.848891
-2824.209813,651,70.296912
-3288.546936,600,70.73555
-3348.979122,681,71.23555
-2647.202175,574,71.643018
-2929.374552,583,72.069126
-3757.395264,571,74.469264
-4951.624636,592,74.894359
-2197.459748,591,75.334427
-4656.342909,648,75.804393
-3311.625751,611,76.246426
-2887.399996,592,78.677375
-4022.902128,597,79.119582
-3253.34711,596,79.557083
-2719.291617,567,79.968845
-3715.700762,610,80.412019
-1862.166746,616,82.834302
-4912.528467,596,83.280497
-2132.630491,610,83.737929
-2190.029941,617,84.179954
-2946.375281,638,84.6487
-1902.450475,631,87.078026
-3313.156047,602,87.531134
-1885.659213,608,87.98545
-1721.181903,621,88.442837
-2386.627752,616,88.895944
-3589.00683,645,91.345456
-1864.478428,614,91.801971
-2457.959153,625,92.255452
-1833.294478,635,92.71131
-1766.622297,618,93.165976
-3518.383146,582,95.571436
-2566.784745,646,96.057263
-2381.780521,641,96.520412
-1834.573302,632,96.990569
-2813.684798,624,97.43798
-2156.238373,623,99.912039
-2224.944897,623,100.366427
-2305.113758,608,100.820786
-2680.606412,661,101.305178
-1852.568876,605,101.762695
-1833.238264,611,104.237903
-1480.759015,624,104.696743
-1919.220699,602,105.135578
-2668.716375,643,105.608589
-1531.514163,624,108.200809
-2662.347103,633,108.690656
-3598.156404,600,109.128128
-2728.921497,627,109.600088
-2742.638606,634,110.104794
-2232.613164,623,112.728081
-1492.129428,620,113.203803
-2257.056185,604,113.6924
-2058.236646,633,114.195917
-2275.503013,631,114.695917
-1722.826451,620,117.142689
-2754.740482,615,117.580207
-2294.589784,613,118.034688
-3181.523316,633,118.510355
-2169.198077,627,118.99473
-2450.605075,623,121.626149
-1454.36221,614,122.096134
-2718.665389,621,122.553575
-3003.014017,631,123.03793
-1676.140874,619,123.476717
-2248.572585,620,125.94087
-3859.892625,610,126.383865
-1454.611455,619,126.836992
-2156.314914,621,127.290619
-2774.591147,630,127.763671
-2322.229517,620,130.267346
-1444.132569,619,130.740286
-1404.56429,615,131.209022
-4823.457188,614,131.696757
-3808.647186,630,132.185786
-1435.578067,641,134.862481
-2232.408935,609,135.347608
-2674.122728,617,135.833354
-6031.741784,614,136.27504
-2181.961562,597,136.729849
-3828.699458,610,139.162956
-2365.918161,616,139.618793
-2358.191164,604,140.061958
-2766.524448,623,140.520784
-2608.116275,617,140.973893
-1581.134089,628,143.453262
-1486.777184,619,143.907678
-2115.389672,606,144.347339
-1849.521676,626,144.81609
-2143.550246,596,145.239326
-2165.692386,639,147.675869
-1995.787012,627,148.131453
-1540.540401,634,148.585121
-2622.604093,634,149.058121
-2322.351568,619,149.528192
-1738.952566,625,151.969335
-3285.47829,633,152.443547
-1533.16361,625,152.896692
-2019.436521,620,153.351856
-1873.63905,636,153.809262
-2092.415161,624,156.239672
-1794.586548,603,156.68139
-2445.676587,633,157.150121
-1917.769849,618,157.604555
-2188.74048,611,158.045267
-1458.675192,620,160.770476
-3440.696107,620,161.267152
-1747.876809,604,161.792129
-3514.360661,617,162.307754
-1516.473721,620,162.807754
-2036.864708,626,206.327492
-1585.97576,626,206.874365
-2795.45625,620,207.358742
-2268.974075,615,207.827512
-1878.969365,625,208.307782
-2366.63874,625,211.034829
-1981.984726,618,211.50358
-1440.534976,616,211.989136
-1444.866364,611,212.450995
-2835.612752,638,212.939575
-2406.913469,631,215.590991
-1223.533042,620,216.075213
-1532.770609,627,216.563802
-1676.797325,626,217.048177
-1520.158032,614,217.565421
-2151.391252,624,220.314266
-1452.062952,633,220.818445
-2118.785343,611,221.309076
-1974.056759,617,221.783172
-1816.659215,613,222.267549
-1815.370603,634,224.962252
-2483.11269,606,225.479121
-1466.785398,614,225.970126
-2453.782236,629,226.485752
-2706.39494,618,226.970129
-1906.31245,626,229.636348
-1133.234866,623,230.108485
-1402.038574,627,230.58974
-1189.227779,622,231.075582
-2669.770742,611,231.56222
-2195.954735,607,234.26696
-1267.759507,628,234.766959
-1794.371358,625,235.252632
-3552.041404,625,235.739167
-1800.819128,626,236.208941
-1898.079346,620,238.962173
-1571.895265,628,239.515136
-1199.301777,629,240.005102
-1843.780919,629,240.483672
-1865.419584,619,240.962065
-1196.956739,620,243.599317
-1866.729598,626,244.083705
-1677.192407,624,244.568063
-1178.967674,623,245.041343
-1777.807476,637,245.52624
-1480.30431,624,248.10626
-1515.179452,623,248.579787
-1620.498507,631,249.069743
-1415.056698,621,249.554101
-1476.243258,617,250.069726
-1779.21211,627,252.94655
-1510.114475,628,253.433103
-1987.013117,616,253.964338
-2007.375758,619,254.481315
-1805.945512,625,255.016757
-1142.599042,619,257.781748
-1460.685042,621,258.266142
-2974.950965,613,258.755941
-1542.600928,610,259.214787
-1170.079166,621,259.700455
-1472.886993,615,262.356268
-1494.788691,624,262.843034
-1473.571953,618,263.311784
-2292.617346,624,263.802665
-1541.073566,625,264.291243
-1897.159565,616,266.928761
-1482.284149,623,267.397491
-1533.785832,620,267.883065
-2011.134529,625,268.369605
-1907.663398,619,268.838336
-1482.399814,613,271.413374
-1462.596008,613,271.882124
-1527.381912,616,272.372047
-1124.200922,617,272.851788
-1631.734762,623,273.328753
-1192.84494,623,275.896531
-1174.977427,615,276.370824
-1210.387129,611,276.839575
-1210.901361,632,277.32393
-1196.100113,630,277.810678
-1136.650118,619,280.370787
-1479.071449,614,280.842143
-1226.241997,633,281.342124
-1508.984208,632,281.816295
-1531.010511,622,282.285059
-1129.133311,630,284.895284
-1134.544187,628,285.368301
-1568.86265,616,285.855278
-1163.09584,616,286.3084
-1139.789386,625,288.883556
-1541.086897,626,289.367929
-1179.422363,626,289.837938
-1479.797442,621,290.310192
-1494.632702,622,290.789498
-1496.100227,619,293.393706
-1155.005074,617,293.873015
-1537.266756,625,294.342896
-1120.407143,615,294.813204
-1571.501989,614,295.283269
-1753.430684,630,297.851518
-1139.718263,614,298.32128
-1394.244443,616,298.791563
-1556.160225,630,299.287706
-1115.790119,633,299.756126
-1174.508005,619,302.339404
-1121.619941,616,302.809178
-1553.211887,615,303.297806
-1184.159726,623,303.785553
-1386.829957,619,304.238679
-1145.577568,621,306.804254
-1189.856951,618,307.288634
-1561.869888,627,307.76284
-1217.956738,631,308.247197
-1560.537509,611,308.715946
-1173.824925,618,311.282665
-1149.133522,623,311.759849
-1197.718321,626,312.248489
-1104.576171,609,312.717257
-1474.404127,619,313.20497
-1211.615712,625,315.98325
-1566.966387,613,316.483249
-1166.639677,632,317.000152
-1129.473695,617,317.488673
-1588.083514,622,317.996716
-1632.235379,618,320.701933
-1108.320842,610,321.162088
-1497.222436,620,321.648662
-1183.436644,613,322.117397
-1164.404232,615,322.587392
-1156.161278,616,325.176594
-1149.678764,622,325.666614
-1474.370101,614,326.139615
-1152.593134,626,326.672089
-1134.30414,623,327.165375
-1542.703533,607,329.851547
-1158.213763,620,330.325618
-1102.069003,616,330.84577
-1151.333901,629,331.377019
-1154.963706,624,331.861412
-1157.389779,620,334.577341
-1151.914242,624,335.067179
-1498.216261,622,335.552931
-1172.12848,622,336.042009
-1205.524808,626,336.527489
-1162.320459,626,339.159816
-1119.440567,633,339.647338
-1156.092782,629,340.132922
-1138.980709,632,340.621801
-1164.460715,622,341.110386
-1116.304447,617,382.475569
-1127.134263,620,383.011005
-1147.487105,628,383.481163
-1113.494077,620,384.006394
-1122.163683,633,384.491794
-1115.366702,624,387.103579
-1127.498945,616,387.57505
-1164.445921,618,388.045014
-1120.093141,626,388.518007
-1581.455524,626,388.986742
-1117.627582,619,391.572949
-1164.066134,623,392.04291
-1148.659819,613,392.512677
-1354.483219,623,392.982898
-1106.356303,620,393.446458
-1102.821269,617,396.13657
-1103.079963,619,396.606294
-1117.184654,623,397.085187
-1162.64461,622,397.555482
-1350.608354,616,398.009996
-1119.93134,613,400.596376
-1125.814171,615,401.057838
-1839.818054,619,401.526569
-1123.34724,621,402.010942
-1189.989019,612,402.480719
-1150.819435,628,405.037014
-1175.705798,619,405.553662
-1149.033196,612,406.073512
-1088.842425,624,406.589135
-1103.282339,622,407.059161
-1122.459094,630,409.598993
-1136.371161,623,410.084039
-1138.481599,619,410.552791
-1206.122681,625,411.023957
-1144.208382,616,411.482529
-1092.493865,620,414.051952
-1130.189069,617,414.520701
-1143.88756,616,414.994181
-1165.410731,621,415.465373
-1144.43712,612,415.938653
-1124.439556,609,418.545382
-1123.850646,622,419.029774
-1136.335408,617,419.503931
-1129.892808,610,419.964877
-1092.809866,619,420.449252
-1148.44727,628,423.007111
-1124.847608,616,423.477093
-1130.775025,621,423.964201
-1125.497152,621,424.49545
-1141.222515,615,424.96971
-1190.921876,625,427.59841
-1093.234368,614,428.067191
-1162.817554,622,428.535922
-1154.925959,614,429.021563
-1127.425622,615,429.478829
-1117.203786,617,432.069225
-1125.372572,624,432.537957
-1107.747528,626,433.023356
-1111.752389,621,433.496307
-1138.322946,611,433.954862
-1124.318617,626,436.650278
-1107.718153,617,437.138015
-1443.373125,601,437.591171
-1183.559426,624,438.059902
-1086.830079,616,438.549734
-1153.804497,627,441.24326
-1170.039598,620,441.71201
-1901.588468,619,442.185947
-1531.083149,625,442.660434
-1137.829064,623,443.144806
-1119.49088,624,445.699687
-1129.109891,623,446.18734
-1164.230981,626,446.672994
-1141.6452,625,447.161575
-1098.512923,624,447.63185
-1076.374059,615,450.193754
-1454.578092,621,450.663707
-1098.526422,621,451.152284
-1136.895016,613,451.60685
-1082.50201,629,452.094674
-1118.786556,619,454.669947
-1477.917521,624,455.139817
-1150.559793,621,455.624191
-1097.934543,626,456.099788
-1091.423982,624,456.572741
-1170.779493,617,459.152554
-1092.711417,623,459.62131
-1081.545967,617,460.091066
-1155.998352,616,460.560931
-1113.671309,615,461.033158
-1088.534614,620,463.604231
-1113.006018,627,464.072963
-1090.883981,622,464.547227
-1121.118937,625,465.015996
-1113.774827,621,465.484747
-1086.039455,614,468.061928
-1137.964193,623,468.526103
-1124.472305,623,469.010463
-1112.584222,624,469.4825
-1104.556854,625,469.956841
-1093.407029,620,472.507377
-1100.136748,628,472.993909
-1074.71755,618,473.462675
-1125.831599,612,473.917265
-1089.07532,620,474.390188
-1083.443434,627,476.953896
-1091.220418,617,477.442096
-1070.852742,624,477.92771
-1105.127913,624,478.402303
-1080.543816,614,480.944474
-1110.707115,624,481.42939
-1085.918932,615,481.884633
-1090.528741,621,482.358776
-1084.938901,618,482.827508
-1104.924121,622,485.40705
-1671.955365,621,485.880548
-1086.76663,620,486.356284
-1098.733977,623,486.844467
-1072.121694,619,487.338187
-1083.723105,615,489.937363
-1109.384199,621,490.40735
-1129.054254,623,490.888287
-1109.251667,617,491.368243
-1084.943312,618,491.836739
-1114.190422,620,494.389541
-1097.091282,622,494.860846
-1097.096612,618,495.329174
-1087.270718,609,495.798845
-1086.926198,618,496.278865
-1095.657372,619,498.883036
-1067.860372,623,499.353218
-1104.246266,624,499.822865
-1123.63129,621,500.308452
-1117.367127,628,500.785159
-1107.743531,621,503.363956
-1102.567756,623,503.834004
-1330.338701,618,504.319508
-1064.926186,615,504.788275
-1108.479783,622,505.258233
-1072.707369,620,507.853448
-1086.659776,620,508.34198
-1119.667133,627,508.863914
-1487.273412,622,509.384982
-1092.751102,623,509.86937
-1069.647528,622,512.540085
-1077.48819,627,513.024479
-1084.405277,616,513.494505
-1052.438606,624,513.967485
-1085.391062,618,514.437264
-1085.143971,616,555.868303
-1091.557197,624,556.415192
-1098.951789,614,556.884471
-1106.864959,616,557.360915
-1096.031532,618,557.876523
-1096.71707,619,560.626711
-1064.841995,624,561.11233
-1081.274875,617,561.585413
-1088.972188,619,562.069772
-1107.458718,623,562.545287
-1124.738023,619,565.121413
-1088.659637,618,565.602112
-1054.655594,619,566.07646
-1090.364318,619,566.562202
-1058.014495,624,567.097771
-1062.989205,622,569.695691
-1073.862675,626,570.211315
-1311.77272,627,570.729286
-1075.117428,619,571.229305
-1068.809404,620,571.698054
-1083.041811,619,574.275535
-1087.735059,622,574.776711
-1065.285691,623,575.314332
-1065.221378,620,575.814333
-1118.858652,619,576.30216
-1090.857624,617,578.877033
-1074.640329,626,579.394845
-1072.388953,613,579.883368
-1111.172532,627,580.388902
-1083.737044,620,580.904528
-1471.878088,617,583.520095
-1059.244959,618,584.006264
-1096.185224,620,584.479213
-1068.315138,613,584.94798
-1071.507922,624,585.416732
-1099.890156,623,587.990211
-1100.301733,626,588.492261
-1053.678677,622,588.976636
-1106.317283,621,589.445386
-1492.445202,621,589.935246
-1043.090795,623,592.52598
-1089.17939,623,593.007294
-1071.730224,620,593.486325
-1081.743857,622,593.971428
-1091.358767,615,594.441645
-1081.164214,622,597.036968
-1051.673271,616,597.516079
-1072.468272,619,597.983564
-1058.45093,613,598.464895
-1082.807679,630,598.950849
-1085.111519,621,601.563202
-1109.898975,623,602.053195
-1435.829095,619,602.526156
-1065.194509,626,603.010514
-1033.797078,618,603.49825
-1094.230003,620,606.057205
-1084.513151,620,606.542713
-1068.186931,625,607.02707
-1057.445282,631,607.513909
-1058.478103,626,607.998298
-1088.297586,621,610.569791
-1059.727775,629,611.085398
-1055.525033,620,611.558538
-1050.374346,622,612.047159
-1062.403898,625,612.537213
-1038.079307,620,615.094941
-1546.523338,625,615.580724
-1054.040534,630,616.069424
-1085.851589,621,616.538172
-1061.48687,618,617.008174
-1048.398525,619,619.589966
-1087.978819,618,620.06428
-1055.134036,623,620.539499
-1035.631065,623,621.040749
-1091.276622,620,621.529304
-1044.326211,616,624.123968
-1092.135328,626,624.608343
-1094.621499,625,625.093918
-1073.722086,623,625.579438
-1078.333946,619,626.048191
-1031.383263,618,628.611958
-1053.472277,627,629.096316
-1065.612416,623,629.586069
-1059.864497,627,630.054839
-1075.755074,625,630.540574
-1068.657533,617,633.142641
-1076.069817,619,633.616935
-1034.070457,623,634.10131
-1082.841513,623,634.586966
-1106.22711,617,635.060028
-1052.930633,625,637.637067
-1050.478647,626,638.12146
-1041.588399,623,638.594997
-1047.7573,624,639.081773
-1308.683362,614,641.683234
-1052.582728,624,642.183235
-1059.630635,631,642.670078
-1059.675096,615,643.144511
-1052.086054,621,643.628886
-1098.402331,621,646.20758
-1075.561932,626,646.738826
-1064.89634,628,647.260203
-1060.813099,626,647.733181
-1017.539951,622,648.218813
-1073.814318,627,650.824339
-1107.605656,622,651.314277
-1058.515863,621,651.798651
-1084.64582,624,652.301743
-1043.617512,609,652.757559
-1036.779365,621,655.356315
-1061.46229,621,655.84069
-1071.102567,621,656.325073
-1041.129535,633,656.81403
-1072.101907,623,657.301929
-1072.376179,619,659.899961
-1027.40588,618,660.384336
-1059.276215,624,660.872213
-1084.021413,619,661.35659
-1034.314223,622,661.842132
-1060.316839,622,664.457744
-1050.535865,616,664.932005
-1044.008765,612,665.41638
-1052.791907,623,665.889871
-1030.879401,613,666.364044
-1033.050182,613,668.949297
-1023.752155,622,669.418046
-1063.82555,616,669.886779
-1028.640123,619,670.37676
-1044.418273,623,670.845493
-1033.422347,617,673.45184
-1075.962621,615,673.920607
-1059.142513,617,674.422976
-1031.404846,624,674.958953
-1042.215421,625,675.460153
-1048.560658,623,678.147472
-1025.104395,620,678.637282
-1039.854382,614,679.106045
-1012.978142,619,679.591684
-1041.859375,618,680.065518
-1027.682769,621,682.689409
-1025.238874,613,683.179276
-1013.709999,625,683.664916
-1047.279776,618,684.137861
-1016.920143,617,684.606593
-1032.772463,622,687.201375
-1406.11812,607,687.670127
-1029.326791,618,688.144362
-1018.688614,618,688.631299
-1023.544751,622,689.103544
-1044.89416,618,731.032485
-1042.023731,625,731.552486
-1014.901843,619,732.036874
-1055.743632,622,732.508777
-1037.361127,625,732.982914
-1018.503819,622,735.578028
-1006.88001,630,736.051004
-1027.661349,628,736.535378
-1012.556859,627,737.024188
-1014.668871,632,737.508577
-1051.595985,631,740.082049
-1056.497733,629,740.566424
-1024.044657,634,741.052078
-1049.122557,639,741.544277
-1039.178622,625,742.028669
-1053.021516,631,744.642864
-1021.624931,622,745.112888
-1049.583737,621,745.585904
-1021.84986,632,746.07028
-1040.661496,632,746.560318
-1029.467169,623,749.12147
-1021.604411,628,749.593351
-1040.384447,630,750.077727
-1025.591259,628,750.578252
-1022.115294,629,751.049144
-1063.782852,627,753.622519
-1054.440925,627,754.091284
-1040.586689,620,754.60844
-1046.965279,621,755.095987
-1039.076971,628,755.564737
-1039.358179,623,758.14478
-1053.15208,628,758.618959
-1022.131204,634,759.123255
-1066.055332,626,759.596243
-1041.666031,624,760.081948
-1021.865052,633,762.658256
-1038.347217,625,763.133909
-1022.864321,626,763.622584
-1025.933656,628,764.108286
-1021.047235,628,764.594837
-1022.120492,629,767.171278
-1424.975589,628,767.671261
-1010.767327,632,768.219407
-1026.403941,630,768.744697
-1011.546056,627,769.244714
-1073.173595,623,771.838045
-1014.219179,630,772.32679
-1055.148845,633,772.844536
-1019.504613,629,773.378283
-1026.805048,624,776.061059
-1032.936698,635,776.550837
-1041.714286,622,777.030695
-1021.090473,625,777.503762
-1025.411858,629,777.992422
-1028.036878,632,780.584813
-1027.972024,629,781.073424
-1025.412283,632,781.5578
-1043.034439,637,782.047788
-1024.087225,629,782.532185
-1037.339736,627,785.123509
-1014.849298,632,785.623506
-1061.74339,634,786.111305
-1019.514981,625,786.596241
-1036.332799,630,787.084897
-1039.402636,623,789.646978
-1018.878121,630,790.121307
-1032.922707,628,790.60774
-1022.030209,623,791.080623
-1027.645556,629,791.57045
-1011.858591,624,794.156077
-1014.966114,625,794.619357
-1027.691035,633,795.120448
-1007.792456,624,795.621655
-996.040985,626,796.106576
-1016.548188,632,798.682712
-1012.217795,630,799.167096
-1063.637044,625,799.652701
-1053.46663,634,800.131411
-1026.491427,635,800.636253
-1027.505061,629,803.308577
-1013.084644,627,803.799502
-1017.057557,620,804.283891
-1012.986149,625,804.76929
-1017.279403,626,805.246758
-1005.353329,628,807.866389
-1014.411927,633,808.35767
-1040.80644,630,808.842041
-998.470749,626,809.316226
-1028.489381,617,809.800601
-1019.463071,615,812.369017
-1002.341962,626,812.837768
-1017.952817,626,813.323389
-992.604219,622,813.796353
-1016.16913,624,814.285493
-1023.576839,628,816.892995
-1044.377893,631,817.36728
-1029.732618,632,817.855814
-1018.696835,627,818.340189
-1005.308615,632,820.992929
-1025.471922,620,821.478559
-1020.080579,630,821.951507
-1015.672791,628,822.451504
-1050.417676,619,822.922311
-1024.884134,629,825.579704
-1012.366967,621,826.068277
-1017.280199,624,826.572488
-1024.831727,623,827.046889
-1049.128942,631,827.546889
-1024.088999,628,830.251874
-1018.828031,621,830.800238
-992.112038,627,831.319036
-1007.994859,619,831.83466
-1000.018621,628,832.340542
-1024.151819,618,835.004791
-1027.377896,619,835.490309
-1012.075874,619,835.959077
-1018.07386,627,836.452217
-990.235074,625,836.956405
-994.862144,624,839.547804
-1018.840977,628,840.022137
-996.8559,624,840.512128
-993.154323,630,841.011254
-994.374208,622,841.484703
-1008.023824,616,844.052894
-1017.751021,624,844.527608
-1007.316431,624,845.016132
-979.477203,625,845.492688
-985.28185,630,845.995035
-996.136048,623,848.589447
-1011.235238,633,849.079197
-982.482761,623,849.563553
-997.97864,628,850.049138
-987.756605,629,850.537691
-998.24248,621,853.095635
-998.049733,629,853.58468
-1351.87068,618,854.060371
-1018.433799,621,854.549034
-1352.982681,624,855.017783
-986.037331,626,857.625214
-989.713831,616,858.109601
-1008.882395,628,858.599549
-991.728761,625,859.073928
-988.503013,626,859.563581
-991.63939,624,862.131766
-995.988475,626,862.60586
-1001.137232,625,863.090251
-988.228249,623,863.558986
-1011.958388,625,864.048856
-1000.686811,621,906.122271
-1000.526643,622,906.65354
-978.354389,621,907.136137
-975.042953,630,907.621548
-1023.31688,633,908.110191
-1022.343494,619,910.694495
-999.074,624,911.165405
-999.468008,626,911.649797
-1001.783844,628,912.134172
-992.614324,620,912.618528
-1014.025883,625,915.181765
-982.193843,626,915.654976
-985.529818,627,916.139334
-984.315719,628,916.624268
-983.741412,620,917.109731
-989.339484,621,919.688354
-994.38636,622,920.161306
-988.154914,621,920.630041
-974.839639,627,921.119768
-992.092647,627,921.604163
-995.066567,627,924.16939
-991.278739,621,924.638129
-1010.109979,627,925.108189
-992.172269,621,925.581162
-1011.144251,631,926.070373
-1000.931936,628,928.646504
-1380.114611,626,929.14884
-1000.483639,630,929.623186
-980.675296,629,930.096312
-1001.974438,624,930.581945
-1013.435881,626,933.155155
-1015.977225,627,933.641712
-1027.144837,621,934.160858
-997.084963,633,934.677698
-1006.450554,621,935.186153
-1034.49107,619,937.773686
-987.293343,627,938.246624
-1044.692044,628,938.732268
-985.462151,623,939.226348
-993.565281,632,939.726344
-980.325737,623,942.302482
-968.4571,621,942.772492
-970.375032,624,943.260038
-981.378041,621,943.728803
-995.803478,632,944.216744
-983.651472,624,946.773565
-996.958442,627,947.262141
-986.373179,630,947.73091
-1003.958479,629,948.232116
-998.012519,627,948.703003
-976.531599,631,951.303164
-984.132668,628,951.771895
-971.56338,618,952.257495
-975.835798,628,952.746988
-969.363529,632,953.220472
-998.630048,623,955.814548
-986.62883,622,956.288034
-977.445783,624,956.762331
-994.85959,628,957.254283
-972.550431,625,959.827081
-980.393968,626,960.311454
-973.336253,629,960.800248
-1013.711795,624,961.268998
-977.637673,625,961.801435
-1000.881925,631,964.425107
-989.222355,631,964.899387
-1350.18617,618,965.436131
-971.878331,625,965.968614
-982.090267,616,966.457211
-996.587037,620,969.076893
-990.360403,627,969.565547
-1340.185648,622,970.051233
-967.536749,633,970.545391
-968.395245,629,971.034593
-977.254588,632,973.606992
-983.053435,627,974.098576
-975.88009,627,974.586159
-978.972367,627,975.054908
-978.876576,627,975.540603
-982.652115,625,978.117982
-980.46146,626,978.592171
-960.612182,629,979.078088
-963.506524,628,979.552301
-971.491653,626,980.040868
-962.324912,628,982.617458
-977.87001,624,983.101836
-976.968795,631,983.592634
-967.848603,618,984.051289
-972.277337,632,984.552393
-980.548633,630,987.122077
-977.467428,631,987.606465
-991.24408,630,988.080893
-968.330109,627,988.565251
-986.307756,620,989.051042
-970.33349,635,991.659079
-987.637258,630,992.159808
-971.796405,629,992.645298
-988.49915,625,993.125934
-985.997707,629,993.610171
-972.411839,626,996.184237
-961.961432,625,996.669999
-980.606527,619,997.149392
-985.262664,627,997.634908
-969.935364,625,998.105232
-970.856414,625,1000.693618
-972.663926,619,1001.181156
-977.390822,630,1001.670838
-977.811477,629,1002.15523
-981.511024,628,1004.716965
-975.072417,624,1005.20132
-961.791847,624,1005.675609
-973.750606,623,1006.159979
-972.714451,625,1006.64436
-973.253513,629,1009.208093
-973.651984,627,1009.693817
-973.22941,624,1010.177922
-969.853182,627,1010.66761
-966.018845,620,1011.157426
-986.272921,632,1013.750557
-973.070306,632,1014.23918
-962.813262,624,1014.724941
-973.158667,627,1015.203621
-963.572987,625,1015.687977
-984.2371,625,1018.270074
-959.718993,622,1018.738825
-970.56725,624,1019.22555
-968.371415,629,1019.710963
-969.613329,625,1020.203084
-958.087978,631,1022.814081
-960.450756,628,1023.299674
-973.249904,623,1023.771575
-960.644318,624,1024.257179
-969.856411,627,1024.731445
-958.78722,626,1027.300297
-967.392243,626,1027.785825
-952.711786,626,1028.25459
-959.821475,624,1028.7395
-955.911662,628,1029.225041
-973.182356,626,1031.802933
-970.107963,629,1032.287308
-981.089721,630,1032.772868
-1008.079258,628,1033.250743
-986.573792,629,1033.739311
-960.318191,620,1036.424965
-970.277599,629,1036.910563
-964.513062,624,1037.399151
-969.418105,626,1037.87262
-972.883712,624,1038.346914
-994.878717,629,1080.395041
-974.427992,628,1080.930509
-979.841581,625,1081.4202
-986.862923,630,1081.905797
-965.443012,627,1082.438136
-1389.3443,624,1085.122522
-970.818074,623,1085.591287
-966.951864,630,1086.061278
-955.205588,622,1086.534333
-960.943684,623,1087.034319
-979.720457,627,1089.5973
-956.936154,624,1090.067226
-966.679634,624,1090.524546
-986.579551,632,1091.021249
-981.882972,625,1091.509353
-983.95971,619,1094.179571
-967.420541,626,1094.680276
-956.751498,624,1095.165263
-947.879812,624,1095.663681
-962.974269,621,1096.129454
-952.297594,622,1098.735851
-973.994007,623,1099.206003
-960.452262,629,1099.69138
-960.639929,628,1100.177003
-963.332011,623,1100.64465
-963.461824,628,1103.223097
-961.110871,628,1103.724305
-972.395887,629,1104.197793
-953.750503,619,1104.676489
-958.917331,631,1105.181968
-976.163101,630,1107.906903
-961.635867,623,1108.375657
-949.284018,624,1108.875636
-959.179837,629,1109.380025
-972.255045,623,1109.864418
-955.677134,625,1112.511983
-959.638226,621,1113.000575
-948.652055,626,1113.506089
-953.065005,623,1114.021713
-962.773114,627,1114.523012
-971.609913,625,1117.304151
-964.985928,626,1117.791707
-950.11032,618,1118.291707
-958.587933,626,1118.781677
-957.70309,629,1119.29833
-958.237486,623,1121.912905
-956.119743,628,1122.398304
-975.654279,625,1122.875751
-944.449472,624,1123.344507
-964.858948,626,1123.844485
-953.966726,629,1126.501002
-960.640783,620,1126.975195
-961.409035,623,1127.44396
-948.60985,622,1127.92832
-966.391597,622,1128.402139
-964.079056,627,1130.986032
-953.154127,631,1131.481295
-951.022353,631,1131.99804
-945.005475,622,1132.536014
-940.539584,628,1135.228004
-963.134435,621,1135.712126
-943.301416,622,1136.197983
-953.351675,621,1136.686612
-940.924412,623,1137.159092
-952.15943,624,1139.782526
-951.857413,629,1140.271231
-941.736198,628,1140.757782
-942.84061,628,1141.227959
-946.810524,625,1141.702283
-945.45838,629,1144.295834
-958.310988,626,1144.798295
-944.080131,629,1145.345172
-951.179806,625,1145.846422
-943.877969,629,1146.338759
-945.114461,631,1148.912004
-946.338756,632,1149.412005
-944.357493,626,1149.902311
-949.048366,624,1150.375345
-950.274241,626,1150.860926
-943.009132,628,1153.587053
-955.772025,629,1154.103889
-946.641061,629,1154.701911
-944.173095,629,1155.24367
-944.946535,628,1155.772932
-950.499194,627,1158.426552
-1333.825509,631,1159.007295
-945.649365,632,1159.571531
-951.549751,631,1160.122593
-1321.03224,629,1160.639591
-975.789042,634,1163.460835
-962.7101,631,1164.049762
-947.930756,630,1164.581011
-948.489243,630,1165.160533
-969.340165,637,1165.75429
-965.476951,632,1168.687378
-950.270207,631,1169.192919
-945.819214,629,1169.77648
-950.566764,638,1170.339289
-963.617336,637,1170.912611
-943.287348,629,1173.772307
-948.612498,630,1174.276496
-968.000922,633,1174.797166
-950.168746,631,1175.347502
-949.334358,628,1178.115553
-964.183953,632,1178.648128
-953.829237,627,1179.167954
-975.200982,629,1179.683579
-959.021516,631,1180.201589
-979.883917,631,1183.071067
-951.342935,634,1183.664818
-959.029086,632,1184.230751
-956.359615,638,1184.793259
-951.471645,624,1185.357089
-967.612468,628,1188.175644
-965.001876,633,1188.742401
-948.820353,626,1189.276423
-964.035222,633,1189.797607
-950.336655,624,1190.360102
-953.157287,632,1193.24742
-949.16923,632,1193.817442
-959.784008,629,1194.350127
-945.625944,633,1194.919683
-956.868221,627,1195.451961
-948.818291,631,1198.388844
-958.935941,626,1198.947733
-950.955559,635,1199.491049
-962.615877,627,1199.998562
-958.142853,630,1200.548836
-962.47286,634,1203.35989
-952.1441,630,1203.859891
-953.358593,625,1204.380253
-954.97665,642,1204.901353
-951.272415,629,1205.448228
-958.75641,630,1208.414223
-954.322578,633,1208.934356
-955.321635,634,1209.449979
-944.649135,624,1209.966932
-954.410638,630,1210.486754
-952.016191,633,1213.253237
-957.803094,633,1213.768865
-953.918437,629,1214.31928
-946.721322,628,1214.850531
-951.872027,624,1217.67106
-950.581713,634,1218.192206
-968.042272,635,1218.712016
-974.665701,630,1219.246147
-950.384527,631,1219.771473
-961.368018,635,1262.853515
-960.147196,629,1263.420367
-953.294491,630,1263.935999
-964.767367,634,1264.437219
-963.543712,637,1264.957066
-970.715483,630,1267.706687
-948.803056,629,1268.23794
-959.555922,634,1268.742336
-967.560861,636,1269.25796
-964.96181,635,1269.75796
-968.994836,631,1272.603536
-988.669431,631,1273.121322
-976.54473,633,1273.686557
-975.229498,628,1274.195227
-979.911112,632,1274.726474
-1350.999689,631,1277.530129
-945.238559,632,1278.062694
-978.747172,628,1278.56691
-989.452836,630,1279.06691
-961.417717,635,1279.583797
-968.278715,631,1282.361375
-965.739143,633,1282.866792
-994.645408,630,1283.366791
-984.252466,632,1283.869188
-960.436481,628,1284.36919
-977.462564,632,1287.094034
-961.710566,636,1287.610911
-951.572029,634,1288.130718
-974.033204,631,1288.630716
-938.959817,630,1289.123124
-956.605602,627,1291.845319
-958.639577,631,1292.362029
-958.258061,625,1292.863443
-984.794759,636,1293.364564
-1357.666462,630,1293.865645
-961.878273,626,1296.575462
-979.967297,630,1297.087984
-972.762586,633,1297.604395
-986.005209,633,1298.105175
-978.194959,632,1300.842222
-985.005457,631,1301.363305
-975.426127,632,1301.865487
-954.603743,631,1302.365491
-977.723884,634,1302.870935
-971.059195,629,1305.615058
-969.669007,630,1306.130681
-980.586272,626,1306.653048
-980.80791,630,1307.157242
-995.989892,632,1307.688492
-973.080967,629,1310.486261
-960.21268,631,1310.991668
-963.310973,631,1311.508641
-949.301767,629,1312.028517
-996.283486,631,1312.560908
-956.970705,631,1315.335738
-964.004839,631,1315.851363
-977.824961,632,1316.375154
-971.313715,631,1316.8882
-963.559787,632,1317.410887
-969.985058,634,1320.209107
-956.407914,634,1320.730273
-957.881373,628,1321.245899
-992.502776,628,1321.778561
-983.892991,630,1322.284871
-951.174573,632,1325.087926
-972.574218,630,1325.607702
-942.526104,634,1326.113187
-943.271954,633,1326.634447
-945.909441,631,1327.151288
-953.059333,636,1329.932572
-960.63444,634,1330.451376
-948.630844,632,1330.967004
-950.951193,635,1331.484197
-961.502601,636,1334.279727
-953.570282,634,1334.810989
-966.151059,633,1335.32801
-956.004563,632,1335.845746
-946.193733,634,1336.361372
-980.369957,637,1339.147328
-963.086573,634,1339.680951
-963.712977,632,1340.19761
-960.064248,636,1340.715381
-945.306783,635,1341.236444
-965.037512,635,1344.024711
-943.630055,633,1344.543508
-945.970462,635,1345.060344
-950.292119,636,1345.580167
-952.874194,633,1346.111417
-967.708806,633,1348.956596
-946.015965,636,1349.494729
-943.425478,633,1350.014308
-966.899451,639,1350.531235
-969.759281,636,1351.097954
-950.329671,635,1353.967547
-973.790759,635,1354.484439
-950.840577,633,1355.001159
-948.774407,637,1355.537912
-940.284138,633,1356.058992
-944.451646,632,1358.946626
-954.832558,635,1359.450865
-943.589937,635,1359.983349
-958.366851,635,1360.503236
-951.62297,636,1361.018862
-952.031537,636,1363.79246
-962.481021,633,1364.294863
-941.293989,633,1364.799581
-940.098145,635,1365.316439
-964.075721,634,1368.029535
-943.007135,636,1368.53064
-959.419148,636,1369.030639
-940.947436,634,1369.547532
-946.321662,635,1370.067408
-940.287157,639,1372.857152
-946.831023,639,1373.436306
-934.460196,637,1373.971744
-951.168297,636,1374.518628
-949.853981,634,1375.039689
-952.433539,633,1377.86912
-948.689283,632,1378.36912
-943.291376,631,1378.884746
-944.283805,637,1379.467752
-963.276083,637,1380.018855
-941.567805,634,1382.78475
-943.637892,639,1383.305829
-946.0421,632,1383.821455
-959.30418,631,1384.353944
-963.452478,629,1384.873803
-954.725172,637,1387.644856
-941.478803,636,1388.160482
-951.745954,633,1388.708593
-952.838133,631,1389.275267
-939.433876,643,1389.820161
-952.26489,635,1392.610859
-935.797934,632,1393.127589
-936.684348,631,1393.660267
-940.779434,635,1394.214441
-982.759768,634,1397.021214
-937.531294,632,1397.553892
-950.19389,637,1398.085929
-939.759068,637,1398.61787
-951.779965,633,1399.156708
-939.39341,632,1401.954369
-946.693074,637,1402.47546
-949.81585,635,1403.022335
-959.055811,634,1403.554878
-943.573839,637,1404.089306
-943.391616,636,1447.184372
-954.721549,631,1447.765686
-951.790661,634,1448.265685
-942.68232,635,1448.769134
-955.286565,631,1449.27334
-955.654076,637,1452.016687
-964.913671,637,1452.541441
-948.623313,633,1453.04564
-961.405444,630,1453.54564
-938.203498,632,1454.046854
-948.266594,637,1456.737002
-953.731221,632,1457.242607
-935.04962,632,1457.746793
-949.581439,638,1458.263615
-956.932676,631,1458.75351
-937.880123,635,1461.477318
-951.187751,636,1461.977317
-950.990869,635,1462.499125
-934.743533,636,1463.014751
-954.878072,637,1463.531677
-959.254602,638,1466.249934
-944.744003,641,1466.751035
-951.261419,637,1467.268032
-974.361691,637,1467.762093
-950.960931,636,1468.277717
-955.335793,630,1471.022459
-943.357204,633,1471.53808
-951.226092,631,1472.060241
-951.716478,638,1472.585657
-948.253124,635,1473.118192
-962.724732,636,1475.924312
-968.451479,635,1476.443102
-958.815328,636,1476.962984
-957.587601,634,1477.485484
-946.531062,634,1480.267313
-950.941348,635,1480.782937
-964.338414,640,1481.299834
-956.877575,633,1481.820793
-937.298682,631,1482.338827
-957.635687,631,1485.101037
-960.637242,633,1485.622084
-963.260407,639,1486.137708
-965.116775,637,1486.654774
-937.919468,634,1487.174554
-969.604629,640,1490.100352
-973.520885,634,1490.615978
-950.770078,634,1491.13193
-969.672401,639,1491.652777
-947.313768,633,1492.180741
-949.988811,635,1495.003498
-958.229868,634,1495.540186
-969.208807,635,1496.056522
-959.426434,634,1496.588562
-949.242533,637,1497.14274
-975.926664,638,1500.033455
-962.849546,633,1500.597009
-950.038026,637,1501.161238
-971.781739,635,1501.678182
-959.573641,638,1502.213684
-966.555356,635,1505.04978
-956.855034,638,1505.6706
-946.897987,636,1506.250852
-970.238739,634,1506.836128
-973.602147,636,1509.803804
-972.960025,635,1510.318288
-963.10529,637,1510.82246
-965.51198,634,1511.343529
-995.373705,637,1511.87478
-962.996782,634,1514.7619
-947.781196,636,1515.330198
-967.176526,638,1515.867887
-956.266454,638,1516.383511
-962.163831,633,1516.904871
-958.547365,637,1519.800557
-968.669927,636,1520.316176
-957.144176,639,1520.884199
-957.368414,632,1521.415449
-936.314175,637,1521.967561
-954.459984,639,1524.755474
-962.188465,636,1525.322217
-962.683807,634,1525.869093
-944.752775,634,1526.434994
-961.822229,634,1526.966245
-957.379919,637,1529.780459
-942.553917,635,1530.281717
-954.165353,634,1530.800626
-961.411366,637,1531.320525
-947.959536,634,1531.841701
-965.05974,640,1534.571682
-958.790687,633,1535.088352
-960.707596,638,1535.588356
-966.123326,638,1536.109594
-956.163299,636,1538.86806
-956.91428,635,1539.368061
-951.555033,635,1539.900549
-946.266026,637,1540.466336
-965.07944,638,1541.108588
-955.941294,638,1544.179937
-951.7723,636,1544.758067
-960.727569,640,1545.353372
-961.444046,637,1545.92982
-959.694539,636,1546.521402
-946.906433,636,1549.401338
-955.76058,640,1549.952446
-934.424382,632,1550.499329
-951.096443,634,1551.065267
-963.42745,637,1551.627767
-955.081884,633,1554.758213
-943.096156,636,1555.391716
-953.626806,636,1555.959502
-950.459318,638,1556.531763
-952.399012,637,1557.081868
-941.759537,635,1560.088591
-943.46471,635,1560.63798
-938.904183,634,1561.186608
-936.160551,636,1561.722099
-936.02662,634,1562.268971
-947.241259,639,1565.267938
-946.117869,638,1565.816102
-949.552625,635,1566.349526
-947.063532,637,1566.896403
-951.399354,634,1569.771045
-939.570528,639,1570.305017
-940.601357,636,1570.840518
-939.218534,634,1571.377326
-948.486323,635,1571.907455
-941.074242,644,1574.800694
-952.317297,636,1575.337612
-942.290526,635,1575.888737
-947.997671,635,1576.425241
-947.963999,639,1576.96208
-942.473115,635,1579.852856
-942.976255,640,1580.399732
-952.988,635,1580.920916
-936.027091,637,1581.452171
-947.386128,639,1581.983417
-939.362476,633,1584.842968
-942.706644,635,1585.391474
-945.907466,640,1585.942531
-943.200446,639,1586.494879
-937.745094,635,1587.026126
-932.498888,639,1589.905975
-942.494092,637,1590.458471
-949.04818,632,1590.993291
-932.950494,638,1591.532547
-936.069448,637,1635.962329
-935.023491,635,1636.541924
-936.20991,637,1637.10244
-938.436217,636,1637.666587
-948.39623,635,1638.223362
-941.453639,641,1641.129414
-931.562056,642,1641.676293
-934.79742,642,1642.242214
-941.931711,640,1642.810565
-928.566763,639,1643.37541
-926.697501,637,1646.294502
-936.699088,635,1646.84138
-943.356863,639,1647.419508
-936.590794,638,1647.98752
-928.320899,638,1648.565644
-938.059711,641,1651.547017
-932.439139,640,1652.1178
-927.912948,640,1652.713027
-935.062876,638,1653.267631
-928.986286,638,1653.848766
-925.146014,640,1656.911177
-933.842277,641,1657.492733
-934.340963,640,1658.126929
-926.748603,639,1658.69919
-930.153965,640,1659.26169
-1304.210725,639,1662.210422
-944.129869,639,1662.774164
-931.400376,639,1663.387767
-926.424262,636,1663.983029
-930.652859,635,1666.980579
-934.903874,636,1667.532856
-941.725689,635,1668.12223
-928.650938,639,1668.684732
-928.071551,642,1669.248552
-926.133967,638,1672.186809
-926.985385,638,1672.753281
-929.846551,639,1673.358134
-931.041805,639,1673.924913
-924.869364,637,1674.534288
-923.402383,636,1677.458246
-927.969323,636,1678.009404
-933.978436,635,1678.603152
-940.741068,640,1679.171316
-940.224036,639,1679.753727
-931.061918,641,1682.829966
-942.025436,639,1683.410479
-945.797689,636,1683.988604
-954.451972,635,1684.594584
-937.307947,640,1685.173766
-927.677461,640,1688.126992
-937.498406,641,1688.726416
-934.184649,645,1689.320164
-934.48807,638,1689.900635
-935.811127,640,1692.854974
-929.650533,643,1693.402862
-926.604083,637,1693.973175
-924.421931,637,1694.52528
-945.658519,640,1695.10812
-936.679444,640,1698.013657
-931.618676,640,1698.568118
-947.219697,641,1699.14713
-931.482666,638,1699.754915
-943.386918,642,1700.371623
-932.471875,640,1703.319417
-932.309427,638,1703.853855
-928.354265,642,1704.416355
-946.220611,639,1704.96562
-928.341162,638,1705.528121
-934.816654,642,1708.436
-941.912596,641,1709.003986
-938.782967,640,1709.576979
-942.432486,644,1710.203266
-926.596496,636,1710.801288
-945.867076,636,1713.723355
-930.637266,636,1714.271455
-927.226552,639,1714.822576
-940.434869,640,1715.386087
-953.047581,638,1718.302148
-942.918045,637,1718.840604
-940.327452,641,1719.407343
-1318.856435,638,1719.956598
-932.048685,646,1720.534724
-942.767321,639,1723.523077
-929.231127,640,1724.091067
-925.091749,638,1724.657539
-934.870772,635,1725.222509
-934.499486,642,1725.787179
-925.679205,638,1728.711254
-939.937412,638,1729.259435
-941.61425,636,1729.856379
-928.248163,638,1730.434504
-946.454619,641,1731.049138
-935.940223,639,1734.111622
-940.726106,642,1734.67549
-927.212232,643,1735.256808
-935.276726,640,1735.819308
-943.29565,643,1736.44681
-941.056716,641,1739.399052
-926.758369,642,1739.968374
-927.955209,637,1740.55203
-924.126396,640,1741.130155
-925.183024,640,1744.059669
-925.13473,639,1744.627707
-932.964026,642,1745.174583
-929.930834,638,1745.753938
-934.410197,640,1746.33423
-941.37421,636,1749.263875
-943.111039,641,1749.812011
-930.365519,640,1750.378741
-928.026023,639,1750.956866
-935.395709,644,1751.524869
-936.717026,635,1754.461082
-925.735821,639,1755.01825
-940.859173,646,1755.648748
-925.11991,641,1756.269769
-924.857676,641,1756.905518
-946.313891,645,1760.129186
-933.229,640,1760.728492
-926.494383,636,1761.330079
-926.845891,639,1761.892577
-928.055616,637,1762.491865
-939.701984,642,1765.440652
-944.364798,643,1766.010855
-937.987475,637,1766.578931
-933.964315,640,1767.162173
-939.697999,642,1770.13425
-935.166944,639,1770.685379
-928.771319,638,1771.250224
-918.54326,636,1771.802694
-930.817791,643,1772.374438
-935.216402,639,1775.423388
-924.500064,641,1775.997123
-923.06821,642,1776.600583
-945.412868,639,1777.152934
-925.302175,643,1777.72089
-924.231232,639,1780.679199
-922.385311,639,1781.326595
-922.874781,643,1781.925759
-922.980993,639,1782.500949
-929.208606,646,1783.151293
-954.556671,639,1786.157336
-925.520693,643,1786.756723
-932.706264,640,1787.338273
-924.715747,642,1787.902294
-933.011489,640,1788.470218
-933.961181,644,1834.563987
-922.656753,641,1835.173363
-935.301308,642,1835.7216
-933.005989,638,1836.286228
-923.623475,640,1836.854001
-939.698905,641,1839.768984
-926.300133,647,1840.351323
-939.482367,641,1840.991948
-925.059542,639,1841.557945
-931.524442,641,1842.170734
-925.773374,638,1845.207447
-931.77995,636,1845.764034
-925.399218,641,1846.326538
-942.226618,643,1846.878965
-929.869059,639,1847.441465
-934.074726,642,1850.412141
-922.908046,640,1850.964458
-929.62016,640,1851.526959
-945.002079,639,1852.079033
-1310.488667,639,1852.685633
-927.734247,639,1855.723779
-921.692865,638,1856.323204
-941.078492,641,1856.875461
-925.68764,641,1857.448316
-933.518828,640,1860.428523
-938.09725,640,1860.965053
-933.510546,638,1861.513217
-931.310726,638,1862.076827
-928.144458,644,1862.639323
-925.809358,639,1865.620511
-929.966221,639,1866.171635
-925.340073,642,1866.72431
-946.157979,637,1867.353641
-925.146132,645,1867.931767
-934.192149,646,1870.889333
-931.396485,638,1871.441921
-928.047592,643,1871.988794
-924.939097,641,1872.552657
-924.086563,646,1873.134152
-926.159641,639,1876.167441
-933.350733,639,1876.734656
-929.160468,639,1877.332669
-932.740789,642,1877.912015
-937.686653,641,1878.500298
-933.231776,643,1881.455623
-930.721042,644,1881.987904
-929.69623,643,1882.539043
-927.513021,642,1883.10279
-935.457149,645,1886.043398
-1313.277725,645,1886.59446
-930.087144,637,1887.143767
-922.460016,639,1887.696454
-922.746477,638,1888.262309
-924.044123,638,1891.167995
-923.470198,641,1891.713853
-925.322317,637,1892.266196
-930.963411,639,1892.815852
-927.656576,644,1893.384581
-926.787423,644,1896.306948
-924.061172,639,1896.861782
-941.655988,642,1897.409631
-925.12029,644,1897.964167
-941.646796,640,1898.531768
-926.174485,640,1901.445191
-926.113716,638,1902.054566
-922.527547,640,1902.653924
-934.844562,640,1903.28566
-930.895218,642,1903.852885
-941.188795,643,1906.857759
-922.818965,643,1907.420261
-930.316897,644,1908.001884
-926.847659,641,1908.584879
-930.104633,643,1911.517655
-927.990431,640,1912.065777
-927.621839,641,1912.62194
-926.030606,640,1913.186191
-926.375377,636,1913.741527
-934.47976,640,1916.687268
-924.015571,639,1917.237935
-931.692585,641,1917.790367
-924.28835,643,1918.35431
-928.04631,638,1918.924521
-925.353021,640,1921.882781
-1306.071685,642,1922.429661
-936.260669,642,1922.994597
-924.966538,641,1923.562841
-924.8357,640,1924.126654
-923.026322,642,1927.074208
-928.382453,639,1927.613547
-928.164593,641,1928.161885
-922.83495,635,1928.775524
-930.778668,640,1929.400527
-935.550057,641,1932.482458
-924.712533,636,1933.04818
-929.148952,638,1933.600643
-934.222946,643,1934.181302
-944.538236,641,1937.138666
-931.814305,641,1937.6968
-928.974524,639,1938.248789
-925.091696,642,1938.862379
-932.919086,643,1939.457487
-932.388814,641,1942.40135
-928.42688,637,1942.952471
-928.793211,639,1943.489397
-923.213504,644,1944.051898
-925.946884,643,1944.631353
-938.018718,637,1947.727893
-939.883101,640,1948.276159
-931.687928,640,1948.827718
-922.63541,638,1949.391354
-936.72296,643,1949.969482
-923.520013,641,1952.878179
-942.827965,638,1953.43065
-924.303894,642,1953.981737
-925.124334,638,1954.550916
-923.631051,637,1955.10102
-927.505609,642,1958.086764
-927.215475,641,1958.638183
-1181.684449,641,1959.200684
-927.525038,642,1959.764442
-936.791956,642,1962.810917
-924.385265,640,1963.379153
-935.082009,640,1963.947199
-936.149198,642,1964.509698
-921.121853,642,1965.079095
-932.463877,643,1968.045541
-929.506959,643,1968.581311
-924.540262,640,1969.12819
-932.647473,641,1969.681593
-938.002853,641,1970.232666
-927.490773,641,1973.173635
-923.845559,641,1973.72479
-926.521303,642,1974.271665
-924.536852,641,1974.841412
-927.970957,639,1975.405135
-925.537026,641,1978.40868
-922.828537,642,1978.992826
-921.061551,643,1979.570952
-923.647113,641,1980.134726
-922.726228,641,1980.73277
-923.888118,641,1983.667094
-923.77894,643,1984.215184
-929.566259,641,1984.752974
-929.241906,639,1985.288513
-921.34703,639,2030.618567
-926.401522,643,2031.247752
-922.675056,637,2031.858351
-918.004139,639,2032.464747
-925.511072,645,2033.054995
-921.561755,642,2036.032938
-922.271034,642,2036.599651
-922.890853,640,2037.16001
-920.322584,641,2037.728071
-923.722478,643,2038.401474
-929.63185,644,2041.519893
-928.271526,641,2042.086612
-922.748377,638,2042.654889
-927.989339,643,2043.235072
-924.823222,644,2043.817414
-922.474576,643,2046.748058
-941.956724,640,2047.316039
-923.140909,640,2047.882774
-939.881819,642,2048.521679
-920.373511,639,2049.115456
-927.354115,643,2052.034392
-922.846076,641,2052.604716
-924.972193,644,2053.168423
-921.644013,642,2053.740121
-928.442494,644,2056.668553
-925.128504,645,2057.262302
-938.418029,642,2057.864398
-927.334137,643,2058.413576
-923.565745,642,2059.000887
-929.439958,643,2061.901845
-924.863176,645,2062.468614
-935.101381,641,2063.01549
-928.638461,639,2063.563655
-924.684347,641,2064.130426
-929.647842,645,2067.111229
-926.136851,642,2067.660535
-922.341774,642,2068.207411
-918.929245,640,2068.761343
-932.093018,641,2069.34672
-928.269148,641,2072.310715
-930.41119,642,2072.867861
-930.834043,643,2073.4019
-930.70077,641,2073.95306
-931.584862,643,2074.522217
-923.909234,640,2077.429878
-928.794168,643,2077.992372
-928.072319,641,2078.556099
-936.08748,642,2079.216571
-920.769159,643,2082.245972
-929.219405,643,2082.811911
-937.31084,640,2083.375735
-946.844592,644,2083.932338
-925.393093,643,2084.510462
-928.039107,642,2087.471131
-932.470138,644,2088.037823
-923.150018,646,2088.605921
-927.979954,645,2089.169682
-928.925962,642,2089.786685
-922.431359,642,2092.731973
-925.726229,644,2093.286548
-925.984404,641,2093.854276
-923.666639,639,2094.419911
-923.273525,645,2094.989949
-919.932601,643,2097.927569
-922.894633,643,2098.497595
-923.71315,643,2099.060942
-923.023761,642,2099.632107
-928.46647,642,2102.592983
-939.626932,645,2103.194028
-939.237236,646,2103.798865
-927.870007,645,2104.429352
-920.661822,641,2105.007476
-924.078874,643,2107.942672
-925.403965,644,2108.571597
-923.067136,643,2109.163079
-917.563648,643,2109.74261
-931.682422,644,2110.340549
-922.160225,643,2113.261989
-930.885255,644,2113.815816
-922.800032,646,2114.398195
-924.256339,646,2114.994007
-922.211607,645,2115.576357
-923.241602,641,2118.588122
-936.365873,642,2119.156117
-924.856406,642,2119.722832
-922.93288,643,2120.300959
-922.147284,643,2120.901436
-927.63207,644,2123.859146
-936.37792,643,2124.410739
-933.220506,642,2124.978839
-935.864642,643,2125.54134
-922.628869,644,2128.463881
-924.23856,642,2129.045202
-928.755782,643,2129.623327
-928.241246,642,2130.256941
-933.500339,645,2130.840917
-931.799244,643,2133.833785
-916.004596,639,2134.433146
-934.429209,641,2135.011271
-922.381913,640,2135.575002
-933.724785,645,2136.143426
-922.900224,644,2139.155311
-933.479596,646,2139.774516
-919.127513,643,2140.368267
-922.380717,644,2140.932116
-925.955935,642,2141.528032
-919.552019,644,2144.518936
-930.406035,645,2145.12966
-920.77985,645,2145.694321
-1313.922813,645,2146.288071
-929.611914,643,2149.293136
-919.505619,641,2149.871266
-923.616621,647,2150.418139
-926.871514,643,2151.048674
-919.401163,640,2151.633779
-918.086711,645,2154.645855
-924.058566,643,2155.181304
-930.617565,641,2155.743804
-923.265818,640,2156.296148
-928.603942,645,2156.874273
-929.205368,645,2159.832507
-922.644276,643,2160.447435
-927.269774,644,2161.041186
-1308.641016,644,2161.640572
-921.456593,643,2162.218697
-922.397589,645,2165.242327
-922.116085,644,2165.826109
-919.237901,643,2166.421975
-922.174458,647,2166.989972
-919.424694,642,2167.525478
-920.205564,639,2170.415624
-919.98665,641,2170.979369
-920.894427,644,2171.529439
-924.28795,643,2172.107566
-921.895077,644,2175.029888
-942.006324,646,2175.604224
-930.447888,643,2176.182347
-920.218246,641,2176.748384
-919.383019,640,2177.310884
-919.902003,642,2180.202607
-919.864293,645,2180.786266
-925.337086,643,2181.366659
-919.360498,643,2181.917988
-928.973342,644,2182.517124
-922.80785,642,2227.726197
-923.178741,644,2228.375518
-929.313664,646,2228.990595
-935.595424,646,2229.573346
-1431.68612,643,2230.144065
-928.52966,644,2233.0713
-1308.517176,645,2233.635066
-929.301552,642,2234.186147
-1171.789782,645,2234.733021
-919.383601,641,2235.2696
-920.750683,643,2238.263983
-921.493595,645,2238.810858
-924.147108,644,2239.421951
-935.656533,642,2239.968826
-927.286131,645,2240.532653
-934.110638,643,2243.46261
-927.737491,644,2244.040738
-922.276414,643,2244.610272
-923.713265,643,2245.164562
-922.503073,647,2245.727064
-923.795653,642,2248.606654
-931.491668,642,2249.157742
-930.583805,644,2249.709133
-926.600938,644,2250.261489
-922.121761,646,2253.161129
-930.370183,643,2253.698741
-924.776883,644,2254.295489
-933.453421,642,2254.846596
-924.721059,645,2255.398742
-931.985235,643,2258.350583
-918.932442,643,2258.959958
-927.564207,644,2259.544914
-920.604507,639,2260.112882
-929.068026,643,2260.695245
-928.893766,645,2263.633733
-919.922985,642,2264.184842
-921.723088,646,2264.768496
-918.107428,642,2265.318806
-930.598153,646,2265.912557
-921.228139,649,2268.848837
-923.338356,642,2269.402747
-921.114647,641,2269.939334
-918.58225,644,2270.507506
-920.726532,644,2273.449044
-923.133911,645,2274.001333
-925.972611,641,2274.570739
-927.476481,645,2275.135554
-920.675298,644,2275.702264
-921.281643,644,2278.656002
-919.757024,642,2279.318049
-926.449095,644,2279.964275
-925.826857,644,2280.60912
-919.979463,645,2281.196793
-919.026662,641,2284.30717
-930.092279,645,2284.902037
-923.507396,643,2285.481394
-917.54432,644,2286.069179
-916.303071,643,2286.69418
-926.034861,644,2289.978491
-919.715752,644,2290.546249
-915.543796,642,2291.189473
-920.28184,642,2291.838116
-928.423082,646,2292.475074
-921.572385,646,2295.477616
-926.937,646,2296.047859
-920.199268,643,2296.632994
-923.394037,647,2297.265481
-918.617653,643,2300.257291
-918.6028,642,2300.827173
-915.25602,641,2301.42515
-925.02507,643,2301.977568
-917.288361,644,2302.576652
-916.899679,641,2305.603207
-921.856971,645,2306.171239
-924.966283,647,2306.722951
-918.626759,645,2307.318012
-925.141404,645,2307.900373
-917.802357,646,2310.884594
-919.548479,645,2311.448344
-920.887947,647,2312.013017
-922.604194,643,2312.559893
-916.976219,645,2313.127913
-923.884174,645,2316.042329
-917.836254,646,2316.604835
-917.90103,643,2317.157159
-915.821901,642,2317.710446
-916.28057,646,2320.730385
-916.534999,644,2321.282752
-920.587941,646,2321.84525
-920.682197,645,2322.4103
-917.651761,645,2322.962771
-920.585699,646,2325.871649
-918.53537,643,2326.435463
-920.767957,647,2326.993897
-924.218943,640,2327.525153
-919.208645,642,2328.061913
-914.027296,642,2330.948688
-918.259744,644,2331.495564
-927.62803,644,2332.047898
-920.543245,643,2332.577166
-916.604561,643,2333.13056
-916.647711,642,2336.050963
-1291.388352,645,2336.644712
-915.325848,643,2337.190946
-915.578416,643,2337.773316
-915.611691,642,2340.791049
-917.570071,644,2341.339109
-916.478377,642,2341.894428
-924.219532,644,2342.426996
-916.035081,640,2342.980437
-916.175115,643,2345.923276
-921.366365,645,2346.485781
-918.001243,642,2347.038193
-923.584425,644,2347.590448
-914.780677,646,2348.142923
-920.034178,643,2351.166345
-918.87119,644,2351.728846
-921.403167,645,2352.292602
-917.796903,643,2352.872868
-915.808941,646,2353.410514
-916.706042,647,2356.44732
-918.987962,641,2357.000668
-925.379299,643,2357.582973
-915.631151,643,2358.119916
-920.911919,645,2358.682415
-916.946084,643,2361.505082
-919.513703,645,2362.025181
-925.601995,646,2362.556432
-916.912384,645,2363.093642
-918.717729,646,2365.90168
-920.479134,642,2366.437156
-915.024812,642,2366.986679
-1168.924184,645,2367.510072
-915.578227,642,2368.041319
-916.8528,645,2370.923384
-918.023451,645,2371.440336
-917.48653,643,2371.965032
-917.710348,645,2372.516093
-927.198238,644,2373.037264
-922.24018,644,2375.806038
-917.004426,644,2376.325843
-917.302992,645,2376.858305
-917.162266,641,2377.409424
-919.797265,644,2377.941845
-916.724439,644,2422.69409
-923.788991,645,2423.3921
-914.091722,643,2423.982836
-921.674,642,2424.597791
-922.054922,644,2425.199853
