# {"t_start": 1566434107.7609885, "env_id": "SignalizedEco-v0"} 
r,l,t
-8750,888,65.807191
-2000,394,66.210557
-1000,346,66.507431
-17500,1001,67.386028
-3000,335,67.683913
-750,469,68.080117
-8750,848,68.821297
-1500,301,69.086922
-4750,813,69.805673
-4750,474,70.215445
-4750,676,70.810972
-1000,264,71.05102
-5250,968,71.859364
-3250,305,72.113633
-1000,483,72.519883
-3000,623,73.041254
-500,346,73.322505
-4250,532,73.761041
-5000,622,74.254236
-1500,189,74.410486
-6500,663,84.333849
-1500,332,84.680507
-2000,299,85.043574
-6000,548,85.67288
-3500,801,86.461843
-750,258,86.690619
-2000,438,87.081243
-5000,584,87.629403
-2250,587,88.149329
-5250,568,88.649332
-3250,422,89.042014
-2250,407,89.452691
-2500,362,89.796438
-1750,365,90.147541
-1750,436,90.55536
-8250,980,91.521469
-750,494,91.927718
-3000,540,92.416362
-2000,837,93.21453
-750,266,93.481268
-6500,610,101.862179
-1000,297,102.096555
-750,424,102.455928
-1750,455,102.867784
-1000,284,103.102158
-1500,386,103.46153
-1500,433,103.836532
-1750,328,104.119179
-1750,445,104.495335
-2500,394,104.839082
-750,249,105.057833
-1250,277,105.292207
-1500,534,105.716534
-1750,403,106.061778
-3000,397,106.407707
-250,351,106.690241
-1500,207,106.846492
-2000,202,107.006993
-1500,430,107.376895
-2000,385,107.70824
-1250,436,108.115789
-1500,323,108.385685
-3500,311,108.651305
-1000,471,109.039389
-1000,267,109.242514
-2500,406,109.571984
-500,269,109.779391
-2000,521,110.204656
-2250,438,118.465621
-1000,445,118.840617
-1250,400,119.219316
-1250,281,119.469315
-500,351,119.751827
-1750,331,120.033074
-1250,420,120.425022
-1000,367,120.726154
-500,378,121.054281
-1750,419,121.41972
-1500,292,121.654096
-1750,332,121.92527
-2000,447,122.321818
-2500,419,122.713609
-3750,601,123.3259
-2000,330,123.641649
-1250,382,124.016592
-1250,462,124.506669
-1500,441,124.93285
-3750,562,125.420616
-2500,410,125.782583
-1250,344,126.081638
-2500,425,126.426824
-1500,333,126.72798
-1500,348,127.0317
-1500,363,135.419963
-1750,456,135.805946
-1250,322,136.074654
-1500,212,136.263535
-2250,424,136.644186
-1750,392,136.99965
-1750,426,137.376221
-1250,320,137.661759
-1750,363,137.982066
-1250,272,138.233464
-1250,381,138.565753
-1000,350,138.878256
-750,272,139.128254
-1000,274,139.395483
-1750,335,139.724796
-1750,348,140.02167
-1250,368,140.318544
-750,396,140.652216
-1000,479,141.029758
-750,274,141.2839
-1000,351,141.616302
-1500,451,142.00571
-1500,350,142.322455
-1750,327,142.603727
-1500,395,142.931853
-1500,362,143.272219
-1250,339,143.59123
-1750,446,143.996459
-1750,356,144.293335
-1500,327,152.667468
-1500,437,153.051378
-1500,410,153.421163
-3500,435,153.785153
-1750,428,154.137596
-1750,356,154.438317
-1500,398,154.770063
-750,363,155.070953
-3500,424,155.434337
-1500,391,155.758099
-1500,418,156.141587
-1500,454,156.504994
-1250,404,156.909197
-1000,374,157.237786
-3000,421,157.617035
-1750,309,157.886678
-2750,405,158.250337
-3000,404,158.61097
-1250,349,158.92773
-1500,357,159.227455
-1500,331,159.571205
-1750,484,160.029165
-750,421,160.408471
-1500,333,160.674098
-1000,340,160.956723
-1000,371,161.259432
-1000,379,169.445623
-1750,368,169.760296
-1500,344,170.041549
-1500,408,170.385299
-1000,436,170.75085
-2000,429,171.130111
-750,367,171.448341
-1250,419,171.838964
-1750,338,172.168403
-1750,293,172.496531
-750,280,172.746529
-750,353,173.063309
-4000,404,173.391434
-1500,334,173.658373
-1500,408,174.033155
-1750,361,174.331782
-1750,399,174.706779
-1250,362,175.020621
-2000,375,175.383267
-1250,386,175.742642
-2000,339,176.039515
-1500,395,176.368991
-1000,346,176.668045
-1750,295,176.922331
-1750,315,177.187959
-1250,415,177.547333
-3000,361,177.881026
-1500,351,178.1779
-750,293,186.221293
-4000,394,186.552649
-1500,423,186.943274
-1500,229,187.132228
-750,269,187.367741
-1500,231,187.570862
-1500,371,187.883368
-1250,258,188.102117
-1250,341,188.383364
-1500,326,188.681855
-1500,314,188.952783
-1250,400,189.280907
-1500,394,189.624657
-1000,448,190.001105
-1500,298,190.255377
-1000,381,190.567878
-1000,363,190.864752
-1250,343,191.177255
-1250,360,191.518901
-1500,370,191.8491
-1250,390,192.197177
-1250,391,192.540926
-1250,395,192.890262
-1500,403,193.234154
-1000,380,193.562279
-1250,310,193.827905
-1500,344,194.110488
-750,277,194.362707
-1500,340,194.643955
-1250,361,194.944561
-2000,360,203.354353
-1000,379,203.672561
-1500,404,204.009132
-1500,283,204.243506
-750,378,204.556006
-1250,418,204.901031
-1500,285,205.139621
-1250,433,205.514621
-1250,425,205.936494
-1000,279,206.187716
-1250,360,206.507052
-1000,288,206.745672
-1750,288,207.001102
-1000,275,207.249352
-1250,409,207.612166
-1500,285,207.865409
-1000,362,208.146656
-750,341,208.41822
-1250,349,208.716232
-1250,295,208.983141
-1500,405,209.331191
-1500,307,209.596818
-1500,429,209.973039
-1000,313,210.227315
-1250,439,210.639166
-1250,354,210.936042
-1000,270,211.186043
-1750,357,211.482919
-1250,244,211.702948
-1750,405,220.104369
-1500,340,220.401244
-1750,339,220.698118
-1250,392,221.010619
-1500,398,221.371295
-1250,224,221.579883
-1250,277,221.831022
-1000,416,222.180564
-1250,383,222.493066
-750,247,222.713029
-1500,412,223.076648
-750,374,223.404772
-1750,317,223.697212
-1750,355,223.987988
-1000,349,224.27246
-1500,389,224.631835
-1500,283,224.883184
-1000,376,225.186472
-1500,298,225.453473
-1250,433,225.865291
-500,359,226.196651
-1750,286,226.448158
-1250,406,226.830878
-1750,324,227.127779
-1250,391,227.444699
-1250,372,227.788449
-1000,265,228.02416
-1500,300,228.278414
-500,379,228.606539
-1500,333,228.894786
-1250,358,236.870154
-1250,304,237.145297
-1000,344,237.430838
-1750,212,237.619694
-1000,376,237.95206
-1250,222,238.139561
-1500,292,238.38956
-500,234,238.609348
-1750,295,238.863622
-500,355,239.163969
-500,349,239.46085
-750,371,239.837516
-1000,372,240.154827
-1500,324,240.420449
-1000,232,240.643485
-1250,374,240.955981
-1000,237,241.159107
-1000,268,241.379233
-1750,382,241.712847
-1500,339,241.998376
-1250,398,242.35774
-1750,345,242.65462
-1000,382,243.049489
-1000,254,243.315116
-1250,358,243.662099
-1750,407,244.005851
-1750,313,244.321535
-1250,335,244.638798
-1250,238,244.841924
-1000,256,245.045048
-1500,310,245.310673
-1000,453,245.68567
-1500,225,253.990925
-1000,388,254.307144
-2250,402,254.645806
-1250,418,254.993599
-1000,441,255.363529
-1250,390,255.711068
-3250,447,256.0823
-1000,230,256.281386
-1250,295,256.52888
-1500,378,256.851623
-1000,390,257.199243
-1500,294,257.453502
-500,349,257.750379
-1250,308,258.001667
-750,371,258.319464
-750,408,258.66743
-1500,328,258.964305
-2000,406,259.323679
-1500,385,259.685622
-500,345,260.044998
-1000,351,260.357497
-1500,313,260.623122
-1500,294,260.890022
-1000,276,261.113014
-1500,337,261.42724
-1000,354,261.75961
-750,241,261.962734
-1000,342,262.245296
-1500,303,262.499563
-1250,310,262.780808
-1250,401,271.241157
-1250,392,271.571744
-1750,402,271.936673
-750,343,272.249172
-1000,350,272.561671
-1500,323,272.842925
-500,365,273.156764
-1750,282,273.395928
-2000,291,273.648112
-1750,337,273.929361
-1250,326,274.24186
-750,357,274.559936
-1500,355,274.841188
-750,341,275.122437
-1750,387,275.49744
-1750,289,275.733072
-1000,359,276.048798
-2000,414,276.425351
-2000,304,276.726576
-1500,329,277.07167
-2750,375,277.388491
-750,345,277.716613
-500,367,278.044732
-750,248,278.279114
-1500,339,278.5616
-1250,398,278.908586
-2000,284,279.142957
-1000,414,279.534644
-1000,351,279.852635
-1250,384,287.887424
-1000,387,288.20235
-1000,372,288.528295
-1750,398,288.860607
-750,258,289.079357
-750,355,289.37749
-1000,362,289.678621
-1500,358,289.975495
-500,364,290.272369
-1500,396,290.600495
-1500,232,290.789293
-750,265,290.996676
-750,369,291.29355
-1000,375,291.591812
-1000,367,291.889838
-1000,343,292.156711
-1000,364,292.457865
-1250,393,292.771838
-1750,418,293.104212
-1250,399,293.449322
-1250,446,293.812969
-1500,305,294.064225
-1750,303,294.314222
-1000,347,294.596511
-500,377,294.898992
-1500,406,295.230354
-750,386,295.558476
-1250,337,295.839726
-750,365,303.710123
-250,376,304.011396
-1500,309,304.266879
-1000,390,304.585085
-1000,375,304.913211
-1250,344,305.178835
-750,369,305.475709
-1250,395,305.78944
-500,370,306.087426
-1250,338,306.368675
-750,369,306.666954
-1250,386,306.98371
-1750,324,307.235026
-1250,369,307.534071
-1250,331,307.799698
-1000,349,308.080946
-1250,375,308.393447
-500,344,308.66151
-750,376,308.974007
-1250,354,309.28651
-1000,351,309.599013
-1500,321,309.881308
-1000,396,310.211622
-1750,313,310.477247
-1250,342,310.758498
-1000,359,311.039747
-1500,333,311.322232
-1250,338,311.606234
-1500,272,311.829252
-1500,342,312.110502
-750,367,320.764241
-1250,340,321.04524
-1000,364,321.343373
-1750,315,321.594693
-1500,316,321.867889
-750,354,322.200299
-1750,215,322.372173
-1250,378,322.68467
-500,366,322.997173
-1250,386,323.322053
-1000,390,323.675576
-1000,386,324.0037
-1250,346,324.273658
-500,343,324.559148
-1250,385,324.85731
-1000,347,325.152956
-1250,331,325.421814
-1000,348,325.703063
-1250,389,326.015558
-750,366,326.329338
-1250,210,326.507015
-750,349,326.837331
-1000,333,327.134203
-500,362,327.446704
-1750,384,327.780357
-1000,383,328.107554
-1500,326,328.392268
-500,348,328.704766
-1250,327,328.991608
-750,363,337.207264
-1000,352,337.50841
-500,368,337.805286
-1500,387,338.133409
-1000,350,338.431564
-750,345,338.71707
-750,371,339.013944
-1750,336,339.31082
-2500,382,339.65457
-750,354,339.968311
-750,348,340.252785
-750,366,340.565285
-750,384,340.862161
-500,366,341.1603
-1250,347,341.44581
-750,375,341.74843
-1000,410,342.076556
-1000,353,342.357806
-1250,324,342.624705
-1250,339,342.893513
-1500,334,343.188828
-750,360,343.470101
-1000,382,343.7826
-1250,230,343.971339
-500,358,344.283842
-1250,394,344.616233
-750,364,344.913108
-750,359,345.242554
-750,382,345.573879
-500,375,353.768379
-500,379,354.084328
-1000,361,354.36958
-1000,388,354.686096
-1250,361,355.00461
-500,351,355.307045
-1500,324,355.572195
-750,361,355.872841
-500,379,356.173623
-1000,344,356.474277
-1000,353,356.759119
-500,354,357.059512
-750,353,357.351367
-1000,357,357.649534
-1250,367,357.935004
-500,342,358.210415
-500,362,358.511537
-750,361,358.795591
-500,359,359.082363
-1000,354,359.394869
-500,369,359.691739
-1000,342,359.97299
-1250,381,360.318043
-1750,368,360.619249
-750,362,360.916123
-1250,332,361.190795
-1250,380,361.507563
-500,364,361.810158
-500,337,370.018949
-500,374,370.356861
-1250,367,370.658005
-750,348,370.954883
-500,367,371.284315
-500,358,371.586989
-750,366,371.888086
-500,351,372.228745
-1000,362,372.574112
-500,375,372.920837
-750,359,373.233336
-1500,326,373.538197
-750,375,373.854824
-500,359,374.145574
-500,347,374.458071
-500,371,374.833075
-750,354,375.145573
-250,352,375.44807
-500,360,375.735676
-1000,345,376.022823
-750,383,376.349875
-750,374,376.668445
-1500,320,376.938334
-750,359,377.24046
-500,358,377.525969
-750,360,377.822842
-1000,350,378.120986
-1250,377,378.422149
-500,340,378.705022
-500,365,387.113262
-500,346,387.41442
-750,358,387.73243
-500,351,388.044929
-500,365,388.341806
-500,359,388.663809
-500,352,388.9663
-750,340,389.251828
-750,360,389.595572
-500,335,389.876827
-500,354,390.189327
-750,355,390.537598
-500,366,390.87147
-1250,322,391.340217
-750,354,391.730842
-500,356,392.197881
-500,346,392.577256
-1000,338,392.90538
-1000,335,393.219378
-750,364,393.536165
-1750,373,393.938761
-750,334,394.30276
-1000,357,394.618173
-500,342,394.903765
-500,385,395.245485
-1500,343,395.526735
-500,360,395.825017
-500,361,396.136358
-250,349,396.437503
-500,355,404.722363
-500,365,405.034863
-500,370,405.348707
-750,355,405.663381
-500,365,405.975882
-500,356,406.257131
-500,356,406.571136
-500,357,406.869148
-1250,357,407.166046
-750,361,407.453059
-750,353,407.734309
-750,359,408.016868
-500,335,408.422627
-750,362,408.78196
-1000,372,409.085878
-1000,335,409.372696
-500,348,409.658196
-1250,355,409.936435
-500,363,410.233313
-1250,370,410.565065
-500,348,410.836368
-750,365,411.151109
-500,357,411.463606
-750,345,411.74486
-250,351,412.043004
-250,349,412.33988
-250,349,412.622285
-500,354,412.91275
-750,345,413.196183
-500,366,421.215235
-750,361,421.509819
-500,353,421.823648
-500,358,422.171686
-500,370,422.484184
-500,347,422.781059
-750,351,423.094948
-500,354,423.395031
-500,368,423.723161
-750,362,424.082528
-500,354,424.380681
-500,352,424.664083
-500,361,424.954583
-500,361,425.252695
-500,373,425.565194
-500,349,425.848876
-500,356,426.133254
-500,357,426.414504
-500,355,426.711379
-500,357,426.992627
-1000,375,427.295075
-500,359,427.623207
-500,344,427.921761
-1000,351,428.222914
-750,358,428.521155
-1000,358,428.822279
-250,353,429.119159
-500,354,429.416026
-250,349,437.492282
-500,359,437.789159
-500,353,438.087741
-250,346,438.388861
-750,367,438.701361
-500,358,438.998233
-1000,342,439.280764
-500,351,439.56525
-250,351,439.862121
-500,370,440.168419
-500,363,440.469544
-750,345,440.736753
-500,358,441.037895
-500,356,441.334769
-500,356,441.631645
-500,363,441.92852
-250,348,442.211035
-500,357,442.51214
-500,363,442.809017
-500,362,443.107501
-250,351,443.397165
-250,352,443.688411
-500,345,443.973951
-250,351,444.270826
-750,360,444.598956
-250,351,444.881572
-250,353,445.182739
-1250,351,445.463989
-250,348,445.760862
-750,357,454.521827
-500,362,454.838039
-1000,363,455.152261
-500,359,455.474554
-250,348,455.768636
-500,365,456.084821
-250,353,456.378295
-250,349,456.66194
-250,352,456.955635
-500,355,457.266617
-250,351,457.564592
-750,364,457.878671
-500,367,458.193561
-500,361,458.500091
-250,349,458.816862
-500,365,459.176238
-250,348,459.47311
-500,340,459.774485
-750,359,460.088168
-750,342,460.385042
-1000,367,460.697544
-500,362,461.010044
-250,353,461.310407
-250,352,461.683183
-750,361,462.042556
-500,344,462.370684
-250,351,462.656624
-500,354,462.98477
-500,358,463.312892
-250,352,471.629234
-500,345,471.926109
-250,351,472.228796
-500,345,472.525672
-500,346,472.826125
-500,355,473.142218
-250,346,473.44468
-250,345,473.777126
-500,355,474.080133
-750,349,474.392634
-250,347,474.705136
-250,350,475.003335
-500,349,475.288862
-750,355,475.616986
-250,346,475.913863
-500,356,476.243447
-500,362,476.555448
-250,348,476.870138
-1000,355,477.198267
-500,351,477.496418
-250,351,477.828834
-500,362,478.14133
-500,344,478.438207
-500,354,478.71946
-250,351,479.022
-250,353,479.334526
-250,351,479.625977
-500,351,479.952197
-500,354,480.270348
-500,345,489.217514
-250,348,489.530015
-250,347,489.828187
-500,360,490.128276
-500,356,490.425153
-1000,340,490.706402
-500,358,491.003279
-500,354,491.30362
-250,349,491.618119
-500,359,491.929125
-500,350,492.277122
-250,349,492.575431
-250,352,492.876605
-250,345,493.157855
-750,343,493.48598
-250,349,493.798484
-250,351,494.100861
-500,357,494.413362
-500,345,494.727805
-500,344,495.044584
-250,352,495.342757
-250,353,495.643888
-500,335,495.925139
-500,358,496.222014
-250,349,496.518889
-500,347,496.805687
-250,353,497.118186
-250,353,497.430683
-500,359,497.728631
-250,349,505.82578
-750,341,506.108328
-500,358,506.408432
-500,350,506.705307
-500,343,506.994027
-250,352,507.290904
-750,347,507.604681
-500,356,507.890263
-250,350,508.18714
-500,342,508.468388
-500,344,508.74964
-250,352,509.052043
-500,348,509.333293
-500,349,509.63017
-250,353,509.930037
-250,353,510.242537
-500,343,510.525925
-500,343,510.822822
-250,347,511.104071
-750,335,511.38532
-250,350,511.68573
-500,353,511.969423
-500,354,512.254954
-500,349,512.536203
-500,357,512.850092
-500,349,513.15231
-250,348,513.436833
-250,348,513.733704
-250,348,514.03058
-500,346,514.31315
-250,344,522.305054
-250,349,522.60317
-500,363,522.904311
-500,342,523.191437
-250,345,523.474247
-250,351,523.759747
-500,344,524.043404
-250,349,524.324654
-250,351,524.621531
-250,352,524.920974
-500,355,525.249099
-250,346,525.550245
-500,352,525.847121
-750,349,526.131964
-250,346,526.414373
-250,346,526.696889
-250,348,526.98239
-250,347,527.263641
-500,342,527.544889
-500,347,527.826139
-250,344,528.10871
-250,350,528.387056
-500,357,528.685073
-250,349,528.979908
-250,343,529.278099
-500,356,529.579293
-250,349,529.897579
-250,350,530.178853
-750,356,530.491351
-250,351,538.453918
-250,347,538.756991
-250,348,539.06949
-250,349,539.355013
-500,354,539.651887
-500,354,539.933138
-250,345,540.215572
-500,335,540.501084
-250,345,540.782333
-500,341,541.063582
-250,342,541.362031
-250,351,541.664496
-250,348,541.9625
-250,348,542.290625
-250,353,542.620537
-500,341,542.907377
-250,349,543.360501
-250,343,543.70032
-250,352,544.032708
-500,354,544.346515
-500,354,544.632006
-250,352,544.944505
-500,348,545.241382
-500,356,545.613121
-750,354,545.914258
-500,345,546.244027
-250,348,546.588934
-500,355,546.885806
-250,352,547.21299
-250,345,555.511916
-500,340,555.812811
-250,350,556.129364
-250,343,556.414635
-250,345,556.684042
-500,356,556.984616
-250,345,557.294359
-250,343,557.578841
-500,341,557.860091
-500,348,558.173837
-250,348,558.474977
-250,351,558.787479
-250,348,559.099978
-500,350,559.429356
-250,349,559.714897
-250,350,560.011771
-250,343,560.293019
-250,350,560.574271
-250,347,560.858132
-500,340,561.170629
-250,353,561.472269
-500,341,561.769143
-250,347,562.051725
-250,351,562.352887
-250,351,562.68101
-250,352,563.009136
-250,349,563.311663
-500,358,563.613157
-250,352,563.910036
-250,346,564.191286
-500,341,594.457537
-250,351,594.801288
-500,354,595.102432
-500,357,595.38368
-500,356,595.686325
-250,351,595.967578
-250,351,596.282483
-500,354,596.610607
-250,345,596.923109
-250,349,597.221214
-250,343,597.542443
-250,343,597.825873
-250,347,598.155326
-250,352,598.472075
-750,357,598.785898
-250,345,599.08635
-500,355,599.399982
-250,351,599.728108
-250,352,600.073129
-250,349,600.37424
-250,352,600.688456
-500,355,601.052221
-750,359,601.395975
-500,355,601.698404
-500,354,602.026551
-500,356,602.339054
-250,345,602.620304
-250,351,602.918492
-500,357,603.235756
-250,349,603.521256
-250,351,611.87138
-250,350,612.199505
-250,351,612.482036
-250,349,612.768034
-250,345,613.053556
-250,351,613.372071
-500,355,613.667043
-250,348,613.993804
-250,348,614.275053
-500,354,614.571926
-250,347,614.853187
-250,353,615.182651
-250,345,615.483763
-500,341,615.766866
-500,354,616.068017
-250,347,616.364891
-250,346,616.66306
-250,347,616.96213
-250,347,617.24338
-250,348,617.555882
-500,357,617.869615
-250,352,618.170142
-250,342,618.471294
-500,356,618.769753
-250,345,619.088018
-250,352,619.403787
-250,347,619.725512
-500,346,620.026647
-500,342,620.323518
-250,345,628.432256
-250,349,628.744755
-500,340,629.031488
-250,345,629.328364
-250,346,629.609615
-250,348,629.890865
-500,341,630.173662
-250,347,630.454911
-250,349,630.74042
-500,347,631.027469
-250,346,631.324345
-250,347,631.632059
-250,350,631.964452
-500,343,632.261327
-250,344,632.558202
-500,356,632.839451
-500,343,633.126265
-250,346,633.413314
-250,347,633.69456
-250,347,633.976988
-500,355,634.279429
-250,350,634.564926
-250,345,634.846176
-500,342,635.127426
-250,349,635.408675
-250,349,635.706769
-250,346,635.992309
-500,341,636.275625
-500,341,636.56113
-250,345,636.859503
-500,341,644.852638
-500,342,645.135198
-250,346,645.436332
-250,349,645.717581
-250,346,646.000193
-250,347,646.313823
-500,339,646.629616
-250,349,646.925257
-250,350,647.264629
-250,349,647.565334
-250,346,647.888236
-250,344,648.204522
-750,343,648.50511
-500,344,648.805198
-500,337,649.105703
-500,352,649.424737
-250,351,649.722152
-250,348,650.023058
-250,345,650.308328
-250,344,650.609061
-250,345,650.894007
-500,343,651.194901
-250,342,651.495797
-500,343,651.774545
-750,342,652.075212
-250,346,652.375823
-500,342,652.661086
-500,342,652.961974
-500,347,653.278042
-250,346,661.48325
-250,351,661.784418
-250,347,662.065669
-250,350,662.362542
-250,344,662.659419
-250,349,662.957578
-500,345,663.257107
-250,350,663.558263
-250,346,663.855138
-500,336,664.154067
-250,348,664.455262
-250,350,664.767757
-250,348,665.080257
-250,346,665.377134
-750,355,665.690891
-250,350,666.03789
-750,350,666.350387
-250,348,666.662889
-500,341,666.961087
-250,350,667.257962
-250,352,667.574746
-250,348,667.871621
-250,349,668.170003
-250,348,668.482503
-250,342,668.783658
-250,350,669.111778
-250,345,669.408654
-250,349,669.706882
-250,347,670.039281
-500,342,670.364192
-500,348,678.593701
-250,346,678.911854
-250,347,679.234535
-250,347,679.532551
-250,348,679.813802
-250,347,680.110679
-250,352,680.454429
-250,349,680.7704
-250,349,681.082928
-250,351,681.473549
-250,351,681.801671
-500,356,682.164525
-250,345,682.469219
-250,349,682.812961
-250,349,683.125463
-250,348,683.439447
-500,350,683.742088
-250,349,684.043213
-500,355,684.340089
-250,347,684.636964
-250,344,684.968532
-250,353,685.300257
-250,352,685.617042
-250,349,685.913914
-250,347,686.214228
-250,342,686.497553
-250,348,686.794429
-250,352,687.106931
-500,346,687.405061
-250,348,696.150618
-250,348,696.494378
-250,343,696.80687
-250,346,697.140534
-250,348,697.453041
-250,347,697.765536
-250,346,698.07804
-250,346,698.410626
-250,343,698.772478
-250,347,699.16311
-250,351,699.522478
-250,348,699.856148
-250,347,700.168314
-250,348,700.481978
-500,353,700.8101
-250,351,701.124032
-250,350,701.453313
-250,350,701.749098
-250,346,702.045996
-250,348,702.358495
-250,349,702.660928
-250,343,702.973428
-500,344,703.298444
-250,350,703.646476
-250,351,703.929034
-500,343,704.229133
-250,347,704.526007
-250,346,704.821175
-250,343,705.103697
-250,349,705.404889
-250,345,713.517436
-250,345,713.798685
-250,348,714.094526
-250,344,714.391399
-250,348,714.689529
-500,355,714.990698
-250,345,715.271952
-250,347,715.568827
-500,341,715.881324
-250,343,716.179523
-250,346,716.480644
-250,350,716.777519
-250,346,717.074394
-250,349,717.372625
-250,347,717.689422
-250,343,717.998236
-250,342,718.295111
-250,345,718.591986
-250,347,718.905917
-500,344,719.190557
-250,346,719.487432
-250,348,719.799934
-250,345,720.113641
-250,345,720.444993
-250,347,720.75749
-250,346,721.054366
-250,347,721.351243
-500,343,721.666136
-250,348,721.973616
-250,342,730.079972
-250,347,730.376846
-250,340,730.673722
-250,350,730.970595
-250,346,731.254262
-250,344,731.535511
-250,349,731.832388
-250,344,732.186081
-250,344,732.514202
-250,344,732.815417
-250,347,733.112293
-250,348,733.409168
-250,343,733.706043
-250,353,734.009604
-250,342,734.325358
-250,348,734.637856
-250,349,734.997235
-250,353,735.357847
-250,347,735.667791
-250,346,736.056306
-250,347,736.540683
-250,347,736.888738
-250,343,737.294766
-250,349,737.712795
-250,346,738.109055
-500,342,738.468429
-250,347,738.832098
-250,348,739.183564
-250,349,739.513896
-250,350,739.810772
-250,348,748.107125
-250,347,748.392095
-250,347,748.692554
-250,349,748.975759
-250,346,749.255727
-250,345,749.558228
-250,345,749.901534
-250,346,750.207971
-250,345,750.511001
-250,347,750.796012
-250,347,751.112543
-500,346,751.413437
-250,347,751.70283
-250,347,751.999253
-250,347,752.28449
-250,341,752.585385
-250,343,752.865545
-250,347,753.164579
-500,342,753.465477
-250,345,753.754948
-250,351,754.050903
-250,348,754.351797
-250,346,754.636663
-250,345,754.9373
-250,349,755.238194
-250,348,755.523464
-250,349,755.823918
-500,341,756.124799
-250,351,756.441318
-250,350,764.489564
-250,350,764.770812
-250,345,765.052063
-250,348,765.338823
-250,347,765.620075
-250,353,765.929187
-500,344,766.230793
-250,345,766.553873
-250,349,766.885273
-250,348,767.180802
-250,352,767.477677
-250,344,767.774554
-250,347,768.059241
-250,349,768.356117
-250,352,768.668616
-250,349,768.965485
-250,352,769.26236
-250,352,769.56243
-250,347,769.859307
-250,348,770.187428
-250,348,770.49993
-250,352,770.829322
-250,350,771.145079
-500,351,771.473203
-250,345,771.785705
-250,347,772.083888
-250,351,772.385011
-250,346,772.681887
-250,343,772.963137
-250,352,773.261051
-250,344,780.803045
-250,350,781.084297
-250,348,781.349919
-250,345,781.616783
-250,347,781.901248
-250,348,782.219418
-250,348,782.563175
-250,344,782.850196
-250,346,783.151361
-250,346,783.432634
-250,352,783.715296
-250,350,783.985087
-250,351,784.267908
-250,347,784.536759
-250,349,784.802383
-250,343,785.081035
-250,351,785.377748
-250,348,785.658999
-250,344,785.928954
-250,346,786.210207
-250,349,786.506016
-250,343,786.791015
-250,349,787.077967
-250,349,787.344736
-250,351,787.625988
-500,349,787.891613
-250,351,788.172863
-250,348,788.439759
-250,349,788.707566
-250,346,796.380064
-250,347,796.679184
-250,351,797.018497
-250,348,797.402218
-250,349,797.722229
-250,340,798.05677
-250,346,798.343436
-250,346,798.697815
-250,347,799.110903
-250,352,799.412062
-250,347,799.677685
-250,348,799.969283
-250,351,800.251687
-250,346,800.534266
-250,348,800.804111
-250,344,801.069737
-250,342,801.350987
-250,342,801.639953
-250,349,801.922535
-250,348,802.192398
-250,348,802.473649
-250,350,802.754895
-250,347,803.039695
-250,348,803.308789
-250,343,803.578675
-250,346,803.859924
-250,346,804.158338
-250,345,804.428187
-250,344,804.709462
-250,346,804.979333
-250,353,812.694191
-250,345,812.977053
-250,344,813.259432
-250,349,813.542201
-250,348,813.827689
-250,346,814.141669
-250,351,814.470968
-250,349,814.767847
-250,346,815.05456
-250,344,815.433878
-250,348,815.719763
-250,349,816.016659
-250,348,816.282284
-250,348,816.596668
-250,352,816.899061
-250,347,817.197125
-250,349,817.478374
-250,347,817.790872
-500,344,818.072125
-250,353,818.354677
-250,350,818.671468
-250,351,818.952719
-250,349,819.275341
-250,348,819.612013
-250,348,819.92451
-250,344,820.205761
-250,351,820.538153
-250,352,820.829199
-250,347,821.127496
-250,343,828.978666
-250,349,829.249984
-250,348,829.517823
-250,349,829.783448
-500,344,830.049074
-250,348,830.314699
-250,350,830.597271
-250,345,830.865077
-250,347,831.147641
-250,349,831.448761
-250,349,831.778925
-250,345,832.065835
-250,348,832.351362
-250,349,832.632612
-250,351,832.929486
-250,346,833.227714
-250,353,833.5289
-250,349,833.810152
-250,352,834.09578
-250,348,834.367407
-250,348,834.681261
-250,347,834.966763
-250,348,835.248014
-250,348,835.54489
-250,346,835.826138
-250,347,836.124312
-250,350,836.425465
-250,342,836.706717
-250,353,837.01921
-250,346,844.953156
-250,346,845.235773
-250,344,845.506915
-250,343,845.776841
-250,347,846.058094
-250,347,846.323717
-250,346,846.589344
-250,348,846.856068
-500,347,847.242653
-250,342,847.590191
-250,342,847.891057
-500,345,848.213966
-250,349,848.514529
-500,347,848.799397
-250,346,849.07835
-250,350,849.364508
-250,349,849.648278
-250,346,849.917907
-250,345,850.196359
-250,344,850.481615
-250,344,850.751244
-250,344,851.036385
-250,347,851.305686
-250,347,851.568801
-250,344,851.838431
-250,344,852.108038
-250,350,852.388241
-250,346,852.671713
-250,343,852.956851
-250,348,853.241861
-250,343,861.08242
-500,340,861.363671
-250,345,861.629295
-250,346,861.89619
-250,347,862.166097
-250,349,862.447348
-250,343,862.712974
-250,345,862.962973
-250,352,863.245687
-250,348,863.576042
-250,349,863.888536
-250,344,864.185416
-250,351,864.48229
-250,346,864.749214
-250,343,865.025936
-250,345,865.298045
-250,347,865.567956
-250,353,865.86483
-500,339,866.116163
-250,345,866.399569
-250,350,866.665196
-250,344,866.946445
-250,346,867.212071
-250,344,867.478952
-250,345,867.762369
-250,348,868.02853
-250,345,868.326911
-250,348,868.596771
-250,344,868.881468
-250,346,869.149161
-250,344,876.714285
-250,353,876.981604
-250,348,877.266043
-500,348,877.547295
-250,352,877.812918
-250,353,878.094169
-250,346,878.361079
-250,346,878.615299
-250,349,878.896549
-250,347,879.177804
-250,347,879.459055
-250,350,879.741565
-250,349,880.02708
-250,344,880.310891
-250,349,880.576515
-250,350,880.857765
-250,345,881.144761
-250,345,881.410407
-250,344,881.678087
-250,350,881.947965
-250,348,882.234862
-250,347,882.519534
-250,352,882.800805
-250,349,883.06643
-250,349,883.335269
-250,345,883.616519
-250,345,883.886656
-250,349,884.152282
-250,344,884.433534
-250,348,891.831566
-250,345,892.087102
-250,349,892.386195
-250,351,892.652854
-500,343,892.934108
-250,349,893.216591
-250,345,893.470839
-250,346,893.754168
-250,342,894.040201
-250,340,894.316104
-250,345,894.645504
-250,351,895.010635
-250,347,895.314099
-250,347,895.598571
-500,341,895.864198
-250,352,896.146816
-500,346,896.4292
-250,347,896.69627
-250,349,896.965127
-250,352,897.24765
-250,346,897.522028
-250,347,897.787654
-250,347,898.070129
-500,354,898.351401
-250,349,898.621296
-250,347,898.892436
-500,340,899.159493
-250,348,899.427285
-500,354,899.708535
-250,342,899.975562
-250,348,908.37413
-250,345,908.640621
-250,347,908.921272
-250,348,909.202533
-250,343,909.500438
-250,346,909.802856
-250,349,910.078498
-250,346,910.359749
-250,350,910.686399
-250,347,910.992495
-250,353,911.293614
-250,350,911.591759
-250,349,911.892879
-250,348,912.17413
-250,349,912.441027
-250,345,912.726533
-250,347,913.007781
-250,349,913.28903
-250,350,913.5557
-250,347,913.836949
-250,351,914.10684
-250,347,914.388091
-250,349,914.684968
-500,343,914.967478
-250,351,915.268617
-250,349,915.581118
-250,350,915.909243
-250,349,916.252993
-250,350,916.566777
-250,347,924.540641
-250,352,924.838806
-250,348,925.137863
-250,347,925.430491
-250,351,925.762386
-250,345,926.049135
-250,349,926.332695
-250,352,926.645218
-250,351,926.930688
-250,346,927.227561
-250,347,927.572728
-250,347,927.871824
-500,357,928.168701
-250,351,928.452984
-250,348,928.739539
-250,344,929.025021
-250,349,929.356283
-250,349,929.641816
-250,351,929.924506
-250,344,930.272632
-250,351,930.589356
-250,353,930.875383
-250,345,931.203508
-250,346,931.474689
-250,347,931.777907
-250,351,932.056293
-250,348,932.340784
-250,348,932.63351
-250,347,932.981548
-250,347,940.691536
-250,350,940.959556
-250,346,941.229394
-250,344,941.495019
-250,348,941.776269
-250,345,942.04671
-250,348,942.329245
-250,351,942.599115
-250,342,942.854895
-250,347,943.124934
-250,349,943.406185
-250,346,943.688768
-250,347,943.987851
-250,350,944.331608
-250,349,944.612858
-250,348,944.895642
-250,349,945.176917
-250,346,945.462429
-250,349,945.743679
-250,348,946.02493
-500,354,946.321806
-250,347,946.624403
-250,347,946.924712
-250,346,947.232449
-250,346,947.522502
-250,352,947.801975
-250,348,948.080385
-250,353,948.43425
-250,345,948.734992
-250,345,949.031602
-250,341,956.716243
-250,343,957.070338
-250,347,957.405028
-250,347,957.721798
-250,351,958.028823
-250,348,958.298767
-250,347,958.584325
-250,348,958.89811
-250,345,959.167975
-250,346,959.464851
-250,348,959.746102
-250,349,960.026691
-250,347,960.323563
-250,345,960.637222
-250,349,960.918472
-250,348,961.201065
-250,350,961.487831
-250,347,961.773332
-500,344,962.046423
-250,344,962.343322
-250,348,962.624572
-250,346,962.907103
-250,349,963.176968
-250,348,963.45822
-250,344,963.739469
-250,350,964.020719
-250,342,964.287589
-250,345,964.574828
-250,346,964.862523
-250,343,972.521755
-250,345,972.787377
-250,351,973.084254
-250,349,973.36676
-250,347,973.620976
-250,352,973.903493
-250,345,974.173364
-250,348,974.455831
-250,347,974.741319
-250,347,975.014406
-250,350,975.268624
-250,353,975.551085
-250,351,975.836673
-250,350,976.117923
-250,346,976.400538
-250,346,976.683972
-250,348,976.970125
-250,350,977.255711
-250,348,977.53696
-250,344,977.819484
-250,349,978.12062
-250,347,978.40187
-250,349,978.683122
-250,349,978.964372
-250,345,979.231322
-250,351,979.501214
-250,352,979.782464
-250,347,980.04951
-250,350,980.333949
-250,349,980.600884
-250,351,988.080436
-250,349,988.34606
-250,350,988.611684
-250,351,988.882816
-250,353,989.150168
-250,349,989.420054
-250,348,989.701304
-250,347,989.968379
-250,349,990.238245
-250,347,990.507099
-250,346,990.776979
-250,348,991.042606
-250,350,991.323853
-250,346,991.626361
-250,348,991.923233
-250,346,992.221144
-250,350,992.491019
-250,347,992.757941
-250,349,993.043439
-250,349,993.309064
-250,346,993.590314
-250,348,993.871564
-250,346,994.154053
-250,349,994.423914
-250,350,994.705163
-250,351,994.987903
-250,351,995.269154
-250,347,995.540298
-250,347,995.80915
-250,350,1003.441194
-250,350,1003.70807
-500,356,1003.97794
-250,351,1004.259724
-250,347,1004.529605
-250,348,1004.795229
-250,347,1005.062124
-250,350,1005.34451
-250,348,1005.610133
-250,348,1005.891385
-250,345,1006.157009
-250,349,1006.439525
-250,350,1006.709513
-250,344,1006.990761
-250,346,1007.27305
-250,346,1007.589841
-250,348,1007.866595
-250,349,1008.148947
-250,347,1008.431419
-250,350,1008.701348
-250,346,1008.982409
-250,344,1009.249311
-250,344,1009.517111
-250,343,1009.799587
-250,351,1010.071045
-250,350,1010.337326
-250,346,1010.608522
-250,346,1010.890911
-250,342,1011.156535
-250,349,1011.422159
-250,345,1018.911698
-250,344,1019.177322
-250,346,1019.460035
-250,347,1019.714278
-250,349,1019.981188
-250,345,1020.251094
-250,349,1020.51672
-250,348,1020.782346
-250,350,1021.047972
-250,349,1021.32922
-250,349,1021.582621
-250,343,1021.848264
-250,348,1022.145146
-250,348,1022.428403
-250,350,1022.715241
-250,348,1022.985155
-250,350,1023.266406
-250,352,1023.532031
-250,347,1023.814731
-250,346,1024.085923
-250,348,1024.355767
-250,347,1024.621392
-500,342,1024.887019
-250,346,1025.154097
-250,341,1025.421866
-250,342,1025.691738
-500,343,1025.957363
-250,344,1026.239939
-250,344,1026.509912
-250,350,1033.954818
-250,349,1034.236068
-250,348,1034.505386
-250,344,1034.775273
-250,353,1035.057785
-250,347,1035.327688
-250,350,1035.593313
-250,347,1035.858937
-250,348,1036.124564
-250,342,1036.391443
-250,348,1036.661418
-250,347,1036.927041
-250,346,1037.192669
-250,346,1037.475536
-250,348,1037.761298
-250,344,1038.046888
-250,348,1038.328134
-250,348,1038.593762
-500,350,1038.875009
-250,346,1039.157559
-250,349,1039.427455
-250,350,1039.708706
-250,351,1039.97433
-250,352,1040.257152
-250,350,1040.541868
-250,345,1040.811718
-250,348,1041.076201
-250,345,1041.35745
-250,348,1041.623075
-250,347,1041.905622
-250,347,1049.685399
-250,350,1049.95461
-250,350,1050.239814
-250,346,1050.502734
-250,351,1050.77204
-250,346,1051.041645
-250,344,1051.30475
-250,343,1051.562666
-250,350,1051.836892
-250,343,1052.106527
-250,346,1052.36053
-250,348,1052.633439
-250,342,1052.895108
-250,342,1053.179149
-250,352,1053.463246
-250,348,1053.745187
-250,346,1054.018533
-250,349,1054.301739
-250,346,1054.564332
-250,348,1054.839075
-250,347,1055.110476
-250,346,1055.386337
-250,345,1055.655813
-250,345,1055.934254
-250,349,1056.203888
-250,342,1056.473518
-250,346,1056.743129
-250,345,1057.010241
-250,346,1057.290591
-250,347,1064.756931
-250,345,1065.025924
-250,352,1065.280199
-250,346,1065.545822
-250,349,1065.812958
-250,348,1066.082842
-250,349,1066.349771
-250,347,1066.619617
-250,347,1066.885241
-250,348,1067.150867
-250,348,1067.416492
-250,346,1067.682116
-250,345,1067.953248
-250,344,1068.218873
-250,343,1068.500125
-250,347,1068.781379
-250,347,1069.060342
-250,347,1069.361503
-250,349,1069.642756
-250,350,1069.924006
-250,342,1070.189632
-250,347,1070.456496
-250,348,1070.727796
-250,342,1070.997684
-250,346,1071.278934
-250,343,1071.544557
-250,345,1071.811422
-250,350,1072.08129
-250,347,1072.362539
-250,349,1072.628163
-250,343,1101.712573
-250,350,1102.063016
-250,345,1102.344267
-250,342,1102.609892
-250,344,1102.875519
-250,348,1103.195935
-250,348,1103.478344
-250,344,1103.743969
-250,343,1104.025216
-250,346,1104.296129
-250,346,1104.59425
-250,346,1104.864137
-250,347,1105.161013
-250,346,1105.442262
-250,344,1105.707887
-250,343,1105.990521
-250,347,1106.276028
-250,341,1106.572904
-250,348,1106.854154
-250,345,1107.126762
-250,346,1107.392386
-250,345,1107.67585
-250,345,1107.957098
-250,345,1108.238352
-250,349,1108.505271
-250,344,1108.770898
-250,348,1109.06992
-250,347,1109.336833
-250,347,1109.606691
-250,347,1109.872317
-250,348,1117.320455
-250,343,1117.586078
-250,344,1117.867328
-250,343,1118.134258
-250,345,1118.402096
-250,347,1118.667723
-250,343,1118.948971
-250,343,1119.21594
-250,346,1119.487
-250,351,1119.754836
-250,350,1120.020462
-250,346,1120.301713
-250,346,1120.582962
-250,344,1120.865938
-250,346,1121.132688
-250,349,1121.41394
-250,346,1121.679563
-250,344,1121.945191
-250,341,1122.211857
-250,346,1122.479683
-250,349,1122.745311
-250,345,1123.010936
-250,346,1123.27656
-250,349,1123.542187
-250,346,1123.813366
-250,342,1124.063368
-250,344,1124.328992
-250,346,1124.594615
-250,348,1124.860243
-250,347,1125.127209
-250,346,1132.557443
-250,345,1132.82307
-250,347,1133.088697
-250,345,1133.344183
-250,343,1133.609814
-250,348,1133.875439
-250,344,1134.142307
-250,341,1134.392842
-250,349,1134.664025
-250,345,1134.933919
-500,345,1135.199547
-250,352,1135.46517
-250,344,1135.730797
-500,347,1135.997916
-250,345,1136.266733
-250,346,1136.532356
-250,345,1136.79798
-250,345,1137.063608
-250,348,1137.330495
-250,344,1137.600358
-250,346,1137.865983
-250,345,1138.131609
-250,344,1138.397232
-250,345,1138.664299
-250,350,1138.934212
-250,347,1139.199837
-250,348,1139.465462
-250,344,1139.731086
-250,350,1139.997966
-250,345,1147.539156
-250,344,1147.817873
-250,348,1148.087504
-250,349,1148.361157
-250,347,1148.641724
-250,345,1148.920435
-250,350,1149.190072
-250,347,1149.475252
-250,345,1149.744627
-250,344,1150.00772
-250,347,1150.292982
-250,346,1150.578242
-250,348,1150.849119
-250,346,1151.114924
-250,346,1151.395692
-250,348,1151.68096
-250,346,1151.950584
-250,350,1152.235563
-250,347,1152.498673
-250,348,1152.783645
-250,344,1153.053267
-250,344,1153.316355
-500,346,1153.570273
-250,349,1153.855249
-250,344,1154.118335
-250,347,1154.372329
-250,345,1154.641929
-250,350,1154.920666
-500,343,1155.187052
-250,350,1155.475338
-250,346,1163.76866
-250,344,1164.04991
-250,345,1164.315533
-250,348,1164.598051
-250,345,1164.867944
-250,346,1165.133569
-250,344,1165.417085
-250,345,1165.686972
-250,345,1165.953994
-250,351,1166.223852
-250,345,1166.505104
-250,347,1166.770727
-250,349,1167.051977
-250,343,1167.318804
-250,342,1167.587674
-250,344,1167.884547
-250,348,1168.15442
-250,346,1168.420043
-250,347,1168.702569
-250,344,1168.970373
-500,344,1169.235997
-250,342,1169.485997
-500,343,1169.751624
-250,343,1170.018507
-500,347,1170.286304
-250,351,1170.54223
-250,342,1170.813114
-250,348,1171.080288
-250,347,1171.351447
-250,346,1171.621326
-250,349,1179.050399
-250,345,1179.316023
-250,348,1179.598629
-250,350,1179.884192
-250,345,1180.149817
-250,347,1180.431067
-250,349,1180.696692
-250,344,1180.963534
-250,347,1181.249016
-250,347,1181.514642
-250,347,1181.780265
-250,345,1182.061517
-250,352,1182.344068
-250,350,1182.629564
-250,344,1182.898746
-250,343,1183.16437
-250,345,1183.429996
-250,345,1183.696859
-250,342,1183.966797
-250,344,1184.248049
-250,345,1184.513673
-250,348,1184.779298
-250,343,1185.046201
-250,348,1185.317394
-250,344,1185.598644
-250,344,1185.86957
-250,348,1186.127525
-250,348,1186.394424
-250,345,1186.663272
-250,348,1194.158426
-250,346,1194.439674
-250,343,1194.694115
-250,345,1194.978029
-250,343,1195.243679
-250,344,1195.509303
-250,346,1195.790552
-250,349,1196.05749
-250,345,1196.327384
-250,348,1196.608634
-250,341,1196.874258
-500,339,1197.141093
-250,343,1197.409953
-250,342,1197.691203
-250,343,1197.95946
-250,342,1198.230547
-250,349,1198.500436
-500,344,1198.771567
-250,345,1199.037211
-250,350,1199.319907
-250,343,1199.574171
-250,345,1199.855421
-250,347,1200.106702
-250,345,1200.37661
-250,347,1200.642237
-250,344,1200.910087
-250,346,1201.195575
-250,345,1201.478067
-250,346,1201.748059
-250,349,1202.013683
-250,346,1209.465335
-250,342,1209.734199
-750,342,1210.000858
-250,343,1210.270744
-250,343,1210.551996
-250,344,1210.818997
-250,345,1211.100272
-250,347,1211.390201
-250,345,1211.671451
-250,342,1211.939263
-250,343,1212.221768
-250,348,1212.490623
-250,343,1212.756247
-250,344,1213.041259
-250,348,1213.311141
-250,349,1213.593625
-250,349,1213.863504
-250,351,1214.144754
-250,339,1214.410916
-250,345,1214.6851
-250,349,1214.956252
-750,339,1215.241772
-250,346,1215.523028
-250,351,1215.804276
-250,348,1216.07168
-250,348,1216.342762
-250,343,1216.609538
-250,347,1216.875163
-250,344,1217.146882
-250,348,1224.667534
-250,347,1224.948805
-250,350,1225.231745
-250,348,1225.501602
-250,345,1225.767229
-250,349,1226.049804
-250,352,1226.334275
-250,345,1226.615523
-250,349,1226.881147
-250,344,1227.162395
-250,344,1227.433603
-250,348,1227.71485
-250,349,1227.996102
-250,351,1228.268778
-250,344,1228.551498
-250,347,1228.821401
-250,346,1229.102651
-250,349,1229.399526
-250,346,1229.680776
-250,349,1229.947618
-250,349,1230.247747
-250,344,1230.5335
-250,348,1230.801206
-250,346,1231.068318
-250,351,1231.341301
-250,344,1231.594507
-250,348,1231.86013
-250,351,1232.125758
-250,344,1232.391383
-250,349,1232.658501
-250,350,1240.082119
-250,343,1240.369275
-250,349,1240.634898
-250,348,1240.901777
-250,346,1241.183025
-250,348,1241.465431
-250,342,1241.731055
-250,349,1242.012306
-250,349,1242.279191
-250,348,1242.549092
-250,345,1242.830342
-250,345,1243.095967
-250,346,1243.379746
-250,348,1243.649747
-250,343,1243.919667
-500,343,1244.18529
-250,346,1244.466542
-250,349,1244.732165
-250,348,1244.999096
-250,349,1245.268958
-250,346,1245.550209
-250,347,1245.815835
-250,351,1246.09855
-250,348,1246.395425
-500,354,1246.678843
-500,345,1246.961517
-250,349,1247.296306
-500,344,1247.567279
-250,347,1247.848982
-250,345,1255.783149
-250,352,1256.083843
-250,347,1256.353249
-250,344,1256.62435
-250,350,1256.907725
-250,349,1257.174475
-250,349,1257.446854
-250,352,1257.728123
-250,349,1258.009374
-250,346,1258.302176
-250,351,1258.589078
-250,347,1258.858926
-250,346,1259.124549
-250,347,1259.405799
-250,349,1259.671425
-250,348,1259.953951
-250,344,1260.223788
-250,348,1260.505036
-250,349,1260.770663
-250,347,1261.053411
-250,345,1261.334661
-250,345,1261.601408
-250,346,1261.882656
-250,346,1262.163906
-250,351,1262.429529
-250,349,1262.696472
-250,344,1262.966293
-250,345,1263.231921
-250,342,1263.497543
-250,351,1263.763171
-250,344,1271.408195
-250,352,1271.683292
-250,351,1271.996917
-250,346,1272.279459
-250,345,1272.580587
-250,347,1272.874585
-250,346,1273.140213
-250,347,1273.42146
-250,347,1273.688313
-250,351,1273.973819
-250,351,1274.270696
-250,347,1274.593267
-250,350,1274.921393
-500,345,1275.191281
-250,349,1275.535028
-250,349,1275.863153
-250,350,1276.177229
-250,349,1276.461658
-250,351,1276.742931
-250,347,1277.024182
-250,346,1277.30543
-250,350,1277.571056
-250,350,1277.846376
-250,350,1278.129803
-250,348,1278.426679
-250,347,1278.719531
-250,351,1279.006619
-250,352,1279.275432
-250,346,1279.541058
-250,349,1287.08504
-250,348,1287.371909
-250,343,1287.637555
-250,348,1287.913107
-250,350,1288.198637
-250,348,1288.479887
-250,345,1288.751077
-250,350,1289.032331
-250,349,1289.329203
-250,347,1289.600584
-250,348,1289.882076
-250,343,1290.137374
-250,351,1290.436888
-250,348,1290.722421
-250,349,1291.003671
-250,348,1291.286306
-250,350,1291.55617
-250,346,1291.821795
-250,346,1292.096817
-250,352,1292.413655
-250,348,1292.680526
-250,349,1292.966035
-250,345,1293.273781
-250,345,1293.622394
-250,351,1293.987668
-250,348,1294.31906
-250,351,1294.631562
-250,350,1294.912809
-250,348,1295.194062
-250,347,1295.523448
-250,349,1303.394685
-250,347,1303.742003
-250,350,1304.023252
-500,354,1304.304509
-250,352,1304.610695
-250,346,1304.893198
-250,351,1305.163091
-250,349,1305.459966
-250,346,1305.741217
-250,353,1306.042104
-250,351,1306.32659
-250,349,1306.654716
-250,348,1307.060964
-250,347,1307.440237
-250,350,1307.75862
-250,348,1308.143902
-250,348,1308.523538
-250,349,1308.852401
-250,344,1309.131874
-250,347,1309.418579
-250,347,1309.735335
-250,353,1310.08604
-250,351,1310.384147
-250,347,1310.651039
-250,351,1310.932288
-250,347,1311.222646
-250,349,1311.508145
-250,348,1311.776121
-250,350,1312.044962
-250,349,1319.834127
-250,349,1320.199626
-250,347,1320.512124
-250,347,1320.825661
-250,352,1321.126829
-250,347,1321.440961
-250,350,1321.769085
-250,348,1322.070223
-250,350,1322.351475
-250,350,1322.650413
-250,350,1323.000205
-250,348,1323.314876
-250,347,1323.627378
-250,344,1323.908628
-250,349,1324.226726
-250,347,1324.557985
-250,349,1324.935167
-250,350,1325.24769
-250,348,1325.581406
-250,353,1326.003291
-250,349,1326.393905
-250,348,1326.723398
-250,349,1327.037051
-250,349,1327.349545
-250,345,1327.653839
-250,349,1327.93937
-250,347,1328.237581
-250,346,1328.50749
-250,344,1328.819997
-250,343,1337.082984
-250,346,1337.379856
-250,350,1337.709363
-250,346,1338.006236
-250,346,1338.291748
-250,350,1338.588624
-250,347,1338.902918
-250,350,1339.204065
-250,350,1339.503842
-250,348,1339.806394
-250,350,1340.103291
-250,352,1340.417096
-250,353,1340.733898
-250,351,1341.046561
-250,348,1341.343446
-250,350,1341.671573
-250,350,1341.969733
-250,351,1342.255268
-250,352,1342.552142
-500,354,1342.839188
-250,351,1343.13734
-250,349,1343.435364
-250,349,1343.732238
-750,354,1344.029112
-250,351,1344.325986
-250,350,1344.60854
-250,347,1344.894047
-750,355,1345.190921
-250,349,1345.47217
-250,351,1345.770822
-250,351,1353.78365
-250,347,1354.100107
-250,349,1354.40073
-250,347,1354.685996
-250,345,1354.972248
-250,345,1355.256021
-250,346,1355.556367
-250,344,1355.835119
-250,350,1356.136015
-250,348,1356.436906
-250,349,1356.723607
-250,348,1357.027234
-250,346,1357.32362
-250,351,1357.60912
-250,347,1357.894201
-250,348,1358.196776
-250,351,1358.480226
-500,354,1358.7771
-250,350,1359.058349
-250,348,1359.3396
-250,350,1359.687887
-250,350,1359.984761
-250,350,1360.297259
-250,352,1360.594138
-250,347,1360.87673
-250,349,1361.193512
-250,348,1361.474763
-250,349,1361.756014
-250,349,1362.042839
-250,346,1370.119368
-250,347,1370.417533
-250,352,1370.73432
-250,349,1371.015569
-250,342,1371.296817
-250,350,1371.578068
-250,348,1371.860654
-250,350,1372.146286
-250,347,1372.44316
-250,346,1372.727232
-250,349,1373.012024
-250,349,1373.313188
-250,346,1373.594438
-250,350,1373.87569
-250,345,1374.175072
-250,347,1374.45764
-250,349,1374.785766
-250,348,1375.086949
-250,346,1375.368198
-250,347,1375.665074
-250,351,1375.947791
-250,348,1376.245803
-250,350,1376.542678
-250,348,1376.808304
-250,345,1377.110831
-250,346,1377.411368
-250,346,1377.723875
-250,353,1378.020749
-250,351,1378.317623
-250,347,1378.600184
-250,346,1386.878151
-250,347,1387.161402
-250,349,1387.446955
-500,348,1387.759457
-250,345,1388.088916
-250,345,1388.392172
-250,346,1388.677686
-250,347,1388.974564
-250,347,1389.271437
-250,350,1389.569567
-250,345,1389.884299
-250,348,1390.196797
-250,349,1390.493674
-250,346,1390.854465
-250,345,1391.221053
-250,348,1391.584704
-250,349,1391.882921
-250,347,1392.201065
-250,348,1392.516762
-250,349,1392.798009
-250,346,1393.110511
-250,349,1393.423011
-250,350,1393.724412
-250,349,1394.021285
-250,345,1394.307857
-250,349,1394.635982
-250,348,1394.949824
-250,349,1395.245892
-250,349,1395.547097
-250,349,1404.306353
-250,347,1404.608893
-250,342,1404.905769
-250,347,1405.235499
-250,345,1405.553849
-250,345,1405.856381
-250,345,1406.139801
-250,347,1406.436675
-250,352,1406.733552
-250,350,1407.030426
-250,348,1407.332929
-250,346,1407.652042
-250,349,1407.952151
-250,347,1408.264649
-250,344,1408.589659
-250,348,1408.890806
-250,346,1409.187681
-250,348,1409.484559
-250,348,1409.781431
-250,346,1410.082931
-250,348,1410.367119
-250,348,1410.668265
-250,350,1410.965138
-250,347,1411.263371
-250,348,1411.564521
-250,348,1411.845772
-250,347,1412.142648
-250,345,1412.423897
-250,348,1412.706591
-250,348,1420.904336
-250,342,1421.205463
-250,347,1421.517963
-250,349,1421.856569
-250,348,1422.158985
-250,347,1422.460172
-250,344,1422.777337
-250,349,1423.08984
-250,347,1423.371089
-500,347,1423.653752
-250,348,1423.954877
-500,345,1424.267375
-250,345,1424.5955
-250,347,1424.918518
-250,347,1425.235304
-250,351,1425.532179
-250,348,1425.829055
-250,349,1426.125929
-250,343,1426.427347
-250,345,1426.724223
-250,347,1427.021099
-250,341,1427.30235
-250,347,1427.616489
-250,346,1427.92549
-250,345,1428.212404
-250,348,1428.497914
-250,348,1428.838876
-250,346,1429.206164
-250,345,1429.534289
-250,347,1429.84984
-250,348,1437.991422
-250,349,1438.283563
-250,344,1438.566221
-250,348,1438.851741
-250,346,1439.170357
-250,349,1439.47925
-250,342,1439.776125
-250,349,1440.075498
-250,340,1440.373559
-250,349,1440.674726
-250,347,1440.971601
-250,342,1441.26288
-250,348,1441.548398
-250,350,1441.845273
-250,344,1442.12652
-250,343,1442.423397
-250,346,1442.721595
-250,345,1443.067537
-250,350,1443.364415
-250,349,1443.661291
-250,351,1443.990746
-250,348,1444.288731
-250,346,1444.58563
-250,352,1444.882505
-250,349,1445.195006
-250,348,1445.477515
-250,343,1445.763051
-250,351,1446.091179
-250,351,1446.403678
-250,349,1446.686224
-250,349,1454.799154
-250,347,1455.105978
-250,344,1455.422544
-250,352,1455.73908
-250,343,1456.039996
-250,345,1456.32519
-250,343,1456.610033
-250,350,1456.910629
-250,347,1457.205004
-250,342,1457.487659
-250,346,1457.774527
-250,343,1458.071403
-250,339,1458.354124
-250,348,1458.639632
-250,349,1458.937787
-250,346,1459.248983
-250,347,1459.550182
-250,346,1459.862679
-250,344,1460.159555
-250,346,1460.442079
-250,346,1460.741151
-250,349,1461.038027
-250,349,1461.334901
-250,346,1461.61615
-250,345,1461.901937
-250,347,1462.183188
-250,342,1462.477222
-250,346,1462.765218
-250,346,1463.046874
-250,343,1471.202731
-250,350,1471.494854
-250,351,1471.780416
-250,350,1472.061666
-250,348,1472.374167
-250,344,1472.692947
-500,354,1472.995517
-250,347,1473.280453
-250,350,1473.615874
-250,348,1473.921562
-250,347,1474.280933
-250,342,1474.718433
-250,351,1475.09456
-250,350,1475.554879
-250,345,1475.890403
-250,349,1476.221786
-250,345,1476.519857
-250,349,1476.832354
-250,342,1477.170614
-250,349,1477.492684
-250,351,1477.809438
-250,351,1478.123562
-250,342,1478.408396
-250,349,1478.729346
-250,347,1479.014852
-250,352,1479.311727
-250,347,1479.613163
-250,348,1479.910039
-250,348,1480.206913
-500,346,1480.521921
-250,349,1488.906298
-250,348,1489.190757
-250,350,1489.472006
-250,350,1489.805116
-250,346,1490.11762
-250,348,1490.498266
-250,345,1490.828124
-250,347,1491.175113
-250,345,1491.487614
-250,348,1491.836933
-250,346,1492.180705
-250,345,1492.485762
-250,346,1492.78586
-250,349,1493.084033
-250,350,1493.365284
-250,348,1493.649755
-250,342,1493.94974
-250,342,1494.224601
-500,345,1494.53835
-250,347,1494.823937
-250,348,1495.136435
-250,347,1495.43331
-250,352,1495.732396
-250,347,1496.030428
-500,339,1496.317145
-250,350,1496.598397
-250,350,1496.895271
-250,344,1497.193355
-250,346,1497.476793
-250,347,1505.566589
-250,346,1505.863466
-250,347,1506.154549
-250,350,1506.4358
-250,353,1506.734285
-250,352,1507.035451
-250,346,1507.316697
-250,350,1507.613572
-250,352,1507.900396
-250,349,1508.201775
-250,351,1508.486548
-250,348,1508.783425
-250,349,1509.064674
-250,348,1509.345922
-250,349,1509.648346
-250,347,1509.945217
-500,345,1510.257717
-250,347,1510.538966
-250,350,1510.837603
-250,350,1511.154377
-250,345,1511.435629
-250,345,1511.732506
-250,348,1512.029378
-250,348,1512.316153
-250,352,1512.597404
-250,345,1512.878653
-250,346,1513.175529
-250,351,1513.473913
-250,346,1513.745321
-250,344,1521.765087
-250,351,1522.066257
-250,351,1522.347509
-250,344,1522.628761
-250,347,1522.91157
-250,349,1523.211659
-250,344,1523.514403
-750,356,1523.811278
-250,344,1524.092531
-250,351,1524.406377
-250,348,1524.689907
-250,348,1524.986784
-250,348,1525.283657
-250,349,1525.580531
-250,348,1525.863023
-250,349,1526.162085
-250,347,1526.458961
-250,348,1526.74021
-250,344,1527.021462
-250,349,1527.308494
-250,344,1527.605368
-250,350,1527.88662
-250,349,1528.183496
-250,347,1528.466048
-250,346,1528.751544
-250,346,1529.033837
-250,353,1529.335043
-250,347,1529.616293
-250,348,1529.898905
-250,350,1530.184477
-250,350,1538.128559
-250,345,1538.399859
-250,347,1538.685382
-250,351,1538.966632
-250,349,1539.263512
-250,347,1539.564532
-250,349,1539.865684
-250,346,1540.157054
-250,344,1540.442615
-250,346,1540.723866
-250,345,1541.012999
-250,349,1541.314157
-250,347,1541.595407
-250,344,1541.893696
-250,345,1542.180872
-250,348,1542.482014
-250,350,1542.763265
-250,351,1543.060139
-250,344,1543.34278
-250,346,1543.624032
-250,341,1543.90957
-250,348,1544.193112
-250,347,1544.47864
-250,346,1544.759889
-250,346,1545.062322
-250,351,1545.359199
-250,346,1545.624823
-250,348,1545.921698
-250,348,1546.219889
-250,347,1554.076811
-250,345,1554.363796
-250,349,1554.631219
-250,344,1554.916487
-250,347,1555.201394
-250,348,1555.502303
-250,349,1555.818763
-250,349,1556.115857
-250,346,1556.404363
-250,348,1556.683107
-250,350,1556.96838
-250,345,1557.253416
-250,347,1557.54544
-250,349,1557.870041
-250,346,1558.168075
-250,346,1558.481923
-250,348,1558.794422
-250,346,1559.095567
-250,346,1559.381621
-250,347,1559.678493
-250,347,1559.96108
-250,347,1560.293492
-250,345,1560.642377
-250,346,1561.037322
-250,345,1561.351199
-250,345,1561.683607
-250,341,1561.980556
-250,345,1562.278574
-250,347,1562.562288
-250,347,1562.890414
-250,346,1571.015737
-250,344,1571.298069
-250,350,1571.580454
-250,341,1571.861705
-250,347,1572.159943
-250,350,1572.476723
-250,344,1572.789221
-250,343,1573.112862
-250,346,1573.39551
-250,344,1573.696649
-250,350,1573.977898
-250,345,1574.274773
-250,348,1574.561
-250,347,1574.843577
-250,347,1575.140452
-250,348,1575.425966
-250,346,1575.722843
-250,348,1576.004092
-500,345,1576.302269
-250,350,1576.605017
-250,347,1576.887457
-250,349,1577.184333
-250,346,1577.46686
-250,349,1577.786172
-250,349,1578.083046
-250,341,1578.365883
-250,348,1578.650354
-250,349,1578.93295
-250,349,1579.234107
-250,348,1609.638534
-250,347,1610.013536
-250,347,1610.311827
-250,349,1610.614493
-250,344,1610.898384
-250,344,1611.196385
-250,351,1611.524511
-250,351,1611.826903
-250,348,1612.139427
-250,346,1612.451927
-250,345,1612.748803
-250,347,1613.031354
-250,347,1613.301209
-250,347,1613.598085
-500,347,1613.903265
-250,345,1614.241222
-250,345,1614.52371
-250,347,1614.824903
-250,349,1615.106155
-250,349,1615.403026
-250,348,1615.701219
-250,349,1616.002356
-250,348,1616.299231
-250,348,1616.580481
-250,348,1616.883002
-250,350,1617.181204
-250,347,1617.447978
-250,350,1617.744854
-250,348,1618.026103
-250,348,1618.307353
-250,345,1626.392817
-250,348,1626.70663
-250,348,1627.005705
-250,348,1627.302582
-250,348,1627.583832
-250,349,1627.89633
-250,351,1628.198747
-250,346,1628.479997
-250,348,1628.77812
-250,350,1629.078777
-250,346,1629.381175
-500,343,1629.6468
-250,350,1629.945867
-250,350,1630.258366
-250,346,1630.539613
-250,347,1630.837865
-250,349,1631.123388
-250,349,1631.420263
-250,346,1631.717136
-250,348,1632.051621
-250,349,1632.370036
-250,349,1632.66691
-250,348,1632.94816
-250,345,1633.245037
-250,345,1633.527323
-250,345,1633.859715
-250,346,1634.204993
-250,347,1634.506173
-250,346,1634.80452
-250,347,1642.757582
-250,349,1643.040211
-250,348,1643.323665
-250,348,1643.620543
-250,349,1643.886166
-250,349,1644.186389
-250,349,1644.47222
-250,348,1644.770252
-250,344,1645.067123
-250,346,1645.363998
-250,348,1645.660873
-250,349,1645.945682
-250,350,1646.242557
-250,351,1646.53943
-250,343,1646.831297
-250,347,1647.116488
-250,346,1647.414572
-250,352,1647.696341
-250,349,1647.997231
-250,349,1648.291203
-250,344,1648.560321
-250,348,1648.845166
-250,348,1649.130349
-250,344,1649.415271
-250,348,1649.731808
-250,349,1650.06386
-250,349,1650.382384
-250,347,1650.664777
-250,349,1650.981289
-250,348,1651.281852
-250,351,1659.409424
-250,349,1659.710561
-250,352,1660.007431
-250,347,1660.319926
-250,349,1660.632431
-250,347,1660.933816
-250,349,1661.230691
-250,349,1661.527566
-250,351,1661.82444
-250,347,1662.106734
-250,352,1662.391191
-250,347,1662.672443
-250,347,1662.953693
-250,347,1663.250567
-250,348,1663.533036
-250,346,1663.816483
-250,348,1664.099329
-250,347,1664.384839
-250,348,1664.666091
-250,352,1664.98206
-250,347,1665.332761
-250,348,1665.629637
-250,348,1665.926512
-250,348,1666.209071
-250,351,1666.510204
-250,349,1666.791452
-250,349,1667.088328
-250,350,1667.369579
-250,348,1667.65206
-250,345,1675.800164
-250,347,1676.098184
-250,345,1676.400575
-250,350,1676.681823
-250,347,1676.984396
-250,352,1677.282665
-250,349,1677.56817
-250,352,1677.849421
-250,348,1678.146298
-250,352,1678.462101
-250,345,1678.761167
-250,348,1679.042416
-250,348,1679.329406
-500,354,1679.643177
-250,350,1679.929983
-250,346,1680.232613
-250,348,1680.518139
-250,350,1680.815014
-250,350,1681.102047
-250,348,1681.388848
-250,348,1681.685724
-250,347,1681.966974
-250,350,1682.24944
-250,344,1682.536231
-250,347,1682.81863
-250,345,1683.09988
-250,347,1683.405759
-250,352,1683.703912
-250,348,1684.016412
-250,348,1684.338931
-250,348,1692.394091
-250,350,1692.695248
-250,347,1692.978924
-250,345,1693.264469
-250,350,1693.562693
-250,345,1693.832561
-250,349,1694.129434
-250,345,1694.416399
-250,350,1694.728893
-250,349,1695.015642
-250,351,1695.315661
-250,348,1695.601175
-250,348,1695.89805
-250,349,1696.211882
-250,345,1696.497402
-250,346,1696.794276
-250,348,1697.075525
-250,349,1697.3724
-250,348,1697.654944
-250,344,1697.939792
-250,348,1698.22532
-250,346,1698.514925
-250,344,1698.796198
-250,350,1699.082979
-250,348,1699.38238
-250,346,1699.665076
-250,348,1699.950571
-250,346,1700.248799
-250,346,1700.534306
-250,347,1708.595132
-250,348,1708.911904
-250,346,1709.241582
-250,350,1709.574007
-250,345,1709.872158
-250,346,1710.157666
-250,349,1710.472202
-250,347,1710.788968
-250,347,1711.117087
-250,346,1711.463282
-250,346,1711.775788
-250,347,1712.072661
-250,344,1712.35391
-250,349,1712.683299
-250,348,1712.982345
-250,347,1713.357872
-250,348,1713.757121
-250,351,1714.073909
-250,346,1714.350698
-250,346,1714.620531
-250,344,1714.935513
-250,350,1715.234752
-250,351,1715.567156
-250,344,1715.848405
-250,349,1716.160903
-250,347,1716.490228
-250,346,1716.805972
-250,345,1717.118474
-250,349,1717.430973
-250,345,1717.727848
-250,346,1725.780595
-250,345,1726.066142
-250,347,1726.359628
-250,348,1726.629523
-250,351,1726.957647
-250,349,1727.254526
-250,352,1727.55266
-250,347,1727.838212
-250,350,1728.135087
-250,347,1728.416337
-250,348,1728.706336
-250,348,1728.975727
-250,343,1729.262704
-250,347,1729.548255
-250,351,1729.829504
-250,349,1730.111928
-250,349,1730.415526
-250,348,1730.699903
-250,348,1730.965529
-250,348,1731.262405
-250,352,1731.543654
-250,349,1731.83046
-250,348,1732.096088
-250,347,1732.392961
-250,349,1732.675642
-250,348,1732.946763
-250,347,1733.243635
-250,347,1733.529137
-250,350,1733.810388
-250,348,1741.737108
-250,350,1742.019517
-250,351,1742.316393
-250,350,1742.614525
-250,349,1742.896923
-250,346,1743.195038
-250,349,1743.480543
-250,347,1743.780274
-250,351,1744.065911
-250,349,1744.363969
-250,347,1744.663759
-250,348,1744.946142
-250,348,1745.228655
-250,345,1745.499899
-250,348,1745.786651
-250,350,1746.071125
-250,344,1746.352373
-250,353,1746.6505
-250,351,1746.935997
-250,351,1747.251814
-250,347,1747.582974
-750,347,1747.868168
-250,348,1748.153143
-250,348,1748.438209
-250,349,1748.723448
-250,344,1749.024353
-250,346,1749.32025
-250,349,1749.606233
-250,349,1749.904526
-250,347,1757.943839
-250,344,1758.225089
-250,347,1758.521966
-250,349,1758.820077
-250,347,1759.121194
-250,349,1759.403937
-250,348,1759.705082
-250,349,1760.003193
-250,351,1760.290084
-250,347,1760.591216
-250,352,1760.888091
-250,349,1761.174798
-250,349,1761.45607
-250,347,1761.754283
-250,347,1762.030137
-250,349,1762.315667
-250,353,1762.613748
-250,345,1762.883628
-250,347,1763.186028
-250,350,1763.467279
-250,350,1763.754029
-250,352,1764.050905
-250,347,1764.349153
-250,352,1764.633634
-250,347,1764.949721
-250,349,1765.266442
-250,348,1765.578965
-250,351,1765.881843
-250,349,1766.164344
-250,348,1766.481157
-250,348,1774.695087
-250,346,1775.007586
-250,350,1775.305829
-250,352,1775.622584
-250,345,1775.970117
-250,349,1776.302591
-250,348,1776.600691
-250,346,1776.930998
-250,348,1777.234443
-250,347,1777.563684
-250,350,1777.864863
-250,348,1778.167397
-250,347,1778.49552
-250,347,1778.792399
-250,352,1779.089273
-250,347,1779.387507
-250,349,1779.673039
-250,350,1779.969912
-250,345,1780.273733
-250,350,1780.586231
-250,351,1780.888758
-250,347,1781.216883
-250,347,1781.513759
-250,348,1781.795007
-250,347,1782.077696
-250,350,1782.368332
-250,350,1782.6695
-250,350,1782.950749
-250,351,1783.23496
-250,345,1791.324423
-250,349,1791.622607
-250,348,1791.923792
-250,348,1792.221709
-250,345,1792.507233
-250,347,1792.804105
-250,349,1793.102478
-250,348,1793.403615
-250,348,1793.702668
-250,349,1794.002785
-250,350,1794.309649
-250,350,1794.606524
-250,349,1794.90766
-250,349,1795.205602
-250,349,1795.506772
-250,350,1795.804961
-250,350,1796.091647
-250,350,1796.392797
-250,350,1796.689669
-250,346,1796.986547
-250,350,1797.300458
-250,349,1797.585875
-250,351,1797.882752
-250,351,1798.165217
-250,351,1798.455961
-250,348,1798.756079
-250,345,1799.068903
-250,351,1799.37063
-250,346,1799.65302
-250,352,1799.952295
-500,354,1808.159741
-250,351,1808.456616
-250,347,1808.769118
-250,349,1809.081617
-250,348,1809.395355
-250,348,1809.693368
-250,352,1809.990242
-250,353,1810.291761
-250,348,1810.592919
-250,345,1810.879683
-250,350,1811.176558
-500,351,1811.50468
-250,351,1811.817182
-250,348,1812.099761
-250,348,1812.38318
-250,344,1812.664428
-250,348,1812.94568
-250,349,1813.242553
-250,350,1813.524849
-250,350,1813.808291
-250,352,1814.105165
-250,350,1814.403577
-250,348,1814.689081
-250,346,1814.973749
-250,348,1815.270622
-500,353,1815.551875
-250,350,1815.848749
-250,351,1816.14703
-250,347,1816.431264
-250,347,1824.551788
-250,349,1824.849845
-250,344,1825.146721
-250,350,1825.449831
-250,348,1825.752251
-250,345,1826.053401
-250,350,1826.350276
-250,347,1826.631525
-250,349,1826.928399
-250,352,1827.215249
-250,348,1827.512121
-250,349,1827.793371
-250,348,1828.090248
-250,348,1828.372761
-250,350,1828.658267
-250,348,1828.939516
-250,349,1829.2381
-250,347,1829.572052
-250,346,1829.905811
-250,348,1830.191337
-500,352,1830.503836
-250,349,1830.785087
-250,348,1831.080199
-250,348,1831.377092
-250,348,1831.662613
-250,348,1831.943885
-250,347,1832.225137
-250,348,1832.52331
-250,346,1832.793205
-250,349,1840.765609
-250,349,1841.064684
-250,346,1841.345933
-250,345,1841.642807
-250,350,1841.927962
-250,348,1842.214788
-250,349,1842.512958
-250,347,1842.797472
-250,345,1843.094347
-250,349,1843.376962
-250,348,1843.68133
-250,348,1843.981453
-250,347,1844.278328
-250,347,1844.576697
-250,353,1844.863479
-250,348,1845.163565
-250,347,1845.444816
-250,348,1845.74169
-250,347,1846.022941
-250,346,1846.3066
-250,346,1846.592431
-250,344,1846.873681
-250,347,1847.159213
-250,350,1847.453774
-250,348,1847.738793
-250,345,1848.03302
-250,348,1848.304818
-250,348,1848.603238
-250,349,1848.904048
-250,352,1849.204237
-250,347,1857.328467
-250,349,1857.614
-250,346,1857.895249
-250,347,1858.192125
-250,347,1858.475472
-250,353,1858.800181
-250,346,1859.085708
-250,345,1859.382583
-250,348,1859.683237
-250,348,1859.983621
-250,347,1860.280494
-250,345,1860.592997
-250,346,1860.889869
-250,350,1861.172613
-250,348,1861.469488
-250,347,1861.756082
-250,347,1862.04159
-250,347,1862.32284
-250,345,1862.605345
-250,348,1862.890876
-250,348,1863.172128
-250,350,1863.469002
-250,350,1863.765878
-250,347,1864.052665
-250,350,1864.34954
-250,347,1864.632119
-250,349,1864.928992
-250,344,1865.215835
-250,348,1865.501328
-250,349,1873.484791
-250,350,1873.782846
-250,346,1874.085799
-250,346,1874.382676
-250,350,1874.680893
-250,349,1874.978924
-250,347,1875.2758
-250,346,1875.571475
-250,347,1875.855369
-250,348,1876.157802
-250,347,1876.443395
-250,350,1876.740271
-250,347,1877.02256
-250,348,1877.308116
-250,347,1877.606247
-250,346,1877.876134
-250,349,1878.173007
-250,348,1878.485511
-250,350,1878.766761
-250,350,1879.053549
-250,349,1879.350423
-250,346,1879.633194
-250,347,1879.935383
-250,347,1880.222258
-250,349,1880.507762
-250,347,1880.804636
-250,345,1881.101512
-250,345,1881.382762
-250,348,1881.665283
-250,348,1881.950799
-250,349,1889.923356
-250,346,1890.220231
-250,347,1890.503384
-250,349,1890.80141
-250,348,1891.099549
-250,349,1891.415296
-250,350,1891.696543
-250,345,1891.994467
-250,347,1892.279967
-250,349,1892.562465
-250,345,1892.861547
-250,345,1893.174037
-250,346,1893.470911
-250,350,1893.767789
-250,346,1894.053556
-250,347,1894.350431
-250,349,1894.633053
-250,347,1894.934212
-250,345,1895.217228
-250,347,1895.487155
-250,347,1895.784031
-250,342,1896.049655
-250,346,1896.330904
-250,348,1896.613502
-250,347,1896.883407
-250,352,1897.180282
-250,346,1897.461533
-250,348,1897.742782
-250,347,1898.025329
-250,348,1905.966311
-250,344,1906.248836
-250,345,1906.54841
-250,347,1906.829658
-250,345,1907.13039
-250,345,1907.417181
-250,348,1907.702696
-250,348,1907.999571
-250,344,1908.280821
-250,346,1908.577696
-250,344,1908.860205
-250,344,1909.162773
-250,343,1909.430271
-250,348,1909.713043
-250,346,1909.998543
-250,347,1910.299798
-250,347,1910.585307
-250,345,1910.850929
-250,351,1911.132181
-250,342,1911.413431
-250,349,1911.715914
-250,348,1912.012815
-250,348,1912.29406
-250,343,1912.590938
-250,348,1912.873427
-250,351,1913.15788
-250,347,1913.443437
-250,348,1913.709063
-250,347,1913.99031
-250,348,1914.284894
-250,346,1922.274625
-250,349,1922.555878
-250,345,1922.853861
-250,346,1923.135114
-250,348,1923.431987
-250,348,1923.728863
-250,346,1924.013545
-250,346,1924.310417
-250,348,1924.608858
-250,347,1924.878782
-250,348,1925.176965
-250,348,1925.47384
-250,348,1925.759363
-250,351,1926.056239
-250,347,1926.337488
-250,347,1926.62001
-250,348,1926.905514
-250,345,1927.187001
-500,345,1927.468252
-250,347,1927.765126
-250,343,1928.032052
-250,347,1928.317966
-250,345,1928.603488
-250,349,1928.900361
-250,346,1929.169576
-250,346,1929.456448
-250,346,1929.739132
-250,347,1930.024656
-250,345,1930.305903
-250,347,1938.404567
-250,347,1938.717064
-250,346,1939.036551
-250,349,1939.36896
-250,346,1939.682835
-250,345,1939.9986
-250,345,1940.281151
-250,346,1940.567806
-250,348,1940.882505
-250,347,1941.179379
-250,347,1941.460629
-250,352,1941.76313
-250,342,1942.044381
-250,349,1942.325632
-250,349,1942.638138
-250,346,1942.951889
-250,347,1943.239019
-250,348,1943.537328
-250,347,1943.822857
-250,344,1944.119731
-250,348,1944.402321
-250,347,1944.706601
-250,349,1944.989005
-250,346,1945.285881
-250,349,1945.567129
-250,342,1945.838285
-250,351,1946.136571
-250,346,1946.438751
-250,346,1946.711075
-250,345,1946.993645
-250,347,1955.247372
-250,348,1955.547921
-250,343,1955.832735
-250,343,1956.133624
-250,346,1956.449981
-250,345,1956.739542
-250,347,1957.039894
-250,346,1957.341056
-250,343,1957.642187
-250,349,1957.942057
-250,345,1958.243222
-250,343,1958.555722
-250,345,1958.842262
-250,344,1959.159187
-250,349,1959.45606
-250,345,1959.752935
-250,350,1960.069804
-250,346,1960.351053
-250,345,1960.649228
-250,349,1960.93266
-250,346,1961.229536
-250,346,1961.526412
-250,350,1961.813216
-250,345,1962.111482
-250,348,1962.394912
-250,349,1962.691785
-250,346,1962.988661
-500,348,1963.302452
-250,348,1963.600513
-250,344,1971.681215
-250,351,1971.966751
-250,347,1972.263627
-250,345,1972.544876
-250,349,1972.850557
-250,348,1973.151729
-250,345,1973.464228
-250,350,1973.764732
-250,349,1974.049687
-250,345,1974.34787
-250,345,1974.653441
-250,346,1974.948735
-250,346,1975.23429
-250,344,1975.531166
-250,347,1975.817961
-250,347,1976.114836
-250,344,1976.411713
-250,348,1976.708586
-250,350,1976.993652
-250,345,1977.291666
-250,342,1977.572917
0,349,1977.854167
-250,350,1978.151042
-250,345,1978.433642
-250,348,1978.71602
-250,345,1979.012894
-250,349,1979.294142
-250,347,1979.591018
-250,350,1979.890063
-250,346,1980.175551
-250,351,1988.329783
-250,346,1988.626658
-250,345,1988.925733
-250,347,1989.228238
-250,348,1989.529416
-250,348,1989.82629
-250,345,1990.123167
-250,346,1990.405795
-250,349,1990.705069
-250,348,1990.987474
-250,346,1991.268723
-250,342,1991.56692
-250,347,1991.853439
-250,343,1992.136885
-250,344,1992.418159
-250,347,1992.730659
-250,348,1993.027534
-250,349,1993.31036
-250,346,1993.625061
-250,345,1993.921932
-250,347,1994.21881
-500,347,1994.515685
-250,347,1994.798244
-250,347,1995.08497
-250,345,1995.367712
-250,346,1995.653214
-250,348,1995.934465
-250,348,1996.201413
-250,349,1996.485896
-250,346,2004.481931
-250,342,2004.768679
-250,346,2005.04993
0,344,2005.332489
-250,350,2005.631784
-250,350,2005.930857
-500,347,2006.212106
-250,345,2006.493357
-250,347,2006.775817
-250,346,2007.07831
-250,345,2007.379538
-250,346,2007.692038
-250,347,2007.988913
-250,349,2008.270164
-250,342,2008.573914
-250,345,2008.872946
-250,348,2009.154195
-250,344,2009.451072
-250,348,2009.733584
-250,348,2010.01957
-250,350,2010.30511
-250,346,2010.59006
-250,343,2010.870109
-250,344,2011.152645
-250,349,2011.438131
-250,347,2011.735006
-500,349,2012.016257
-500,347,2012.313132
-500,348,2012.611295
-250,346,2012.896835
-250,345,2020.883704
-250,349,2021.164956
-250,345,2021.446205
-250,345,2021.743081
-250,347,2022.057027
-250,346,2022.355011
-250,345,2022.636261
-250,346,2022.933136
-250,349,2023.23001
-250,350,2023.531374
-250,346,2023.812623
-250,347,2024.109498
-250,347,2024.406372
-250,345,2024.704663
-250,344,2025.003728
-250,345,2025.28756
-250,348,2025.578767
-250,347,2025.875666
-250,347,2026.158311
-250,343,2026.443835
-250,343,2026.725085
-250,349,2027.02196
-250,346,2027.303209
-250,346,2027.60353
-500,345,2027.884782
-250,348,2028.183244
-250,349,2028.465651
-250,347,2028.748152
-250,347,2029.046346
-250,345,2037.163622
-250,349,2037.467046
-250,346,2037.748295
-250,345,2038.04517
-250,347,2038.343296
-250,348,2038.644503
-250,348,2038.957003
-250,348,2039.238252
-250,344,2039.535128
-250,346,2039.817716
-250,346,2040.116769
-250,348,2040.399251
-250,347,2040.698308
-250,343,2040.979558
-250,347,2041.266384
-250,348,2041.547632
-250,349,2041.860134
-250,347,2042.15701
-250,343,2042.439574
-250,349,2042.771979
-250,346,2043.068853
-250,349,2043.399368
-250,345,2043.698426
-250,346,2043.985293
-250,347,2044.28217
-250,346,2044.555732
-250,346,2044.836983
-250,346,2045.135133
-250,346,2045.437859
-250,350,2045.720251
-250,348,2053.669246
-250,349,2053.97014
-250,347,2054.255411
-500,346,2054.555846
-250,348,2054.840851
-250,345,2055.135215
-250,346,2055.433305
-250,347,2055.720805
-250,349,2056.022962
-500,344,2056.306431
-250,347,2056.607335
-250,350,2056.908232
-250,345,2057.209127
-250,345,2057.503024
-250,347,2057.78853
-250,345,2058.085407
-250,348,2058.383642
-250,348,2058.684804
-250,348,2058.97159
-250,345,2059.268465
-250,347,2059.549715
-250,346,2059.830965
-250,352,2060.113499
-250,344,2060.399025
-250,347,2060.68608
-500,347,2060.96733
-250,349,2061.248583
-250,346,2061.565581
-250,343,2061.848002
-500,346,2062.129252
