ERewMean,EpLenMean,EpRewMean,EpRewOther,EpThisIter,EpisodesSoFar,TimeElapsed,TimestepsSoFar,entloss,entropy,ev_tdlam_before,meankl,optimgain,surrgain
-12.718266,496.8,-8185.1953,-7950.0,5,5,38.328980445861816,2484,0.0,1.4221569,4.5180320739746094e-05,4.671326e-05,0.0008811575,0.0008811575
-14.789066,557.9090909090909,-9716.9375,-9477.272,6,11,41.424944162368774,6137,0.0,1.4247975,0.004982352256774902,4.4669472e-05,0.0008454185,0.0008454185
-15.068214,525.125,-9161.166,-8921.875,5,16,44.385929346084595,8402,0.0,1.4271784,0.005057156085968018,4.5581604e-05,0.0008855152,0.0008855152
-15.10586,548.4090909090909,-9579.687,-9340.909,6,22,47.40320158004761,12065,0.0,1.4308869,0.007237434387207031,4.373906e-05,0.0009372554,0.0009372554
-14.090732,523.0689655172414,-8532.111,-8293.104,7,29,50.53978681564331,15169,0.0,1.4334663,0.01840841770172119,4.410614e-05,0.00066860294,0.00066860294
-13.052995,505.1388888888889,-7640.7793,-7402.778,7,36,53.72693872451782,18185,0.0,1.4353045,0.04452848434448242,4.2260177e-05,0.0006166898,0.0006166898
-11.641875,483.85,-6500.217,-6522.727,8,44,56.77045226097107,21456,0.0,1.437805,0.05743783712387085,4.2051466e-05,0.00093888864,0.00093888864
-10.927126,458.175,-5599.2046,-5885.0,7,51,59.694743633270264,24464,0.0,1.4432926,0.056193768978118896,4.3530035e-05,0.00070688967,0.00070688967
-9.533363,444.075,-4599.258,-5320.0,7,58,62.59255123138428,27457,0.0,1.445107,0.049596965312957764,4.4044555e-05,0.00071579014,0.00071579014
-8.610274,411.475,-3705.3665,-4410.0,8,66,65.4671266078949,30480,0.0,1.450438,0.0914454460144043,4.368396e-05,0.00078232354,0.00078232354
-7.9625335,396.775,-3269.869,-3345.0,9,75,68.35072946548462,33709,0.0,1.4544072,0.09998399019241333,4.434543e-05,0.0006855003,0.0006855003
-8.914988,399.925,-3640.7437,-3185.0,7,82,71.2461187839508,36435,0.0,1.4565082,0.09196901321411133,4.463371e-05,0.0009802758,0.0009802758
-8.015796,378.825,-3092.1907,-3190.0,9,91,74.1652147769928,39617,0.0,1.45788,0.09654760360717773,4.3951597e-05,0.0008765226,0.0008765226
-8.1308365,374.075,-3110.8416,-2930.0,8,99,77.08278965950012,42862,0.0,1.459106,0.12910127639770508,4.133454e-05,0.0009778426,0.0009778426
-7.768556,367.75,-2929.291,-2670.0,9,108,79.97744750976562,45717,0.0,1.4614816,0.2177509069442749,2.8772765e-05,0.0004265673,0.0004265673
-7.631172,352.825,-2716.7466,-2505.0,9,117,82.87501811981201,48778,0.0,1.4660643,0.18206089735031128,4.0504598e-05,0.0005484459,0.0005484459
-7.1668024,356.9,-2563.7534,-2540.0,9,126,85.84365940093994,52126,0.0,1.4656035,0.14842993021011353,4.1386946e-05,0.0009401869,0.0009401869
-6.189192,338.325,-2076.4011,-2125.0,9,135,88.9861707687378,54986,0.0,1.462547,0.22363269329071045,2.829455e-05,0.00037686666,0.00037686666
-6.446148,336.875,-2186.627,-1875.0,10,145,91.9772744178772,58254,0.0,1.464776,0.22448354959487915,3.9535942e-05,0.00046027367,0.00046027367
-6.003653,339.25,-2069.817,-1845.0,9,154,95.04179883003235,61377,0.0,1.4658269,0.24459987878799438,4.279309e-05,0.0009935884,0.0009935884
-5.7143774,327.675,-1895.5945,-1835.0,9,163,98.22310853004456,64253,0.0,1.4670061,0.21778178215026855,3.7048187e-05,0.00044965194,0.00044965194
-6.0283027,324.2,-1986.1614,-1590.0,10,173,101.1776270866394,67380,0.0,1.4725341,0.3519371747970581,4.114874e-05,0.00056846597,0.00056846597
-5.2747917,334.15,-1792.7465,-1645.0,9,182,104.12116074562073,70537,0.0,1.4721341,0.39937883615493774,4.076127e-05,0.0007289937,0.0007289937
-4.6787295,324.225,-1543.3246,-1415.0,10,192,107.24825072288513,73626,0.0,1.4729599,0.44371670484542847,3.7461617e-05,0.00063991424,0.00063991424
-5.2039175,320.525,-1681.35,-1380.0,9,201,110.43586897850037,76497,0.0,1.4765973,0.40693575143814087,3.695938e-05,0.0005128056,0.0005128056
-4.7631655,325.525,-1560.6255,-1395.0,10,211,113.628427028656,79800,0.0,1.4780269,0.3827718496322632,3.626896e-05,0.0006185267,0.0006185267
-4.806745,319.2,-1525.059,-1325.0,9,220,116.84753322601318,82621,0.0,1.4798803,0.49392157793045044,3.3432774e-05,0.000769649,0.000769649
-4.929089,318.825,-1549.9092,-1220.0,10,230,120.07723140716553,85724,0.0,1.4810404,0.48230087757110596,3.836911e-05,0.0005042705,0.0005042705
-3.9666908,324.6,-1273.9651,-1185.0,9,239,123.19881391525269,88799,0.0,1.4783918,0.5220201909542084,3.779111e-05,0.00050912285,0.00050912285
-4.2061167,325.75,-1361.9186,-1070.0,10,249,126.18186330795288,92119,0.0,1.4824814,0.49678194522857666,3.4121564e-05,0.00068318937,0.00068318937
-3.9926229,326.55,-1294.1482,-1125.0,9,258,154.7234673500061,95036,0.0,1.4840633,0.4863530993461609,3.66217e-05,0.00077053905,0.00077053905
-4.0411716,333.3,-1345.4027,-1090.0,9,267,157.68366289138794,98167,0.0,1.4830304,0.4735656976699829,3.5942863e-05,0.0006164103,0.0006164103
-4.3326287,324.75,-1383.4353,-1060.0,10,277,160.7923514842987,101135,0.0,1.4813228,0.5820350646972656,3.7820097e-05,0.00052509847,0.00052509847
-3.9933727,322.6,-1257.1409,-1060.0,9,286,163.75049710273743,104106,0.0,1.4813215,0.629032552242279,3.1069503e-05,0.00041145194,0.00041145194
-3.7814472,327.25,-1207.4894,-1025.0,9,295,166.89304065704346,107178,0.0,1.4848005,0.6185649633407593,4.073042e-05,0.0006468703,0.0006468703
-3.4309273,319.075,-1063.3867,-880.0,11,306,169.9194540977478,110509,0.0,1.4854127,0.6028361916542053,3.552363e-05,0.000401596,0.000401596
-3.4788876,312.975,-1074.4617,-845.0,11,317,172.85157108306885,113654,0.0,1.4843806,0.6309071481227875,3.7791906e-05,0.00040711602,0.00040711602
-3.5415204,303.625,-1075.1545,-815.0,10,327,175.78737926483154,116642,0.0,1.4851333,0.6190094947814941,3.2360764e-05,0.00057406415,0.00057406415
-3.3171723,291.975,-962.82355,-790.0,11,338,178.73399758338928,119798,0.0,1.4849191,0.6589150726795197,3.0709973e-05,0.00053613196,0.00053613196
-3.871605,294.15,-1142.6123,-780.0,9,347,181.66566038131714,122624,0.0,1.4844972,0.6623843610286713,3.2727065e-05,0.00041939586,0.00041939586
-3.7725053,291.35,-1105.6322,-905.0,12,359,184.56527876853943,125940,0.0,1.486167,0.5398065447807312,3.67411e-05,0.00086088123,0.00086088123
-4.386401,290.675,-1268.094,-960.0,10,369,187.51980066299438,128865,0.0,1.487401,0.6094506680965424,3.0328423e-05,0.0009779393,0.0009779393
-4.5260973,295.45,-1330.8345,-1020.0,10,379,190.45949721336365,131962,0.0,1.4880772,0.6548306345939636,3.078747e-05,0.0006833041,0.0006833041
-4.7518387,294.625,-1365.2521,-1080.0,10,389,193.39107251167297,134945,0.0,1.4919788,0.694775402545929,3.6772224e-05,0.000509037,0.000509037
-4.09105,299.65,-1196.1031,-940.0,11,400,196.30724668502808,138220,0.0,1.4884645,0.726950466632843,2.367449e-05,0.00032930108,0.00032930108
-3.4226792,291.225,-990.84094,-830.0,11,411,199.3448965549469,141088,0.0,1.4871882,0.7035302817821503,4.149304e-05,0.0004425271,0.0004425271
-3.385917,287.625,-971.74646,-765.0,11,422,202.47598004341125,144355,0.0,1.4885515,0.7294502556324005,4.0713872e-05,0.00081486005,0.00081486005
-3.139253,281.125,-901.2201,-720.0,10,432,205.44584608078003,147126,0.0,1.4881577,0.741052120923996,4.6181958e-05,0.0010200933,0.0010200933
-3.2904706,284.5,-951.6268,-655.0,11,443,208.42646741867065,150358,0.0,1.4874879,0.7609291225671768,4.3369615e-05,0.0009972252,0.0009972252
-3.2062004,286.475,-938.67004,-670.0,11,454,211.417067527771,153401,0.0,1.4871473,0.7341084778308868,4.4231496e-05,0.0007327211,0.0007327211
-3.314136,280.1,-939.31604,-725.0,12,466,214.37710237503052,156667,0.0,1.4862398,0.7293641865253448,4.0708615e-05,0.00082857,0.00082857
-3.3151932,268.05,-895.3949,-695.0,12,478,217.44040060043335,159622,0.0,1.4858398,0.7378822863101959,3.553892e-05,0.0005749998,0.0005749998
-3.6144676,260.425,-947.66406,-660.0,12,490,220.4305419921875,162754,0.0,1.4847398,0.7247581481933594,3.6595156e-05,0.00075885653,0.00075885653
-3.5334306,256.7,-915.9412,-675.0,11,501,223.55511617660522,165709,0.0,1.4870607,0.7691793292760849,2.7914279e-05,0.0005876769,0.0005876769
-3.053472,260.4,-809.8625,-620.0,12,513,226.621319770813,168923,0.0,1.4867214,0.7975970804691315,3.898029e-05,0.0007163412,0.0007163412
-2.6569664,265.5,-716.5858,-545.0,11,524,229.6163740158081,171877,0.0,1.4872841,0.788669541478157,4.1864656e-05,0.0008851663,0.0008851663
-2.5231774,261.175,-647.4128,-455.0,12,536,232.56322026252747,174857,0.0,1.486506,0.7847831547260284,3.802388e-05,0.00076554035,0.00076554035
-2.6185386,259.925,-671.1687,-395.0,12,548,235.58886337280273,178012,0.0,1.4859027,0.823547974228859,4.0090526e-05,0.0007189212,0.0007189212
-2.2106564,259.2,-559.3143,-370.0,12,560,238.6659049987793,181165,0.0,1.4865984,0.8331385999917984,3.9449933e-05,0.0008498286,0.0008498286
-1.9129467,264.675,-508.1385,-285.0,11,571,241.68595719337463,184145,0.0,1.4836775,0.8521310240030289,3.7867092e-05,0.00061236013,0.00061236013
-2.0923743,268.45,-569.1202,-305.0,11,582,263.49214005470276,187241,0.0,1.4818999,0.8254807442426682,4.203115e-05,0.0007816048,0.0007816048
-1.9742073,267.65,-538.9957,-300.0,12,594,266.4362528324127,190293,0.0,1.4835759,0.8285719603300095,4.1742616e-05,0.0007960123,0.0007960123
-1.9404091,264.45,-519.999,-265.0,12,606,269.35935163497925,193384,0.0,1.4840083,0.8286422789096832,4.3359178e-05,0.0007447889,0.0007447889
-1.8905144,262.675,-499.15787,-280.0,11,617,272.4869737625122,196379,0.0,1.4827253,0.8634425848722458,3.9452047e-05,0.0007090851,0.0007090851
-1.7201297,264.475,-458.99667,-210.0,12,629,275.4826924800873,199583,0.0,1.4816504,0.853864312171936,3.3796106e-05,0.000793109,0.000793109
-1.7210381,266.95,-463.74796,-240.0,12,641,278.3827016353607,202724,0.0,1.4794326,0.8609872907400131,4.172948e-05,0.00070932787,0.00070932787
-1.7294214,261.6,-457.83417,-210.0,12,653,281.31170201301575,205794,0.0,1.4780288,0.8464181572198868,4.034309e-05,0.00086915185,0.00086915185
-1.8072984,259.45,-476.13242,-195.0,12,665,284.26838397979736,208874,0.0,1.4792819,0.854270339012146,3.9085397e-05,0.0008060446,0.0008060446
-1.8355553,256.6,-475.78848,-225.0,11,676,287.19843459129333,211723,0.0,1.4777622,0.8854835405945778,3.409172e-05,0.0011809134,0.0011809134
-1.7505661,255.725,-445.78632,-235.0,13,689,290.1446135044098,214985,0.0,1.4768659,0.8490534573793411,3.7045374e-05,0.00097060326,0.00097060326
-1.865971,261.2,-488.392,-210.0,11,700,293.0629334449768,218039,0.0,1.475856,0.8632012009620667,4.1870593e-05,0.0008536374,0.0008536374
-1.676307,264.025,-443.76187,-220.0,11,711,295.98555183410645,220982,0.0,1.4725274,0.8632123023271561,3.662232e-05,0.0005629153,0.0005629153
-1.5200558,264.375,-404.87628,-160.0,12,723,298.89565229415894,224093,0.0,1.4721612,0.8930276408791542,4.2435673e-05,0.0008163469,0.0008163469
-1.5050437,264.1,-397.73215,-190.0,12,735,301.93978333473206,227179,0.0,1.4706477,0.8051379919052124,4.0971558e-05,0.0009946096,0.0009946096
-1.5550036,260.05,-407.60294,-160.0,12,747,305.0693709850311,230284,0.0,1.4700265,0.8891334906220436,3.2945652e-05,0.0010925032,0.0010925032
-1.6985133,257.25,-437.70743,-150.0,12,759,308.22496509552,233354,0.0,1.4679011,0.9074255153536797,3.4392695e-05,0.00075386156,0.00075386156
-1.4292669,256.875,-370.84546,-160.0,12,771,311.18599796295166,236418,0.0,1.4657527,0.9078716114163399,4.5028824e-05,0.0009312083,0.0009312083
-1.3191984,257.1,-345.5052,-90.0,12,783,314.2110695838928,239490,0.0,1.466391,0.9069993570446968,4.0201314e-05,0.000834585,0.000834585
-1.0189679,257.325,-265.73672,-45.0,12,795,317.1421067714691,242625,0.0,1.4643282,0.9009222015738487,4.2357307e-05,0.0008509361,0.0008509361
-1.0848064,258.475,-282.46622,-35.0,12,807,320.18759965896606,245683,0.0,1.4635283,0.8810557648539543,4.0230516e-05,0.0008528431,0.0008528431
-1.1151539,259.375,-288.82022,-35.0,12,819,323.1726553440094,248821,0.0,1.4651421,0.9130180031061172,3.8340222e-05,0.00056459795,0.00056459795
-1.0817544,256.175,-274.75433,-25.0,12,831,326.1857485771179,251872,0.0,1.465632,0.8961525559425354,3.1318865e-05,0.00074764667,0.00074764667
-1.0636358,256.8,-268.9702,-30.0,12,843,329.1944315433502,254972,0.0,1.4624633,0.9034411013126373,3.9719354e-05,0.00069343176,0.00069343176
-1.156202,255.175,-289.58826,-30.0,12,855,332.1035785675049,258014,0.0,1.4612812,0.8951448053121567,3.7850405e-05,0.0009542191,0.0009542191
-1.0592976,256.075,-264.29364,-10.0,12,867,335.0786406993866,261101,0.0,1.4595882,0.8973901718854904,3.56565e-05,0.001363003,0.001363003
-0.99263936,255.8,-246.55884,0.0,12,879,337.984258890152,264151,0.0,1.4609776,0.8675410747528076,3.762297e-05,0.0009983345,0.0009983345
-1.1794906,256.85,-296.618,-30.0,11,890,340.8888328075409,267042,0.0,1.4576802,0.8904564827680588,3.405868e-05,0.00074136787,0.00074136787
-0.84249175,255.775,-214.30257,5.0,13,903,343.84594559669495,270292,0.0,1.4584123,0.8994462266564369,4.0761894e-05,0.00085943256,0.00085943256
-0.87076414,256.1,-221.94681,45.0,12,915,346.85578203201294,273407,0.0,1.4579467,0.9142683818936348,4.1468185e-05,0.0013220623,0.0013220623
-0.63786423,254.825,-164.49411,30.0,12,927,349.9267826080322,276446,0.0,1.4595389,0.9100927039980888,3.7891616e-05,0.0007158912,0.0007158912
-0.55863494,257.8,-147.91765,85.0,11,938,369.47456431388855,279349,0.0,1.4610648,0.9327462911605835,4.2988086e-05,0.00096616073,0.00096616073
-0.4856924,259.175,-131.41196,115.0,12,950,372.35719656944275,282456,0.0,1.4632965,0.9216816499829292,3.574321e-05,0.00036614467,0.00036614467
-0.58254546,259.8,-156.3605,90.0,12,962,375.3547706604004,285526,0.0,1.4603206,0.8813838884234428,4.2905333e-05,0.0006568244,0.0006568244
-0.50977194,258.925,-136.83456,100.0,12,974,378.245397567749,288618,0.0,1.4591122,0.891733892261982,4.011924e-05,0.0008470826,0.0008470826
-0.5789007,257.7,-154.65129,85.0,12,986,381.1524648666382,291749,0.0,1.456299,0.9062176570296288,4.1797834e-05,0.0008997519,0.0008997519
-0.62641186,258.55,-167.98032,80.0,12,998,384.0535697937012,294842,0.0,1.4556341,0.940487165004015,3.8439157e-05,0.0009080284,0.0009080284
-0.67635936,259.4,-179.7673,60.0,11,1009,386.95715594291687,297715,0.0,1.4552225,0.9466685317456722,3.4044788e-05,0.00087239005,0.00087239005
-0.8062029,258.4,-211.30618,45.0,12,1021,389.84206199645996,300792,0.0,1.4529963,0.9244188964366913,3.978843e-05,0.00063961156,0.00063961156
-0.7541013,260.375,-198.06313,55.0,12,1033,392.9515862464905,303949,0.0,1.4520526,0.9228674918413162,3.9796287e-05,0.00092725054,0.00092725054
-0.6483145,260.0,-171.29636,50.0,12,1045,395.9842019081116,307045,0.0,1.4493194,0.9416525289416313,3.5377434e-05,0.000546718,0.000546718
-0.5280935,258.45,-138.65779,80.0,12,1057,399.0262565612793,310085,0.0,1.44812,0.928588517010212,4.1895586e-05,0.00067829463,0.00067829463
-0.67033625,257.025,-172.92044,80.0,12,1069,402.1138334274292,313177,0.0,1.447504,0.8858167231082916,3.3032014e-05,0.0008077217,0.0008077217
-0.58967096,255.125,-150.43962,85.0,12,1081,405.0619685649872,316257,0.0,1.4450055,0.9343671575188637,4.265795e-05,0.0007997835,0.0007997835
-0.6637214,255.425,-169.76654,85.0,12,1093,407.99410104751587,319297,0.0,1.4432651,0.9195388928055763,3.6120182e-05,0.0007561304,0.0007561304
-0.5465902,254.875,-139.026,75.0,12,1105,410.9786615371704,322358,0.0,1.4403143,0.9149131029844284,3.7772115e-05,0.0010752832,0.0010752832
-0.59223104,254.075,-150.69974,105.0,12,1117,414.102219581604,325392,0.0,1.4399484,0.9287116006016731,4.420668e-05,0.0009319636,0.0009319636
-0.57613444,254.125,-145.87897,105.0,12,1129,417.2593626976013,328465,0.0,1.4383267,0.9427882470190525,3.4974248e-05,0.0005102085,0.0005102085
-0.41775617,255.95,-107.415726,120.0,12,1141,420.19894313812256,331581,0.0,1.4404298,0.9474724531173706,3.8537273e-05,0.0004461411,0.0004461411
-0.28291214,258.575,-74.32447,145.0,12,1153,423.09113454818726,334720,0.0,1.44236,0.9454065375030041,3.8005703e-05,0.0005863877,0.0005863877
-0.32160565,258.525,-84.29451,160.0,12,1165,426.01117992401123,337782,0.0,1.4416162,0.9078385904431343,4.172616e-05,0.0009247223,0.0009247223
-0.33922356,259.225,-91.203,150.0,12,1177,428.9272356033325,340925,0.0,1.4436859,0.9388068467378616,3.9731018e-05,0.0006163814,0.0006163814
-0.54558027,259.25,-143.27058,125.0,12,1189,431.82232666015625,344013,0.0,1.4432979,0.94214778393507,3.3996086e-05,0.0006138808,0.0006138808
-0.47491327,258.425,-126.29155,120.0,12,1201,434.736004114151,347104,0.0,1.4422674,0.9347654804587364,4.166031e-05,0.0010636322,0.0010636322
-0.3683917,256.125,-96.80556,120.0,12,1213,437.66109466552734,350161,0.0,1.4387604,0.9433551765978336,3.658926e-05,0.0006743924,0.0006743924
-0.37827015,257.05,-100.47958,135.0,11,1224,440.5701439380646,353014,0.0,1.4365166,0.9438186548650265,3.6316633e-05,0.0012079893,0.0012079893
-0.27389333,256.1,-72.340515,175.0,13,1237,443.480669260025,356308,0.0,1.4358788,0.9182126522064209,4.5613968e-05,0.001162082,0.001162082
-0.23458305,255.45,-60.250538,175.0,12,1249,446.37068271636963,359353,0.0,1.4339207,0.9033920988440514,4.57889e-05,0.0014093807,0.0014093807
-0.16114712,254.95,-41.602234,165.0,12,1261,449.29525446891785,362440,0.0,1.4337773,0.9367540180683136,4.4348573e-05,0.0010256693,0.0010256693
-0.2833324,254.7,-73.76379,175.0,12,1273,452.21093368530273,365496,0.0,1.4308486,0.9132053926587105,4.3611333e-05,0.0009400742,0.0009400742
-0.34185693,256.3,-90.19992,165.0,12,1285,455.1444523334503,368573,0.0,1.426979,0.9404469504952431,3.735172e-05,0.00091851567,0.00091851567
-0.20389624,257.475,-57.234608,175.0,11,1296,473.99513936042786,371471,0.0,1.4247419,0.9312821626663208,4.3604057e-05,0.00087548344,0.00087548344
-0.09810983,259.375,-30.956995,190.0,12,1308,476.92718529701233,374598,0.0,1.4223847,0.9345247372984886,3.797167e-05,0.0008284578,0.0008284578
-0.025161887,259.8,-12.204771,215.0,12,1320,479.88279843330383,377674,0.0,1.4209323,0.9545315653085709,3.7924678e-05,0.000515203,0.000515203
0.029652715,257.55,5.219064,235.0,12,1332,482.78649950027466,380764,0.0,1.4201943,0.9474712200462818,4.1241234e-05,0.0008667037,0.0008667037
-0.15282366,258.2,-40.269238,210.0,12,1344,485.68412256240845,383887,0.0,1.4192724,0.9375237300992012,4.478711e-05,0.0014083507,0.0014083507
-0.2537486,258.725,-65.96463,185.0,12,1356,488.61068749427795,386981,0.0,1.4190283,0.9271790534257889,4.0457195e-05,0.0014020166,0.0014020166
-0.02383622,257.375,-8.016006,235.0,12,1368,491.5227870941162,390045,0.0,1.4185576,0.9315065070986748,4.0811643e-05,0.00094551966,0.00094551966
0.0803148,257.225,17.271854,230.0,12,1380,494.4153597354889,393132,0.0,1.417936,0.956076979637146,4.547361e-05,0.001436028,0.001436028
0.34726936,256.6,86.94047,275.0,12,1392,497.3200249671936,396221,0.0,1.4149762,0.9414302483201027,4.6505553e-05,0.001083021,0.001083021
0.35017714,257.65,87.37601,340.0,12,1404,500.24170756340027,399331,0.0,1.4151669,0.9350631907582283,4.4762623e-05,0.001346189,0.001346189
0.46944633,256.85,118.501144,340.0,12,1416,503.1453902721405,402375,0.0,1.4143662,0.9176781326532364,4.3207703e-05,0.0013452157,0.0013452157
0.37163544,258.1,93.483864,340.0,12,1428,506.1004843711853,405500,0.0,1.4151597,0.9373446553945541,4.6851772e-05,0.0011885489,0.0011885489
0.44432068,256.65,112.31301,350.0,12,1440,509.09051871299744,408553,0.0,1.4134793,0.9297870621085167,4.51361e-05,0.0011015447,0.0011015447
0.6127464,257.075,155.18532,380.0,12,1452,512.1010115146637,411637,0.0,1.4146047,0.9384261928498745,4.6362053e-05,0.0010010833,0.0010010833
0.63297206,255.775,160.01053,395.0,12,1464,515.2251198291779,414695,0.0,1.4147018,0.9269484579563141,4.74465e-05,0.0014154449,0.0014154449
0.7725588,254.475,195.4888,420.0,12,1476,518.1771960258484,417715,0.0,1.4132746,0.885150171816349,4.2323663e-05,0.0010613796,0.0010613796
0.753215,253.95,189.067,430.0,12,1488,521.1157145500183,420773,0.0,1.4115874,0.92576614767313,4.288812e-05,0.001147671,0.001147671
0.8126218,252.475,204.0454,430.0,12,1500,524.0082938671112,423796,0.0,1.4093614,0.9174047857522964,4.182533e-05,0.001019388,0.001019388
0.825245,254.05,208.17007,440.0,12,1512,526.9622073173523,426858,0.0,1.4081801,0.91004279255867,3.9553677e-05,0.0013395519,0.0013395519
0.77246666,254.175,195.67126,450.0,12,1524,529.8402721881866,429899,0.0,1.4073758,0.926657423377037,3.8739625e-05,0.0008808831,0.0008808831
0.83794516,254.75,213.92374,450.0,12,1536,532.7028529644012,432991,0.0,1.4074098,0.9503277242183685,4.5182358e-05,0.0010495087,0.0010495087
0.86431754,254.25,219.7634,450.0,12,1548,535.5589191913605,436030,0.0,1.4077474,0.899319551885128,3.4360233e-05,0.00057865446,0.00057865446
0.8285042,254.75,211.59766,445.0,12,1560,538.4429047107697,439071,0.0,1.4067988,0.9079102352261543,4.3724896e-05,0.00117198,0.00117198
0.9581045,253.375,243.10672,480.0,13,1573,541.336939573288,442354,0.0,1.4064883,0.9165454432368279,3.7524635e-05,0.00081423554,0.00081423554
1.0264181,253.1,260.0163,490.0,12,1585,544.2209763526917,445389,0.0,1.407632,0.9499667026102543,4.144438e-05,0.0010868863,0.0010868863
1.1024268,253.025,278.57138,500.0,12,1597,547.0910425186157,448414,0.0,1.404839,0.9285397976636887,4.1804782e-05,0.0009113552,0.0009113552
1.0969951,252.9,276.91812,525.0,12,1609,549.9876606464386,451453,0.0,1.4019704,0.9405958130955696,4.428685e-05,0.0009573057,0.0009573057
1.0739176,252.425,270.77158,505.0,12,1621,552.9742195606232,454495,0.0,1.399314,0.9377563633024693,3.7752423e-05,0.001216329,0.001216329
1.1039822,253.225,279.1679,515.0,12,1633,555.9608035087585,457547,0.0,1.3959738,0.9416021034121513,4.0439947e-05,0.00081816484,0.00081816484
1.209262,253.025,304.5895,535.0,12,1645,558.8638360500336,460548,0.0,1.3929371,0.9265481010079384,4.0281022e-05,0.0008509544,0.0008509544
1.2209574,257.975,300.2321,535.0,12,1657,579.5223369598389,463814,0.0,1.3912969,0.917427696287632,3.520386e-05,0.00071948086,0.00071948086
1.2965857,257.725,319.0883,550.0,12,1669,582.5913796424866,466843,0.0,1.3907247,0.940158985555172,4.3665565e-05,0.0010571983,0.0010571983
1.2940819,257.75,318.73633,565.0,12,1681,585.6194932460785,469872,0.0,1.389167,0.9270843416452408,4.3773714e-05,0.0008642222,0.0008642222
1.2850921,252.3,324.16153,555.0,12,1693,588.6780314445496,472897,0.0,1.3869867,0.9503113441169262,3.654558e-05,0.00059016916,0.00059016916
1.311972,252.25,330.82867,565.0,12,1705,591.8441774845123,475951,0.0,1.3877839,0.9566978923976421,3.8461312e-05,0.00062445627,0.00062445627
1.3374704,252.7,337.3456,580.0,12,1717,594.8432509899139,478985,0.0,1.3870183,0.9432639703154564,4.260366e-05,0.0010307516,0.0010307516
1.4058625,253.95,355.68292,580.0,13,1730,598.1040291786194,482292,0.0,1.3860846,0.9354685246944427,4.2642136e-05,0.0009807602,0.0009807602
1.4845068,253.525,374.84366,605.0,12,1742,601.1568927764893,485325,0.0,1.3839184,0.9548316560685635,3.889203e-05,0.0008270082,0.0008270082
1.4633154,252.925,369.00986,620.0,12,1754,604.0594379901886,488336,0.0,1.3813187,0.9412836469709873,4.4814642e-05,0.0009976435,0.0009976435
1.4572365,251.975,366.48267,590.0,12,1766,606.9515812397003,491368,0.0,1.3804706,0.9277283474802971,4.4960412e-05,0.0011382905,0.0011382905
1.4660733,251.0,367.63922,615.0,12,1778,609.86013007164,494369,0.0,1.3794833,0.9386099725961685,4.526117e-05,0.0009613565,0.0009613565
1.4604019,251.85,367.3112,615.0,13,1791,612.7661633491516,497659,0.0,1.3785013,0.9386047273874283,3.7451508e-05,0.0009249663,0.0009249663
1.5465443,251.575,388.5127,625.0,12,1803,615.6377148628235,500668,0.0,1.3749394,0.9534502290189266,3.353904e-05,0.00046216542,0.00046216542
1.6533018,251.25,414.6878,640.0,12,1815,618.5632977485657,503669,0.0,1.3746009,0.9509624391794205,3.453938e-05,0.0006599973,0.0006599973
1.5491676,251.1,388.10922,630.0,12,1827,621.5423717498779,506697,0.0,1.3737863,0.9117709100246429,4.3610402e-05,0.00078637415,0.00078637415
1.4973823,250.875,374.58734,615.0,12,1839,624.5134143829346,509708,0.0,1.3728637,0.9327497631311417,4.4821045e-05,0.0010584568,0.0010584568
1.2953787,251.5,324.98605,585.0,13,1852,627.4470548629761,512984,0.0,1.370245,0.9064754843711853,4.410224e-05,0.0011218842,0.0011218842
1.4241655,251.275,357.18402,580.0,12,1864,630.4968492984772,515983,0.0,1.3686246,0.9441851004958153,4.4490385e-05,0.0010765013,0.0010765013
1.4532225,250.45,363.6441,610.0,12,1876,633.4919648170471,518974,0.0,1.3644404,0.9337441846728325,4.1070045e-05,0.00068550603,0.00068550603
1.5623667,250.725,390.76944,595.0,12,1888,636.4305493831635,522013,0.0,1.3631905,0.9287421777844429,4.5257e-05,0.001396499,0.001396499
1.533368,251.65,384.70825,615.0,13,1901,639.3437161445618,525307,0.0,1.3614259,0.943865068256855,4.8047707e-05,0.0010433899,0.0010433899
1.4977446,252.05,376.27167,625.0,12,1913,642.2876830101013,528311,0.0,1.3599539,0.9632831886410713,3.9352413e-05,0.0010832223,0.0010832223
1.5678775,251.35,393.1905,615.0,12,1925,645.2168138027191,531303,0.0,1.3572148,0.9536237977445126,3.3961882e-05,0.0010931281,0.0010931281
1.6764839,249.5,417.9869,645.0,12,1937,648.1474175453186,534286,0.0,1.3551861,0.9517430253326893,4.1559164e-05,0.00092596124,0.00092596124
1.7604277,248.975,438.35156,665.0,13,1950,651.1485829353333,537525,0.0,1.3537312,0.966021042317152,4.097862e-05,0.0005058848,0.0005058848
1.8758011,248.75,466.77335,690.0,12,1962,654.1922652721405,540511,0.0,1.3503178,0.9910313226282597,4.60352e-05,0.00096158526,0.00096158526
1.8751285,249.175,467.3129,695.0,12,1974,657.159679889679,543504,0.0,1.3488841,0.9244986400008202,4.053921e-05,0.00079857465,0.00079857465
1.778999,248.55,442.11493,685.0,13,1987,660.0833420753479,546722,0.0,1.3465024,0.9360047429800034,3.984968e-05,0.0011195032,0.0011195032
1.7277374,249.0,430.07635,680.0,12,1999,663.0740392208099,549725,0.0,1.3449155,0.9425611570477486,3.9334136e-05,0.00072870235,0.00072870235
1.7015613,248.775,423.26367,655.0,13,2012,666.0181436538696,552959,0.0,1.343361,0.9474913328886032,3.5673245e-05,0.00086202257,0.00086202257
1.7322102,248.8,431.17822,660.0,12,2024,685.9136481285095,555940,0.0,1.341637,0.9494438394904137,4.1787007e-05,0.0010696808,0.0010696808
1.7344589,248.35,431.17368,660.0,12,2036,688.8277132511139,558909,0.0,1.3406998,0.9461801573634148,4.0585077e-05,0.00090324815,0.00090324815
1.7546635,248.75,436.72534,665.0,13,2049,691.8347792625427,562153,0.0,1.3403562,0.9538032822310925,4.219968e-05,0.00090140244,0.00090140244
1.6215013,249.25,403.80023,645.0,12,2061,695.1563827991486,565169,0.0,1.3376523,0.9064335748553276,4.391246e-05,0.0010063789,0.0010063789
1.5922468,249.7,397.0342,645.0,12,2073,698.3574604988098,568156,0.0,1.3376154,0.9291626811027527,4.3422933e-05,0.0008513451,0.0008513451
1.6932217,250.1,422.66302,655.0,12,2085,701.5577485561371,571155,0.0,1.337707,0.9499562494456768,3.1939417e-05,0.00058968575,0.00058968575
1.745113,249.15,434.3461,650.0,13,2098,704.7643296718597,574389,0.0,1.336542,0.9395661689341068,4.0943403e-05,0.0009431578,0.0009431578
1.8215942,249.05,453.45795,685.0,12,2110,707.7809584140778,577391,0.0,1.3344483,0.9805818162858486,4.6501227e-05,0.0010736139,0.0010736139
1.8255968,248.725,454.07333,690.0,13,2123,710.9822494983673,580607,0.0,1.3348079,0.9391416683793068,4.1405863e-05,0.0010094797,0.0010094797
1.8535095,248.925,461.20395,680.0,12,2135,714.170628786087,583605,0.0,1.3321823,0.9619346037507057,3.9203285e-05,0.00084619835,0.00084619835
1.8001623,249.325,448.63077,695.0,12,2147,717.2532396316528,586610,0.0,1.3312684,0.9793687034398317,3.8155762e-05,0.00079079374,0.00079079374
1.849076,249.225,461.05142,685.0,12,2159,720.4097566604614,589589,0.0,1.3301082,0.9662166945636272,4.6331512e-05,0.0011084104,0.0011084104
1.8307765,249.375,456.5677,685.0,13,2172,723.5612769126892,592831,0.0,1.327919,0.9427100531756878,4.2962358e-05,0.0010432288,0.0010432288
1.8358736,248.2,456.00977,685.0,12,2184,726.68101978302,595786,0.0,1.325342,0.9366184920072556,4.4070883e-05,0.0008968378,0.0008968378
1.7558727,248.0,435.8977,680.0,13,2197,729.7148096561432,599017,0.0,1.3221759,0.9131559506058693,4.0123065e-05,0.0009658905,0.0009658905
1.8299984,247.725,453.76855,680.0,12,2209,732.8153755664825,602001,0.0,1.3211747,0.9642698988318443,4.3707434e-05,0.0008157473,0.0008157473
1.7739365,247.75,440.47296,675.0,12,2221,735.9126806259155,604959,0.0,1.3192134,0.9473601542413235,4.7423877e-05,0.0010518787,0.0010518787
1.8297364,247.7,454.152,680.0,13,2234,738.8647439479828,608172,0.0,1.3191242,0.9738918133080006,4.4411474e-05,0.0011945992,0.0011945992
1.8495083,248.05,459.60352,695.0,12,2246,741.8733024597168,611173,0.0,1.3179859,0.9605094529688358,3.9302628e-05,0.00068140024,0.00068140024
1.9012277,248.825,473.3213,695.0,12,2258,744.934309720993,614175,0.0,1.3169323,0.9590541869401932,4.8995018e-05,0.0013962319,0.0013962319
1.9509335,249.575,486.60416,710.0,13,2271,748.0250582695007,617414,0.0,1.3151566,0.9643483273684978,4.199834e-05,0.0011746186,0.0011746186
1.9899642,249.25,495.84296,725.0,12,2283,751.1814415454865,620402,0.0,1.3140807,0.9614429175853729,4.0209503e-05,0.00090446416,0.00090446416
2.0043952,249.375,500.00885,725.0,12,2295,754.2195105552673,623397,0.0,1.3134078,0.9729914795607328,4.2509248e-05,0.0006436426,0.0006436426
2.0016296,249.5,499.3156,725.0,13,2308,757.187361240387,626647,0.0,1.3127117,0.9688513297587633,4.3326483e-05,0.00059652515,0.00059652515
1.9487693,249.8,486.826,725.0,12,2320,760.1724359989166,629650,0.0,1.310326,0.9511631019413471,3.5594432e-05,0.00076293276,0.00076293276
1.8446255,249.55,460.12387,700.0,12,2332,763.2581894397736,632635,0.0,1.3088912,0.952182412147522,4.232345e-05,0.0010983389,0.0010983389
1.8804233,248.85,467.67813,700.0,13,2345,766.2329993247986,635852,0.0,1.3055724,0.980893574655056,4.125666e-05,0.00085396896,0.00085396896
1.914699,247.55,473.6245,710.0,12,2357,769.4201347827911,638811,0.0,1.3056883,0.9868362545967102,4.0023373e-05,0.0007726345,0.0007726345
2.0256057,247.475,501.31113,715.0,13,2370,772.5921349525452,642044,0.0,1.3063282,0.9751921351999044,4.087212e-05,0.0007629758,0.0007629758
2.0582135,247.5,509.58374,735.0,12,2382,775.8663759231567,645014,0.0,1.3045365,0.9768861029297113,4.2935037e-05,0.00068804465,0.00068804465
1.9595143,250.975,488.19473,725.0,12,2394,795.9305441379547,648111,0.0,1.3042065,0.9647107385098934,4.0242838e-05,0.0007788472,0.0007788472
1.9558079,251.025,487.39688,720.0,12,2406,798.8755650520325,651083,0.0,1.3046284,0.9784167129546404,4.0532555e-05,0.00068475585,0.00068475585
1.9736449,251.3,492.27725,725.0,13,2419,801.8916034698486,654319,0.0,1.3041309,0.9581160955131054,4.169834e-05,0.00044174437,0.00044174437
2.0463507,248.225,508.22662,725.0,12,2431,804.7981524467468,657297,0.0,1.3021928,0.973018592223525,4.0189403e-05,0.00081781734,0.00081781734
1.9900274,248.475,494.33554,725.0,12,2443,807.818249464035,660277,0.0,1.3007526,0.9542709514498711,3.8146838e-05,0.0006559519,0.0006559519
1.9504563,247.625,482.96027,720.0,13,2456,810.6928613185883,663483,0.0,1.2982241,0.9590159468352795,4.5479315e-05,0.0010652166,0.0010652166
1.8956378,247.675,469.5639,705.0,12,2468,813.5278911590576,666460,0.0,1.297728,0.9529182240366936,4.07201e-05,0.0012385688,0.0012385688
1.9232452,247.6,476.61685,700.0,13,2481,816.3694458007812,669688,0.0,1.2964157,0.9687605574727058,3.3527263e-05,0.0012757408,0.0012757408
1.922652,248.65,477.93906,705.0,12,2493,819.2975125312805,672690,0.0,1.2933365,0.9624014161527157,4.7431153e-05,0.0012885829,0.0012885829
1.939492,249.225,483.0334,705.0,12,2505,822.333233833313,675684,0.0,1.289514,0.964215874671936,3.9999373e-05,0.000612868,0.000612868
1.9634565,249.85,490.06885,715.0,12,2517,825.234781742096,678680,0.0,1.2893445,0.9721883982419968,4.472991e-05,0.00088122394,0.00088122394
1.9477123,249.375,485.29523,720.0,13,2530,828.2478561401367,681910,0.0,1.2899774,0.9595657661557198,4.4045544e-05,0.00086822826,0.00086822826
2.0040314,248.95,498.7005,710.0,12,2542,831.1288871765137,684898,0.0,1.2885805,0.943145077675581,4.1094125e-05,0.00082497066,0.00082497066
2.0082126,248.475,498.7133,725.0,13,2555,834.0089316368103,688122,0.0,1.2858566,0.9718076754361391,4.0016468e-05,0.0008892578,0.0008892578
2.0373359,248.7,506.29575,730.0,12,2567,836.9684872627258,691106,0.0,1.2816147,0.994529134593904,4.463049e-05,0.0008758013,0.0008758013
2.057922,248.55,511.1504,735.0,12,2579,840.1895797252655,694093,0.0,1.2759765,0.9950831499882042,4.630945e-05,0.0009337603,0.0009337603
2.1091762,248.3,523.64404,745.0,13,2592,843.3686530590057,697311,0.0,1.2716309,0.9950888031162322,4.4312368e-05,0.0008769503,0.0008769503
2.1005778,248.6,522.15735,750.0,12,2604,846.5269696712494,700301,0.0,1.2669917,0.969846161082387,4.2958865e-05,0.00027441359,0.00027441359
2.0885265,248.45,518.6139,745.0,12,2616,849.7490692138672,703275,0.0,1.2633682,0.9687125645577908,3.973313e-05,0.0008689705,0.0008689705
2.0648143,248.325,512.3449,740.0,13,2629,852.8871250152588,706501,0.0,1.2616515,0.9777067340910435,3.8615875e-05,0.00067480496,0.00067480496
2.0747802,247.8,513.70013,740.0,12,2641,856.006546497345,709463,0.0,1.2613586,0.9907207144424319,4.9165723e-05,0.0004309155,0.0004309155
2.1026437,247.25,519.65686,740.0,13,2654,859.1716077327728,712670,0.0,1.2591552,0.9937827615067363,3.8732192e-05,0.0007957872,0.0007957872
2.110437,247.05,521.48,740.0,12,2666,862.3723511695862,715644,0.0,1.2582086,0.9709717705845833,4.3197146e-05,0.0008136605,0.0008136605
2.0566783,247.875,509.60712,735.0,12,2678,865.4635462760925,718636,0.0,1.2570721,0.9518784321844578,4.3804215e-05,0.0006531688,0.0006531688
1.9721241,248.2,489.39438,720.0,13,2691,868.4430968761444,721864,0.0,1.2563168,0.9495345391333103,3.8131973e-05,0.0007038868,0.0007038868
1.9683692,248.225,488.538,720.0,12,2703,871.4776809215546,724831,0.0,1.2537252,0.9873563153669238,4.5065983e-05,0.0010249913,0.0010249913
1.9965063,248.375,495.71323,720.0,12,2715,874.562073469162,727819,0.0,1.2525105,0.9792824406176805,3.955486e-05,0.0014813471,0.0014813471
2.0066402,247.65,497.26035,715.0,13,2728,877.5051083564758,731031,0.0,1.2523783,0.9393172934651375,4.750981e-05,0.0011734829,0.0011734829
1.9820797,247.85,491.50482,715.0,12,2740,880.7443141937256,734006,0.0,1.249941,0.9606139101088047,4.4393975e-05,0.00084362616,0.00084362616
1.9995766,248.075,496.38828,720.0,13,2753,883.7948722839355,737245,0.0,1.2486873,0.9708418697118759,3.8867583e-05,0.00056247413,0.00056247413
2.0200312,249.275,502.58047,720.0,12,2765,904.2924954891205,740257,0.0,1.2447284,0.9930051164701581,4.715643e-05,0.0009848637,0.0009848637
2.070434,249.225,515.04834,730.0,12,2777,907.1490480899811,743237,0.0,1.2411214,0.9959854516200721,4.3297634e-05,0.0007713928,0.0007713928
2.098371,249.15,521.65326,745.0,13,2790,910.2137315273285,746468,0.0,1.240568,0.9920503785833716,3.752091e-05,0.00065581937,0.00065581937
2.100966,247.975,521.06177,740.0,12,2802,913.1923515796661,749433,0.0,1.2383708,0.9789669457823038,4.3879903e-05,0.0013433822,0.0013433822
2.070049,248.2,513.69495,740.0,12,2814,916.2524590492249,752423,0.0,1.2366948,0.975340822711587,4.8214046e-05,0.00083715253,0.00083715253
2.0682094,248.075,512.95776,740.0,13,2827,919.2490181922913,755642,0.0,1.2376037,0.9848592933267355,4.689378e-05,0.00072080205,0.00072080205
2.0744576,247.7,513.70154,740.0,12,2839,922.289053440094,758597,0.0,1.233771,0.9965627926867455,4.7046266e-05,0.00080574927,0.00080574927
2.1040015,247.5,520.5243,740.0,13,2852,925.33757853508,761826,0.0,1.2354426,0.9745411071926355,4.265785e-05,0.00074654474,0.00074654474
2.1085935,247.425,521.50323,745.0,12,2864,928.3832576274872,764799,0.0,1.231964,0.9957910981029272,4.694925e-05,0.00090044923,0.00090044923
2.1152444,247.8,523.94946,745.0,12,2876,931.2716586589813,767767,0.0,1.2367533,0.9822953175753355,4.703115e-05,0.00028428622,0.00028428622
2.1185899,247.45,524.3424,740.0,13,2889,934.1227240562439,770978,0.0,1.2322382,0.9660238474607468,4.3970806e-05,0.00078568625,0.00078568625
2.0937848,247.375,518.16046,740.0,12,2901,937.0712954998016,773949,0.0,1.2302006,0.9764285180717707,4.7140715e-05,0.000735481,0.000735481
2.0857692,247.85,517.19403,740.0,13,2914,940.0073673725128,777189,0.0,1.227791,0.9823554512113333,4.512454e-05,0.00059738336,0.00059738336
2.063115,247.925,511.87802,735.0,12,2926,942.9219453334808,780159,0.0,1.2276675,0.9522944167256355,3.769652e-05,0.0006694182,0.0006694182
2.0924377,248.075,519.3372,735.0,12,2938,945.7970418930054,783121,0.0,1.2255312,0.9724357295781374,4.8599497e-05,0.00080534443,0.00080534443
2.0437708,248.325,507.40582,730.0,13,2951,948.6706275939941,786366,0.0,1.224548,0.9515873342752457,4.082829e-05,0.0005079604,0.0005079604
2.0695999,248.25,513.5295,730.0,12,2963,951.5446929931641,789342,0.0,1.222526,0.9850018145516515,4.6186266e-05,0.001297644,0.001297644
2.0662065,248.425,513.08185,735.0,13,2976,954.468248128891,792569,0.0,1.2174921,0.9956276370212436,4.751497e-05,0.00062741403,0.00062741403
2.093102,248.325,519.4246,735.0,12,2988,957.3413202762604,795549,0.0,1.2167054,0.9780069720000029,3.739621e-05,0.0007792798,0.0007792798
2.129105,247.825,527.4519,745.0,12,3000,960.2319211959839,798513,0.0,1.212195,0.9970794089604169,4.490273e-05,0.0006829823,0.0006829823
2.133311,247.75,528.3353,745.0,13,3013,963.1045937538147,801737,0.0,1.2091438,0.996277870144695,4.742345e-05,0.00075454544,0.00075454544
2.1610236,248.05,536.0161,745.0,12,3025,965.9606258869171,804720,0.0,1.2035748,0.9971727158408612,4.789658e-05,0.001067847,0.001067847
2.1560576,248.05,534.797,750.0,12,3037,968.8396558761597,807689,0.0,1.1995828,0.9959333618171513,3.993882e-05,0.00079765543,0.00079765543
2.1106503,248.475,524.10657,740.0,13,3050,971.7220659255981,810930,0.0,1.197778,0.9608193226158619,4.673602e-05,0.0010710005,0.0010710005
2.0919704,247.975,518.56055,735.0,12,3062,974.5881628990173,813890,0.0,1.1972352,0.9702147264033556,4.3926237e-05,0.00095604296,0.00095604296
2.0732193,247.5,513.0452,730.0,13,3075,977.4467186927795,817093,0.0,1.1949704,0.9785053189843893,4.8051472e-05,0.0010991715,0.0010991715
2.1192129,247.3,524.3672,730.0,12,3087,980.3172669410706,820079,0.0,1.1972724,0.987534411251545,4.4785633e-05,0.000544949,0.000544949
2.1408165,247.65,530.31366,740.0,12,3099,983.426130771637,823052,0.0,1.1938173,0.9936380842700601,4.4471468e-05,0.0004431205,0.0004431205
2.1339366,248.475,530.0461,740.0,13,3112,986.4916861057281,826288,0.0,1.1938087,0.9763101059943438,4.2681582e-05,0.00080777257,0.00080777257
2.110728,248.325,524.1118,740.0,12,3124,989.3737761974335,829263,0.0,1.1920246,0.9703639913350344,3.8355745e-05,0.0016719004,0.0016719004
2.0085864,253.65,502.15234,725.0,12,3136,1009.2013897895813,832452,0.0,1.1896977,0.9536862187087536,3.9979193e-05,0.0005705096,0.0005705096
2.036471,253.575,509.0705,725.0,12,3148,1012.0714721679688,835439,0.0,1.1873468,0.9625156670808792,4.442358e-05,0.0008942264,0.0008942264
2.0619814,254.05,516.2689,730.0,12,3160,1014.9939880371094,838431,0.0,1.1842581,0.9912772532552481,4.0578307e-05,0.00047090588,0.00047090588
2.1103444,248.975,525.4713,730.0,13,3173,1018.109712600708,841654,0.0,1.1818303,0.9689902942627668,4.255112e-05,0.00064508227,0.00064508227
2.0906146,248.375,519.4339,735.0,12,3185,1021.0147788524628,844625,0.0,1.1818628,0.9581695534288883,4.135474e-05,0.00062981667,0.00062981667
2.0738828,248.05,514.43134,730.0,13,3198,1023.8908054828644,847859,0.0,1.1812459,0.9789301380515099,3.820196e-05,0.0015007175,0.0015007175
2.0724404,248.3,514.27045,725.0,12,3210,1026.7793536186218,850841,0.0,1.1791388,0.9774718210101128,4.7880207e-05,0.0006184566,0.0006184566
2.125503,248.35,527.5371,730.0,12,3222,1029.640489578247,853812,0.0,1.1741949,0.9961707214824855,4.4769706e-05,0.0007455467,0.0007455467
2.1469731,247.925,532.0868,740.0,13,3235,1032.5041291713715,857028,0.0,1.1706778,0.9975847126916051,4.5547553e-05,0.00072273426,0.00072273426
2.1546369,247.55,533.47833,740.0,12,3247,1035.388201713562,859998,0.0,1.1707742,0.9770776685327291,4.641277e-05,0.001176682,0.001176682
2.0994935,247.55,519.91376,735.0,13,3260,1038.2787187099457,863217,0.0,1.1696101,0.9624555222690105,4.671219e-05,0.0016468718,0.0016468718
2.0939224,247.875,519.22595,735.0,12,3272,1041.1442935466766,866201,0.0,1.1664145,0.987354981712997,4.5821245e-05,0.0011310087,0.0011310087
2.072157,247.65,513.46155,730.0,12,3284,1044.1555950641632,869170,0.0,1.1640848,0.9787242449820042,4.203759e-05,0.0011258599,0.0011258599
2.1453145,247.825,531.74396,735.0,13,3297,1047.0477194786072,872387,0.0,1.1586299,0.9818179532885551,4.5396697e-05,0.0004877566,0.0004877566
2.1562274,247.9,534.6126,745.0,12,3309,1049.917914390564,875372,0.0,1.1555785,0.9953289716504514,4.253816e-05,0.00089631806,0.00089631806
2.158517,247.825,535.03076,745.0,13,3322,1052.80495262146,878591,0.0,1.1539525,0.9917139746248722,4.6193425e-05,0.00059000653,0.00059000653
2.1897514,248.45,544.0112,750.0,12,3334,1055.9015786647797,881582,0.0,1.1506125,0.9914236981421709,4.9518538e-05,0.00073020003,0.00073020003
2.1652305,248.825,538.58136,745.0,12,3346,1059.0011341571808,884580,0.0,1.1498023,0.9775293953716755,4.2062136e-05,0.0012469621,0.0012469621
2.136227,248.7,530.9633,740.0,13,3359,1061.860312461853,887797,0.0,1.1478881,0.9690295830368996,4.0339208e-05,0.00073921477,0.00073921477
2.1355321,248.4,530.1208,740.0,12,3371,1064.9093234539032,890774,0.0,1.1433479,0.9943601600825787,4.6980433e-05,0.0007677533,0.0007677533
2.1637886,248.125,536.70984,740.0,12,3383,1067.830424785614,893755,0.0,1.1389792,0.992369222920388,4.302978e-05,0.0006059029,0.0006059029
2.1434782,248.475,532.27264,740.0,13,3396,1070.9274237155914,896989,0.0,1.136505,0.9747732169926167,3.7265436e-05,0.0007448863,0.0007448863
2.1423552,248.575,532.52277,740.0,12,3408,1074.03746342659,899970,0.0,1.1337868,0.9746108967810869,4.342526e-05,0.00044370574,0.00044370574
2.1521854,248.175,534.07196,740.0,12,3420,1077.0780792236328,902941,0.0,1.1304648,0.9944399977102876,4.7604903e-05,0.00064874283,0.00064874283
2.1572845,247.8,534.84735,735.0,13,3433,1079.987603187561,906155,0.0,1.127226,0.9763317052274942,4.381989e-05,0.0012511375,0.0012511375
2.1602025,247.9,535.7926,735.0,12,3445,1082.8652243614197,909140,0.0,1.1271757,0.973341554403305,4.4032426e-05,0.0013208883,0.0013208883
2.1582723,248.2,535.97626,740.0,13,3458,1085.7373208999634,912373,0.0,1.1259133,0.9757387787103653,4.465265e-05,0.0010243175,0.0010243175
2.1787608,248.65,541.86835,740.0,12,3470,1088.6069083213806,915361,0.0,1.1243987,0.9938464453443885,4.4497137e-05,0.0009021734,0.0009021734
2.205612,248.725,548.56134,745.0,12,3482,1091.5944576263428,918341,0.0,1.1205823,0.9840724691748619,4.5580342e-05,0.00038970448,0.00038970448
2.180282,248.675,542.3545,745.0,13,3495,1094.5151648521423,921574,0.0,1.1181663,0.9736914522945881,4.7127698e-05,0.0006321063,0.0006321063
2.1734684,249.4,542.09186,745.0,12,3507,1114.1556329727173,924590,0.0,1.113549,0.9951302749104798,4.788009e-05,0.0008069177,0.0008069177
2.1743567,249.775,543.1326,745.0,12,3519,1116.9986979961395,927583,0.0,1.1121526,0.9964324017055333,5.059499e-05,0.00039711347,0.00039711347
2.19622,249.975,548.8263,745.0,12,3531,1119.8472163677216,930578,0.0,1.109312,0.9909576494246721,4.70588e-05,0.000601337,0.000601337
2.2076938,249.3,550.3582,750.0,13,3544,1122.699313402176,933817,0.0,1.1091938,0.9799127727746964,3.6089932e-05,0.00085395173,0.00085395173
2.21355,249.0,551.1495,750.0,12,3556,1125.6008627414703,936795,0.0,1.106994,0.995890845078975,4.403394e-05,0.00079309195,0.00079309195
2.2095547,248.9,549.92737,750.0,12,3568,1128.535469532013,939786,0.0,1.1071144,0.9895432982593775,3.848861e-05,0.00088206836,0.00088206836
2.1876538,249.025,544.57336,745.0,13,3581,1131.3930163383484,943033,0.0,1.104745,0.9761739317327738,3.0243615e-05,0.0008590876,0.0008590876
2.1841693,249.225,544.1619,745.0,12,3593,1134.26060795784,946018,0.0,1.1007391,0.9935006941668689,4.548983e-05,0.00092152506,0.00092152506
2.1849945,249.35,544.63696,745.0,12,3605,1137.091671705246,949014,0.0,1.096048,0.9972432379145175,4.814664e-05,0.00051428255,0.00051428255
2.177074,249.475,542.9618,745.0,13,3618,1139.9432864189148,952254,0.0,1.0902623,0.9963393453508615,4.6835554e-05,0.00069424015,0.00069424015
2.1621623,249.15,538.6707,735.0,12,3630,1142.7893514633179,955239,0.0,1.0890807,0.9477517232298851,4.531773e-05,0.00070579356,0.00070579356
2.1635425,248.825,538.2878,740.0,13,3643,1145.6543045043945,958464,0.0,1.0870379,0.9760048016905785,3.841265e-05,0.00074883923,0.00074883923
2.171573,248.575,539.7324,740.0,12,3655,1148.5453350543976,961449,0.0,1.0850531,0.9929154324345291,4.4907094e-05,0.0009800742,0.0009800742
2.205263,248.425,547.6626,735.0,12,3667,1151.5424118041992,964432,0.0,1.0846341,0.9664788022637367,4.2872427e-05,0.0006781682,0.0006781682
2.2041402,248.95,548.5579,745.0,13,3680,1154.4444892406464,967678,0.0,1.0800692,0.9969271467998624,4.709388e-05,0.0006026545,0.0006026545
2.1803336,249.3,543.25964,740.0,12,3692,1157.3798651695251,970673,0.0,1.0797118,0.9765229672193527,3.5403744e-05,0.00082643237,0.00082643237
2.207256,249.325,550.14636,740.0,12,3704,1160.2659046649933,973665,0.0,1.0779649,0.9927067821845412,4.3417775e-05,0.0008245241,0.0008245241
2.2099063,249.2,550.5358,745.0,12,3716,1163.1269345283508,976651,0.0,1.0752791,0.98926798440516,4.456619e-05,0.00039830586,0.00039830586
2.2363477,248.925,556.65173,745.0,13,3729,1165.989033460617,979883,0.0,1.0748268,0.9844539714977145,4.6432582e-05,0.00069639756,0.00069639756
2.2316759,248.75,555.10156,750.0,12,3741,1168.8941378593445,982866,0.0,1.0700396,0.9972173827700317,4.8365677e-05,0.0007424122,0.0007424122
2.2330043,248.625,555.14795,750.0,13,3754,1172.0267071723938,986094,0.0,1.0675588,0.9964908931870013,4.382579e-05,0.00048957113,0.00048957113
2.2371001,248.15,555.09955,750.0,12,3766,1175.1318714618683,989059,0.0,1.0641557,0.9947119751013815,4.423146e-05,0.00089142966,0.00089142966
2.2402978,248.1,555.7792,750.0,12,3778,1178.0929732322693,992045,0.0,1.0591339,0.996611182577908,4.717296e-05,0.0005260855,0.0005260855
2.1993597,247.875,545.3203,740.0,13,3791,1180.957109451294,995263,0.0,1.0611359,0.9552078321576118,4.5734283e-05,0.00081867166,0.00081867166
2.1963358,248.4,545.7511,740.0,12,3803,1184.1513040065765,998253,0.0,1.0574056,0.9968157410621643,4.29064e-05,0.00061062846,0.00061062846
2.1745002,248.625,540.9413,735.0,12,3815,1187.2324004173279,1001241,0.0,1.0567855,0.9742570593953133,4.3530094e-05,0.00059696025,0.00059696025
2.1728704,249.0,541.1173,730.0,13,3828,1190.1979484558105,1004482,0.0,1.0569854,0.9765450768172741,3.746538e-05,0.00078034884,0.00078034884
2.1944633,248.825,545.97546,740.0,12,3840,1193.1418862342834,1007462,0.0,1.0520345,0.9934031809680164,4.6570476e-05,0.00058972836,0.00058972836
2.1694627,249.05,540.05743,735.0,12,3852,1196.1399610042572,1010457,0.0,1.0520611,0.9781903866678476,4.425288e-05,0.0008358738,0.0008358738
2.194696,249.15,546.4401,740.0,13,3865,1199.180747270584,1013694,0.0,1.04821,0.9968332892749459,4.5116933e-05,0.0009020201,0.0009020201
2.187816,250.7,546.01135,740.0,12,3877,1218.6880667209625,1016742,0.0,1.0425135,0.9899592539295554,4.7482783e-05,0.00046180715,0.00046180715
2.2153637,250.25,552.0574,740.0,12,3889,1221.72469997406,1019722,0.0,1.0383531,0.9974989700131118,4.7648093e-05,0.0005738127,0.0005738127
2.2184901,250.425,553.2337,745.0,13,3902,1224.7962095737457,1022967,0.0,1.0335063,0.9973983282689005,4.519499e-05,0.00053628656,0.00053628656
2.251562,248.75,560.0385,745.0,12,3914,1228.329919576645,1025946,0.0,1.0308611,0.9956598882563412,4.863058e-05,0.00048051975,0.00048051975
2.2526538,248.675,560.1497,750.0,12,3926,1231.2654712200165,1028924,0.0,1.0277735,0.9937222860753536,4.8332517e-05,0.00083151954,0.00083151954
2.2423792,248.025,555.97656,745.0,13,3939,1234.2690286636353,1032140,0.0,1.027842,0.9687360972166061,4.399855e-05,0.00087431184,0.00087431184
2.2462497,248.075,557.054,745.0,12,3951,1237.1609568595886,1035125,0.0,1.024569,0.9919009804725647,4.666058e-05,0.0007908062,0.0007908062
2.225542,247.875,551.2992,740.0,12,3963,1240.042400598526,1038098,0.0,1.0237116,0.9692850634455681,4.9437822e-05,0.0010453708,0.0010453708
2.243751,248.025,556.31134,740.0,13,3976,1242.9344737529755,1041322,0.0,1.0224397,0.9918479397892952,3.8540788e-05,0.0007137063,0.0007137063
2.2368033,248.625,555.94946,745.0,12,3988,1245.7969501018524,1044321,0.0,1.0202426,0.993792250752449,4.739811e-05,0.00087504584,0.00087504584
2.1910512,248.575,544.4997,735.0,13,4001,1248.6775403022766,1047544,0.0,1.0185031,0.9553834237158298,4.659496e-05,0.0013210851,0.0013210851
2.2208526,248.5,551.87415,740.0,12,4013,1251.6430609226227,1050517,0.0,1.0150458,0.9937594952061772,4.5245106e-05,0.000788928,0.000788928
2.2089643,247.675,547.1688,735.0,12,4025,1254.6352274417877,1053477,0.0,1.0172445,0.976618180051446,4.5994257e-05,0.00031425277,0.00031425277
2.2070818,247.425,546.1455,730.0,13,4038,1257.669498682022,1056688,0.0,1.0165094,0.9827639702707529,4.3656753e-05,0.0007894735,0.0007894735
2.2073734,247.175,545.92786,730.0,12,4050,1260.80601644516,1059661,0.0,1.0148602,0.9747874531894922,3.993971e-05,0.0007654638,0.0007654638
2.2098534,247.175,546.54364,730.0,13,4063,1263.8698861598969,1062869,0.0,1.013937,0.9604368396103382,4.5261055e-05,0.0007087745,0.0007087745
2.1826105,247.4,540.42554,730.0,12,4075,1266.7434928417206,1065850,0.0,1.0138165,0.9792167339473963,4.4049346e-05,0.0006661814,0.0006661814
2.2079656,247.8,547.44867,735.0,12,4087,1269.6431441307068,1068833,0.0,1.0115966,0.9930534432642162,4.0940107e-05,0.0006547679,0.0006547679
2.249169,248.55,559.1403,740.0,13,4100,1272.595239162445,1072064,0.0,1.0108548,0.9967366782948375,4.2952288e-05,0.0005580485,0.0005580485
2.272204,248.75,565.19653,745.0,12,4112,1275.4633059501648,1075052,0.0,1.008829,0.9956858134828508,4.6030345e-05,0.0003516019,0.0003516019
2.2629197,249.05,563.5577,750.0,12,4124,1278.4419322013855,1078048,0.0,1.0055747,0.9905570801347494,4.7507096e-05,0.0005182028,0.0005182028
2.2724025,248.875,565.5167,750.0,13,4137,1281.3635187149048,1081275,0.0,0.99997777,0.9975178788881749,4.619853e-05,0.0005356036,0.0005356036
2.252971,248.825,560.4272,745.0,12,4149,1284.47509765625,1084257,0.0,0.9982295,0.9740689620375633,4.647707e-05,0.0011301138,0.0011301138
2.2571754,248.8,561.4132,745.0,12,4161,1287.5011670589447,1087256,0.0,0.99383754,0.995395366102457,4.748257e-05,0.0008404972,0.0008404972
2.225359,249.075,554.246,740.0,13,4174,1290.3993000984192,1090487,0.0,0.99368304,0.9743089210242033,4.1716306e-05,0.0012262616,0.0012262616
2.2240136,249.475,554.82294,740.0,12,4186,1293.3213367462158,1093482,0.0,0.99222046,0.991972953081131,4.190936e-05,0.0009998026,0.0009998026
2.229896,248.675,554.46594,740.0,13,4199,1296.225405216217,1096704,0.0,0.9900739,0.9747306983917952,4.3343327e-05,0.00056709413,0.00056709413
2.230081,249.025,555.0541,735.0,12,4211,1299.2219443321228,1099696,0.0,0.9905675,0.9759466629475355,3.8527283e-05,0.0007446014,0.0007446014
2.2291684,248.75,554.21106,740.0,12,4223,1302.2527577877045,1102685,0.0,0.9866431,0.9972420639824122,4.9442675e-05,0.00053514104,0.00053514104
2.177897,249.2,542.20935,730.0,12,4235,1305.2237977981567,1105673,0.0,0.98620623,0.955436397343874,4.5505858e-05,0.0009714244,0.0009714244
2.1420321,255.2,531.70917,720.0,12,4247,1324.832157611847,1108902,0.0,0.9815162,0.9839600287377834,4.417391e-05,0.00037608543,0.00037608543
2.145206,254.7,531.6167,720.0,12,4259,1327.7691941261292,1111881,0.0,0.97910386,0.9727866426110268,4.447915e-05,0.0005701987,0.0005701987
2.1982005,254.525,544.66943,725.0,13,4272,1330.7017405033112,1115107,0.0,0.9766851,0.9911835044622421,4.8146972e-05,0.0011918092,0.0011918092
2.265442,248.3,562.60333,735.0,12,4284,1333.645817041397,1118088,0.0,0.9732465,0.9860261538997293,4.6420202e-05,0.0007535815,0.0007535815
2.2655435,248.325,562.6898,745.0,12,4296,1336.498394727707,1121072,0.0,0.9691797,0.9917303593829274,4.3165248e-05,0.0006748761,0.0006748761
2.2362027,249.4,557.4181,740.0,13,4309,1339.487428188324,1124336,0.0,0.967863,0.9533468149602413,4.5087072e-05,0.0006859365,0.0006859365
2.2358563,249.475,557.49524,740.0,12,4321,1342.5084643363953,1127322,0.0,0.9656392,0.9846255304291844,4.4019795e-05,0.00041415417,0.00041415417
2.2084858,249.9,551.50134,735.0,12,4333,1345.4812488555908,1130322,0.0,0.9658205,0.966917272657156,4.5589462e-05,0.0008987356,0.0008987356
2.268491,249.25,565.2432,735.0,13,4346,1348.4613115787506,1133555,0.0,0.9617414,0.9934609308838844,4.765725e-05,0.0007360405,0.0007360405
2.2421703,249.375,559.1242,740.0,12,4358,1351.4478657245636,1136556,0.0,0.96124524,0.9737391676753759,4.2598112e-05,0.00093093765,0.00093093765
2.2412674,249.375,558.8724,735.0,12,4370,1354.3729321956635,1139549,0.0,0.9605307,0.9702617060393095,4.8630016e-05,0.0006508205,0.0006508205
2.2385087,249.5,558.4656,740.0,12,4382,1357.4100894927979,1142540,0.0,0.95766354,0.9950394849292934,4.8523903e-05,0.0017697066,0.0017697066
2.2173743,249.1,552.1574,735.0,13,4395,1360.3277428150177,1145774,0.0,0.9568481,0.9781223181635141,3.963872e-05,0.0005031782,0.0005031782
2.266312,248.825,563.74915,740.0,12,4407,1363.243774175644,1148763,0.0,0.9564428,0.9957091365940869,4.8859976e-05,0.0008945276,0.0008945276
2.272278,248.575,564.6514,745.0,13,4420,1366.0568375587463,1151981,0.0,0.95402,0.997332121245563,4.8795948e-05,0.0006687914,0.0006687914
2.2775044,248.025,564.6556,740.0,12,4432,1368.9499335289001,1154955,0.0,0.9532166,0.977060679346323,4.431415e-05,0.0017603555,0.0017603555
2.2561326,248.0,559.44226,740.0,12,4444,1371.9146130084991,1157930,0.0,0.9540207,0.9688780009746552,4.150544e-05,0.00035003386,0.00035003386
2.2311416,247.95,553.23285,735.0,13,4457,1374.7681591510773,1161153,0.0,0.95367646,0.9858558997511864,4.356599e-05,0.0010530337,0.0010530337
2.2535408,247.65,558.2892,735.0,12,4469,1377.721717119217,1164125,0.0,0.9537882,0.9883824326097965,3.3993285e-05,0.00064180855,0.00064180855
2.231736,247.5,552.6515,735.0,13,4482,1380.6002593040466,1167341,0.0,0.95247406,0.9727087114006281,4.4689496e-05,0.00092709734,0.00092709734
2.2556367,247.625,558.7088,740.0,12,4494,1383.4869022369385,1170321,0.0,0.9492294,0.9957732912153006,4.67451e-05,0.0004721287,0.0004721287
2.2779145,247.975,564.94385,745.0,12,4506,1386.4829680919647,1173302,0.0,0.94380695,0.9963326270226389,4.7875084e-05,0.0006552984,0.0006552984
2.2525373,247.9,558.57874,740.0,13,4519,1389.3210113048553,1176517,0.0,0.94470483,0.9739069286733866,4.437075e-05,0.0004859843,0.0004859843
2.279689,247.9,565.18976,745.0,12,4531,1392.2435593605042,1179496,0.0,0.94300175,0.9949883003719151,4.6325575e-05,0.0009643131,0.0009643131
2.2542598,247.6,558.2982,740.0,13,4544,1395.0591440200806,1182709,0.0,0.94166064,0.982039600610733,4.4207245e-05,0.000561721,0.000561721
2.273168,248.3,564.4961,740.0,12,4556,1397.9656946659088,1185709,0.0,0.9378961,0.9973431872203946,4.667137e-05,0.00094849616,0.00094849616
2.2750516,248.4,565.19574,745.0,12,4568,1400.891762971878,1188689,0.0,0.9355247,0.9927148777060211,4.341232e-05,0.0004674612,0.0004674612
2.2989173,249.125,572.68787,745.0,13,4581,1403.786894083023,1191934,0.0,0.93707496,0.9898992897942662,3.8690498e-05,0.0005537309,0.0005537309
2.3067734,249.15,574.69495,750.0,12,4593,1406.6050181388855,1194920,0.0,0.9332974,0.99697902565822,4.7484064e-05,0.000741818,0.000741818
2.3030744,249.075,573.5995,750.0,12,4605,1409.5431785583496,1197905,0.0,0.9298312,0.9946816675364971,4.5604032e-05,0.00058585434,0.00058585434
2.2321415,253.675,558.88165,740.0,12,4617,1429.0951476097107,1201082,0.0,0.92949414,0.972798677161336,3.7347472e-05,0.00091693766,0.00091693766
