# {"t_start": 1566308004.019403, "env_id": "SignalizedEco-v0"} 
r,l,t
-2053.173997,359,30.455149
-1673.103349,384,30.795148
-2525.434501,314,31.013149
-2579.978563,543,31.397206
-1490.384026,350,31.645729
-3296.962389,484,31.982729
-2136.568895,612,32.413731
-1617.741005,364,32.668732
-2122.752754,283,32.866729
-7020.244658,403,33.148728
-5104.537503,579,36.439361
-1549.022772,383,36.716364
-1135.542104,513,37.078365
-9102.877107,607,37.518414
-1217.240513,276,37.717418
-1767.919878,412,38.012416
-5963.571935,437,38.327417
-11196.815646,697,38.820944
-8966.039439,712,41.80752
-2189.877408,398,42.097522
-2513.100679,497,42.450049
-1733.503635,482,42.792046
-2667.148821,278,42.988048
-1542.231835,362,43.247046
-2235.795859,435,43.554045
-1766.648201,397,43.836101
-1827.45808,448,44.155099
-2186.503575,508,44.514098
-1654.807207,310,46.972146
-1134.453778,383,47.243147
-2081.765032,512,47.606144
-4787.033778,435,47.912667
-10970.162837,996,48.628667
-3742.532027,482,48.96824
-1305.398109,270,49.159237
-4225.380303,464,49.493327
-1824.061887,417,52.033441
-7869.925543,694,52.522968
-4217.804287,586,52.941969
-3491.00012,459,53.268968
-2237.760092,253,53.446968
-1930.858694,442,53.758967
-1471.37945,458,54.084495
-6050.29231,504,54.440019
-4616.578172,520,54.805022
-3242.057672,294,57.245697
-4560.811535,424,57.546752
-2046.632176,397,57.839752
-1957.872852,520,58.271278
-3759.970043,547,58.675329
-4772.651864,638,59.179858
-3902.947929,535,59.563909
-6741.505229,519,59.931909
-3821.117387,578,62.584429
-6394.367156,560,62.978481
-5828.9695,487,63.322008
-1479.669367,479,63.659007
-1324.589094,505,64.016041
-6254.905441,461,64.342097
-2213.213811,400,64.622095
-3294.057584,436,64.932624
-5447.155953,507,65.288626
-1406.487517,429,67.823301
-4227.481999,551,68.212301
-4949.214353,584,68.626358
-2396.224072,488,68.980356
-1953.864266,413,69.278399
-1447.98578,409,69.565914
-2886.206293,539,69.945974
-2786.886024,417,70.244973
-1973.777847,382,72.754194
-2296.020134,401,73.038235
-1129.977525,337,73.277233
-2307.397636,438,73.587236
-2943.569384,566,73.986952
-2211.609589,387,74.260236
-2308.551921,366,74.520277
-3888.307964,527,74.892277
-3182.846011,426,75.191328
-1472.439444,426,75.493331
-1686.039997,471,78.066408
-1749.199403,498,78.418412
-1151.933544,353,78.664409
-4107.450438,473,79.011412
-2287.18342,349,79.265412
-5848.638668,533,79.640935
-1846.884959,381,79.909936
-2139.14835,439,80.220989
-1302.159969,415,80.512987
-2750.858391,396,83.044598
-1473.925254,516,83.418124
-1729.60183,414,83.712123
-3790.61655,484,84.058123
-2251.208512,391,84.341127
-6320.204949,459,84.664175
-1899.342071,443,84.97717
-4454.727231,388,85.254173
-2511.250049,474,85.59023
-1593.249284,412,85.880229
-3313.159618,496,88.463283
-1448.865815,393,88.743813
-1867.943934,458,89.064813
-1490.581746,443,89.386816
-1495.146553,388,89.665813
-1797.726958,387,89.938871
-1419.138684,415,90.232403
-1913.564803,416,90.525399
-2382.363501,491,90.8704
-1023.06968,410,93.394517
-1100.431107,448,93.708552
-1887.521952,442,94.025553
-2777.472704,488,94.372073
-5445.486537,548,94.757594
-2682.11616,450,95.078649
-1079.209469,422,95.375653
-2320.049205,486,95.718703
-1441.852017,494,96.065701
-2126.901839,453,98.615338
-4756.868394,464,98.940338
-1503.558571,478,99.277341
-1439.066843,405,99.57234
-3291.844059,373,99.838867
-2494.306348,459,100.163392
-1522.739546,434,100.475395
-1704.095618,467,100.807449
-3066.21754,478,101.144493
-1859.738316,433,103.684058
-1064.589218,425,103.98311
-2243.967739,397,104.26411
-2248.561117,473,104.596114
-1106.868412,428,104.902113
-1748.959862,477,105.238168
-976.211483,518,105.602167
-1062.657722,412,105.898168
-1901.190936,442,106.210167
-2716.423861,357,108.692763
-2719.560432,407,108.978287
-4373.385684,504,109.337344
-2158.332941,394,109.6134
-1412.200127,534,109.995924
-1425.415883,431,110.303921
-662.003965,421,110.598441
-1517.175114,349,110.843443
-2228.713143,440,111.151441
-2727.119666,447,111.469443
-2222.426825,419,114.009394
-2731.726131,454,114.329393
-2858.658509,433,114.638394
-1096.563324,417,114.930925
-2431.90581,432,115.234965
-1828.981949,412,115.528488
-2227.006722,391,115.813018
-3098.277701,475,116.149072
-2404.490151,459,116.477076
-5048.183923,520,119.446844
-1535.211014,428,119.753848
-2711.174673,373,120.027847
-2446.070525,461,120.362704
-1698.799687,443,120.679706
-4138.119218,468,121.014704
-1886.672427,429,121.320704
-2252.434687,385,121.597706
-1957.304189,466,121.926745
-2276.35938,408,122.217271
-1927.068764,436,124.79432
-2419.533158,466,125.123321
-1759.187942,410,125.429318
-3268.235424,445,125.741902
-1031.586909,445,126.0529
-2310.863972,350,126.299901
-2949.696389,440,126.612901
-1460.735082,420,126.907901
-1329.921303,394,127.190898
-3275.574142,460,129.846003
-1450.745145,470,130.178005
-1434.292459,443,130.525006
-1601.509428,400,130.814533
-2314.198789,397,131.102066
-2993.875546,357,131.356063
-1852.953234,434,131.662115
-1957.708064,378,131.931116
-1070.387468,414,132.223117
-3428.036313,492,132.571162
-3066.377257,395,135.106314
-1865.927738,429,135.413313
-2243.324112,464,135.737367
-1482.313132,432,136.041368
-1501.388805,447,136.359366
-680.736381,411,136.649892
-1095.292217,424,136.945948
-1454.465118,431,137.251946
-2686.025017,368,137.512948
-1696.73457,441,137.821945
-2279.600549,439,140.381593
-1938.480314,448,140.716594
-1571.666581,419,141.014595
-1901.279894,407,141.301595
-692.86219,434,141.609596
-1433.305795,416,141.905596
-675.483277,434,142.213651
-1088.409551,447,142.531706
-2651.608091,396,142.815233
-1432.707167,427,145.407173
-1068.460979,436,145.718229
-1476.980206,430,146.030258
-1883.183894,394,146.312254
-1894.15264,453,146.633259
-1804.173552,419,146.927783
-1128.223455,432,147.243783
-1101.367162,420,147.544303
-1344.205582,426,147.843303
-683.100262,431,148.149302
-1850.732496,439,150.723465
-2672.428324,419,151.023466
-1465.127927,388,151.299988
-2304.08142,441,151.620509
-1418.399696,420,151.918036
-1072.39405,422,152.217032
-1082.522773,429,152.523032
-1854.475956,400,152.806034
-1076.812116,420,153.100555
-2687.724729,443,153.414555
-2607.630395,393,155.948189
-1856.378075,411,156.237716
-2250.35381,455,156.560718
-712.606322,410,156.850715
-1495.633501,459,157.171768
-1050.190916,416,157.466767
-675.264205,435,157.772768
-1091.249679,412,158.071823
-1439.64283,421,158.371875
-1328.172879,450,160.949029
-2152.100838,496,161.310074
-1865.290227,440,161.625071
-2510.869113,467,161.955071
-1090.572976,410,162.247074
-1089.273217,470,162.580075
-2346.892286,445,162.890072
-697.795777,448,163.208073
-1818.93539,415,163.507599
-1041.389479,434,166.057689
-910.048502,416,166.351206
-1851.435368,469,166.688249
-1449.19511,445,167.000246
-1331.329782,444,167.316247
-1445.437511,452,167.640249
-2205.620256,454,167.960305
-665.87115,411,168.251304
-1458.816146,432,168.556304
-1435.586912,420,168.857304
-1048.59977,432,171.410552
-1329.43244,436,171.727554
-1562.332231,430,172.035549
-1076.925843,414,172.328587
-1068.001166,439,172.638591
-1124.414065,414,172.93059
-684.82463,430,173.233633
-2735.251983,454,173.556163
-661.059485,420,173.852162
-1208.468213,421,176.404271
-904.534781,427,176.7068
-1110.00098,420,177.001799
-1054.544848,437,177.307802
-1859.159451,424,177.608851
-3082.430333,407,177.892854
-684.874019,433,178.194852
-1111.22124,417,178.489852
-1481.120414,438,178.798379
-1459.079379,419,179.093419
-1450.870419,417,181.638418
-1096.086111,416,181.941419
-1856.496382,420,182.236472
-1437.885429,452,182.566533
-1058.920372,432,182.873575
-1503.664708,412,183.164576
-688.627987,445,183.477575
-1089.286587,428,183.782575
-1591.163464,412,184.074576
-1062.461683,423,184.376096
-1058.950067,453,216.526902
-1448.245829,421,216.892905
-2335.287576,436,217.200426
-1086.976142,412,217.491478
-923.279378,439,217.806475
-1484.82374,405,218.092478
-1441.608414,419,218.389004
-1315.803522,419,218.685001
-1461.423032,422,218.982004
-1538.403728,418,219.278005
-1098.419319,417,221.849113
-644.782141,408,222.136167
-657.216741,417,222.430695
-1049.08952,425,222.733696
-1323.723214,418,223.038696
-1094.027105,439,223.357697
-708.859724,425,223.657694
-1451.994589,425,223.961215
-1053.745978,425,224.263215
-1488.605117,421,224.560246
-1497.110218,419,227.096771
-1055.31015,421,227.396773
-712.110041,419,227.694829
-1472.866568,456,228.016867
-1094.20766,429,228.324863
-651.252982,440,228.640397
-657.440529,424,228.938396
-662.52047,448,229.255449
-1468.16165,412,229.548452
-1069.882393,415,232.09249
-695.744626,426,232.393016
-696.180498,424,232.694068
-656.686019,434,233.008596
-1152.756036,447,233.328597
-683.639962,417,233.623642
-1086.60341,432,233.931639
-1049.178861,439,234.242639
-678.251499,428,234.543642
-668.666631,433,234.854693
-669.625918,450,237.451231
-653.662654,435,237.758755
-1098.748089,445,238.078758
-1409.551189,427,238.382757
-647.477031,439,238.692279
-914.541969,432,239.000329
-1165.559525,431,239.311332
-647.452909,432,239.621385
-658.435044,431,239.929383
-699.009318,425,242.477983
-700.806094,419,242.777983
-932.123886,429,243.09051
-1065.10952,411,243.391512
-708.503595,421,243.700962
-681.30743,434,244.012962
-1435.123121,417,244.308489
-679.545852,428,244.616486
-1058.748387,423,244.917488
-671.11623,433,245.230487
-701.426759,434,247.785546
-645.36377,424,248.092597
-1077.036518,417,248.387597
-1054.781322,414,248.678638
-1061.436004,415,248.975637
-663.460735,415,249.273636
-1033.042997,426,249.576634
-1068.544034,417,249.871674
-2021.248707,406,250.163674
-1019.237096,431,250.469673
-1057.446513,416,253.017502
-1453.760966,419,253.312504
-687.73352,418,253.615557
-1094.440987,421,253.917087
-664.135261,442,254.229144
-927.64371,437,254.540199
-914.570557,442,254.85236
-646.239702,419,255.149195
-1411.688697,429,255.460199
-1438.641353,428,258.01733
-1420.252379,415,258.313637
-1572.007067,455,258.639626
-669.668337,410,258.935626
-684.966099,432,259.242684
-1072.72588,432,259.550683
-1062.215913,437,259.862684
-1082.798299,431,260.168683
-1045.915202,420,260.467683
-672.351284,415,260.764197
-662.674411,442,263.63676
-690.766625,423,263.970291
-645.367869,446,264.308292
-1311.350635,427,264.625292
-1320.092902,440,264.947293
-1086.563762,426,265.271292
-701.229548,425,265.582294
-914.452175,425,265.891293
-1056.630869,422,266.205342
-1479.541715,432,268.879992
-1488.436628,421,269.189048
-1184.56802,435,269.51305
-655.765338,430,269.828582
-665.420004,443,270.161105
-1040.105578,448,270.487107
-1040.118472,435,270.811103
-668.916908,426,271.128105
-1479.897857,442,271.454105
-660.388546,438,271.772151
-681.477602,411,274.333035
-1297.18115,440,274.643034
-650.905344,431,274.951034
-932.028867,423,275.250038
-942.84887,428,275.552034
-1191.872155,431,275.856554
-661.331958,421,276.161551
-680.841528,424,276.464551
-664.797338,418,276.759553
-677.580592,423,277.060554
-691.011302,436,279.621177
-906.276904,425,279.921209
-680.972716,417,280.21521
-666.089712,421,280.518212
-682.338422,418,280.818211
-916.953408,425,281.122261
-661.764576,425,281.429262
-664.006046,427,281.73279
-668.019938,442,282.049788
-651.64496,436,284.621953
-1056.474248,424,284.920009
-1054.303528,408,285.209062
-646.961716,431,285.51011
-1072.128545,439,285.822113
-702.120665,422,286.120113
-1036.559287,431,286.424628
-1059.154655,433,286.730631
-1843.651033,432,287.037674
-640.736963,436,287.349674
-1449.756471,432,289.903808
-668.353236,428,290.215813
-645.578769,414,290.508811
-707.888884,427,290.810326
-676.852276,425,291.113326
-642.045235,415,291.410385
-667.351974,437,291.718382
-655.463757,427,292.021444
-695.561304,433,292.332443
-1053.887789,418,294.896106
-645.377891,421,295.19577
-636.102018,420,295.49874
-645.180972,441,295.81074
-640.414745,423,296.110735
-877.060967,430,296.414735
-640.116541,426,296.721735
-637.550732,423,297.020735
-685.248596,421,297.318265
-658.19781,428,297.625267
-894.399179,435,300.177942
-627.84695,430,300.481941
-663.371068,437,300.789942
-1096.389781,427,301.091942
-651.627103,433,301.39894
-644.159133,451,301.716975
-643.92051,432,302.021974
-634.271615,422,302.319972
-894.902671,434,302.627975
-659.378897,425,305.185148
-634.901134,425,305.488148
-898.399418,432,305.796196
-657.846154,428,306.099198
-622.558588,447,306.422198
-919.687782,431,306.725199
-668.580385,448,307.043717
-673.537042,418,307.341717
-646.954598,431,307.648718
-653.675091,416,307.942719
-626.532202,432,310.484229
-655.887729,428,310.785229
-646.432254,425,311.085268
-655.537757,423,311.388267
-904.867023,425,311.691784
-643.099552,418,311.986313
-651.984036,428,312.287311
-628.501346,428,312.590348
-884.072894,434,312.896348
-651.452794,427,313.198352
-1052.495402,419,315.778409
-628.51225,442,316.095409
-633.048116,445,316.410461
-606.986088,432,316.71646
-661.60643,452,317.03546
-918.696707,426,317.341458
-646.558097,428,317.645459
-1027.213,425,317.946502
-626.354021,430,318.257499
-650.463379,423,320.805614
-1037.361075,424,321.103613
-658.681563,428,321.409613
-640.0363,440,321.723614
-654.842591,426,322.025139
-627.559603,442,322.338666
-667.985324,423,322.641667
-650.63787,428,322.945666
-646.994728,431,323.250183
-629.907132,427,323.555184
-609.077107,432,326.13327
-640.817584,447,326.451271
-628.826355,429,326.753272
-652.169781,429,327.061273
-1028.960226,431,327.36379
-1007.379151,432,327.670787
-1034.635103,432,327.978788
-628.558917,439,328.29579
-624.925327,427,328.60043
-601.835499,432,331.156048
-1023.863228,425,331.460583
-641.304753,430,331.764582
-616.164731,440,332.078585
-649.087768,433,332.386584
-633.507718,422,332.685581
-609.345309,426,332.985634
-615.406351,434,333.291635
-655.584631,424,333.593635
-637.175222,442,336.188322
-618.636141,434,336.497321
-637.824368,431,336.808323
-619.77419,435,337.117377
-607.608746,440,337.430375
-622.370208,432,337.739378
-630.622777,430,338.044377
-667.096579,425,338.345432
-644.849585,440,338.656435
-608.526412,422,338.958435
-627.517334,440,341.538077
-622.165858,428,341.838076
-634.250818,431,342.143074
-629.840566,438,342.451602
-637.610641,433,342.758602
-628.4604,437,343.067601
-630.467214,442,343.377602
-635.882478,435,343.684603
-616.738201,446,343.9986
-617.308023,429,346.585274
-651.995843,439,346.895277
-624.85926,433,347.209277
-592.467495,440,347.523273
-619.236261,430,347.827331
-618.234588,439,348.138856
-620.171205,437,348.448857
-618.42397,433,348.759856
-639.175655,426,349.059854
-639.158932,430,349.366375
-635.393946,438,351.92798
-858.250653,440,352.240983
-1034.789182,453,352.561528
-635.322517,438,352.873526
-614.007333,444,353.187527
-629.7886,439,353.49658
-610.528488,449,353.81458
-636.964357,437,354.128111
-638.928627,442,354.441114
-610.543136,435,357.011208
-643.777668,436,357.321269
-616.118378,437,357.632268
-607.533835,436,357.939265
-635.549174,435,358.252268
-611.736835,439,358.564268
-647.403889,445,358.878329
-619.968143,435,359.187331
-572.698236,431,359.494329
-589.474673,442,362.05544
-620.598899,440,362.36744
-617.237604,421,362.66944
-639.053954,432,362.973442
-611.982659,440,363.286477
-636.974027,444,363.602478
-635.125136,442,363.917475
-1024.695831,416,364.211519
-1008.673519,439,364.519518
-623.999227,443,364.838519
-642.094761,429,367.406786
-605.090269,440,367.718786
-616.152346,440,368.032787
-620.115792,429,368.336315
-627.975324,436,368.643311
-627.364568,426,368.944313
-642.332518,441,369.257831
-628.740127,437,369.565361
-589.888476,443,369.877357
-627.103498,447,401.851882
-582.152052,447,402.232883
-621.178457,443,402.544401
-607.378028,449,402.862401
-597.118198,449,403.177401
-614.047086,429,403.479399
-614.590379,425,403.780924
-618.386294,434,404.086925
-618.477458,435,404.392924
-634.487803,434,404.696923
-1031.30802,457,407.284447
-1007.569252,423,407.589445
-604.96636,453,407.909503
-599.917989,441,408.226505
-607.192778,440,408.535502
-619.939858,447,408.851503
-604.077108,445,409.164559
-610.61548,436,409.470555
-607.507439,432,409.773559
-590.422136,428,412.315281
-590.760949,432,412.618284
-615.444564,443,412.931281
-611.846914,434,413.235802
-619.885063,442,413.557803
-615.816009,440,413.867799
-626.901684,436,414.172799
-624.869668,446,414.488801
-1652.975942,452,414.808331
-615.122919,434,417.356154
-602.886475,437,417.667682
-630.905735,428,417.982681
-635.774893,435,418.287681
-618.835195,434,418.59368
-588.112019,430,418.897726
-616.494546,443,419.209723
-590.467424,436,419.518725
-605.94329,439,419.825722
-621.83478,441,420.139779
-603.739556,441,422.695618
-577.660739,427,422.994667
-614.437115,442,423.310669
-609.819178,424,423.60967
-637.034558,442,423.920666
-640.372185,435,424.229196
-636.169191,436,424.543193
-600.040429,432,424.849194
-608.379307,442,425.162192
-599.356495,440,427.719248
-617.587511,439,428.033246
-632.600448,428,428.338244
-605.386133,442,428.653247
-603.249038,438,428.962247
-607.697328,432,429.267247
-629.200324,436,429.577243
-1008.605232,434,429.888246
-594.469029,444,430.200246
-610.905184,429,430.504247
-603.926652,431,433.056868
-604.217691,438,433.363871
-600.26727,448,433.679918
-594.641146,438,433.98892
-623.340959,432,434.294919
-615.206023,434,434.601921
-605.043845,429,434.903921
-607.275915,430,435.20745
-623.736904,431,435.51245
-599.692345,438,438.087522
-596.35913,437,438.408521
-599.804451,430,438.71452
-608.12437,433,439.018518
-596.801477,427,439.319522
-589.859498,444,439.635521
-604.078629,430,439.935519
-605.060807,448,440.252521
-598.659224,439,440.564571
-601.80244,435,443.130586
-615.34568,430,443.435113
-1013.940578,431,443.740112
-640.343634,439,444.048112
-603.865572,442,444.359112
-583.917705,438,444.668716
-606.095666,429,444.971718
-996.037567,437,445.280714
-599.772128,437,445.587718
-606.512311,442,445.897714
-598.159557,432,448.463109
-638.318199,437,448.776166
-613.509394,444,449.088166
-630.900987,444,449.411165
-599.693044,430,449.713164
-613.239034,440,450.022214
-599.254228,447,450.339216
-605.791917,445,450.653739
-601.685559,453,450.972789
-1102.144328,441,453.531892
-604.486784,437,453.838896
-613.918371,436,454.144422
-603.755588,437,454.45342
-604.872233,440,454.767422
-626.373941,444,455.080421
-624.091693,432,455.386419
-594.592377,441,455.698421
-592.604053,433,456.003422
-611.626118,439,458.560876
-591.618537,430,458.871876
-595.389969,442,459.187877
-614.034357,443,459.501877
-1251.199265,435,459.811931
-585.015249,437,460.124927
-597.696279,435,460.43293
-597.111019,435,460.744931
-594.449808,434,461.049449
-605.114922,444,461.365449
-604.0148,447,463.927454
-626.102742,439,464.234457
-611.189958,443,464.551974
-626.348716,432,464.855975
-595.535049,442,465.166029
-593.58403,443,465.482029
-618.770862,434,465.788025
-594.760479,433,466.094027
-593.626497,437,466.404557
-595.226901,443,468.984617
-593.268726,443,469.326196
-623.083611,432,469.62923
-588.610781,430,469.933229
-611.887214,441,470.254228
-586.350036,440,470.568754
-588.055817,442,470.883753
-604.30348,440,471.192754
-587.001683,433,471.53475
-578.155514,434,471.856277
-594.247479,441,474.549521
-602.486037,451,474.870581
-603.157217,445,475.18558
-607.89806,445,475.501582
-602.494855,442,475.812581
-603.827952,451,476.128635
-608.078307,446,476.446636
-611.077077,435,476.752632
-603.609635,437,477.060635
-588.846916,440,479.708263
-609.505762,437,480.016789
-588.894028,440,480.327791
-600.206341,444,480.644789
-590.338155,449,480.978788
-585.971331,449,481.30081
-856.96323,440,481.653332
-600.325595,444,481.969332
-590.003833,441,482.28533
-630.279704,434,484.849397
-593.437179,444,485.164401
-595.431982,447,485.481398
-607.606662,437,485.789417
-583.417906,438,486.101414
-580.109494,438,486.436415
-610.798874,443,486.756996
-594.045138,441,487.079997
-606.568537,435,487.392175
-583.71217,438,489.9979
-597.755708,452,490.371102
-587.988858,448,490.714625
-592.163005,435,491.044626
-595.083065,435,491.374681
-565.390496,452,491.698685
-611.465772,451,492.015682
-582.762401,453,492.335931
-999.523338,454,492.658931
-991.029846,454,495.2211
-580.004397,444,495.535099
-578.700004,445,495.854101
-594.540296,438,496.161619
-591.623318,439,496.471664
-602.148728,439,496.782663
-571.801651,449,497.10066
-585.076578,444,497.413662
-574.788439,445,497.732662
-590.739753,446,498.048181
-620.33003,453,500.641292
-982.451745,438,500.949292
-595.590908,448,501.268817
-590.088581,445,501.585817
-586.120401,445,501.904861
-600.028269,452,502.225384
-603.358149,445,502.542444
-600.772405,436,502.849442
-593.400701,441,503.159518
-576.957423,440,505.711684
-588.191695,448,506.025202
-583.767122,444,506.337202
-586.975165,443,506.657203
-978.695119,439,506.964729
-583.209599,436,507.271782
-563.456528,441,507.589783
-578.67677,442,507.91378
-580.097667,451,508.228836
-980.612928,441,510.800893
-587.912076,442,511.111895
-581.096171,449,511.431893
-588.331248,453,511.750894
-565.835494,445,512.064893
-577.758099,452,512.38389
-566.641326,442,512.694421
-575.037768,431,513.003422
-592.960261,446,513.317473
-583.006849,444,515.869437
-586.044647,442,516.180436
-570.99599,442,516.493434
-565.840667,452,516.812958
-565.384547,444,517.125485
-588.710649,443,517.438485
-569.684555,445,517.752483
-589.601026,449,518.069486
-588.621681,440,518.377536
-574.319768,445,518.695536
-596.110804,440,521.278731
-579.183614,448,521.596727
-567.29233,444,521.91473
-571.455807,443,522.228727
-574.639552,448,522.542773
-573.280478,435,522.855773
-585.311515,439,523.166772
-597.296293,441,523.47683
-976.953242,449,523.794882
-584.323117,441,526.366977
-573.101531,443,526.679981
-575.402421,434,526.985981
-571.55687,438,527.298978
-567.265381,441,527.609977
-589.012602,442,527.922981
-569.194686,434,528.231977
-584.17368,441,528.547503
-584.072012,442,528.859504
-585.191734,447,531.437453
-590.108128,446,531.758453
-569.180511,444,532.072506
-556.95672,448,532.385559
-599.694226,447,532.70356
-567.750033,444,533.017559
-590.457239,442,533.327086
-567.874584,434,533.633136
-582.568759,440,533.949139
-575.888081,441,536.506042
-569.002291,438,536.816042
-604.439313,444,537.131043
-579.895897,436,537.435563
-572.3862,444,537.748563
-558.580779,442,538.062561
-579.094234,447,538.375088
-582.351424,451,538.705132
-570.667499,444,539.017135
-564.278317,440,539.329134
-550.277621,447,541.914224
-565.071622,452,542.230746
-581.738752,448,542.54875
-572.70024,448,542.864802
-976.066776,458,543.187801
-948.288601,449,543.505802
-562.361942,444,543.820802
-558.295734,446,544.13433
-563.103385,448,544.462329
-566.874702,441,547.031957
-590.62362,438,547.340012
-590.273733,445,547.653011
-567.937418,442,547.97101
-568.954065,440,548.28054
-587.251065,443,548.592536
-580.450216,444,548.906536
-561.627254,448,549.221536
-585.950188,443,549.536551
-590.227375,435,552.107575
-574.62833,444,552.419631
-585.058099,443,552.73163
-566.568822,439,553.042628
-580.8327,440,553.359632
-567.880694,446,553.673645
-550.556886,452,553.9937
-585.7063,433,554.300702
-574.809174,441,554.6127
-573.291459,449,586.675846
-584.210772,448,587.059847
-557.568478,446,587.375848
-559.156756,447,587.688367
-562.339882,435,587.996369
-564.269069,453,588.313364
-563.991518,451,588.629369
-574.817727,445,588.944365
-961.312801,455,589.269365
-590.449964,444,589.581661
-583.366708,434,592.16125
-554.98666,438,592.477251
-571.533029,446,592.79177
-562.560941,453,593.112773
-591.047285,444,593.428818
-967.703836,458,593.749814
-561.637783,447,594.066815
-562.136972,443,594.379814
-548.950186,441,594.690866
-581.836322,442,597.243388
-571.836011,437,597.55039
-550.458823,446,597.870391
-549.450913,439,598.18239
-819.84673,446,598.495389
-570.558743,443,598.80891
-565.560917,442,599.12191
-558.204001,443,599.43291
-574.780766,437,599.742909
-568.915241,442,602.31499
-579.492812,436,602.627994
-576.64909,443,602.94052
-563.836771,440,603.255048
-1322.347483,437,603.563046
-583.696678,445,603.874046
-564.257601,444,604.19057
-566.923639,445,604.504568
-568.54498,445,604.818101
-587.671624,436,607.358785
-551.033777,437,607.668823
-569.143212,448,607.983824
-589.332378,431,608.286825
-559.474208,437,608.595824
-559.502825,439,608.902821
-560.674377,433,609.207823
-565.937414,440,609.522878
-571.76845,437,609.830878
-562.955735,438,610.138924
-567.067753,437,612.704028
-570.998067,451,613.028027
-562.176891,447,613.344028
-550.125602,432,613.651026
-580.362149,444,613.964549
-586.564006,434,614.273552
-571.449375,443,614.586552
-565.526937,435,614.892549
-547.931662,432,615.199593
-551.638606,450,617.774754
-566.591468,435,618.081751
-558.774024,444,618.399752
-548.736641,448,618.716792
-573.882778,434,619.022316
-550.851135,432,619.331314
-585.95668,433,619.637313
-570.187961,437,619.946371
-539.045527,444,620.260372
-956.754252,435,622.825595
-564.632482,443,623.144122
-568.960956,441,623.459124
-565.213786,442,623.779124
-954.103611,454,624.097137
-560.356899,448,624.414171
-578.980284,438,624.725231
-559.420077,430,625.036757
-558.116559,445,625.349753
-560.486861,448,625.664757
-568.688097,451,628.22932
-568.766538,442,628.542317
-553.735332,427,628.844899
-558.868324,434,629.152899
-559.313861,439,629.464897
-548.510984,445,629.778897
-541.699355,448,630.096426
-578.278977,434,630.404427
-559.914277,439,630.713427
-583.850475,432,633.283034
-570.487479,436,633.597033
-573.420966,444,633.909036
-564.229394,440,634.220084
-572.199978,438,634.531087
-573.846437,438,634.841088
-553.143968,438,635.146085
-547.979558,441,635.456602
-575.162495,434,635.765604
-568.282413,437,638.325696
-547.09412,436,638.636696
-547.518752,445,638.952696
-550.929989,442,639.262697
-546.515504,442,639.574695
-572.514488,442,639.885696
-548.489326,447,640.199697
-563.201915,446,640.513695
-569.55156,439,640.825698
-945.279391,439,641.137739
-553.396512,436,643.733991
-555.014895,442,644.044992
-539.241273,445,644.364993
-570.444615,444,644.676991
-562.764563,438,644.986521
-547.330275,450,645.316522
-539.682885,444,645.633347
-558.907206,435,645.941346
-161.383998,435,646.250348
-551.888518,439,648.826917
-553.948564,443,649.13944
-572.577413,445,649.460441
-561.008922,439,649.77644
-556.772374,443,650.086015
-565.555452,435,650.39607
-555.966825,444,650.71007
-548.942286,449,651.024072
-564.373991,436,651.33307
-554.835183,446,653.911224
-551.731862,436,654.217223
-559.540939,439,654.527279
-567.212319,441,654.838277
-560.742765,447,655.156277
-556.22059,447,655.474279
-551.112359,438,655.783279
-952.30178,444,656.101801
-550.701956,432,656.412326
-558.173078,448,658.989856
-938.461538,446,659.309387
-553.795048,440,659.619386
-560.440058,442,659.929387
-966.281379,448,660.243382
-552.920641,449,660.562387
-553.295729,443,660.872386
-942.223011,446,661.186383
-1328.873016,444,661.50544
-559.972341,440,661.817497
-952.443894,451,664.389139
-560.285734,442,664.702136
-554.558213,445,665.015167
-554.083695,442,665.326169
-946.213438,439,665.635695
-553.833032,434,665.949692
-540.14449,440,666.257691
-551.045456,445,666.571695
-543.498184,447,666.88622
-556.607075,440,669.445791
-550.251797,443,669.756842
-570.156774,448,670.068845
-546.23915,446,670.384844
-941.940933,453,670.703845
-561.012268,451,671.021873
-558.111694,441,671.335875
-551.821088,451,671.653873
-551.297361,438,671.960434
-551.622836,444,674.53053
-544.603614,445,674.844529
-543.755273,445,675.156528
-540.983685,444,675.470532
-569.085783,445,675.788532
-565.495204,440,676.098532
-547.34898,444,676.410577
-574.759232,447,676.73058
-557.441328,436,677.036577
-549.038372,446,679.603687
-540.193927,451,679.924685
-560.392631,442,680.234688
-554.76525,447,680.548216
-541.146365,449,680.865216
-551.912095,441,681.175216
-532.482697,445,681.488217
-555.850466,450,681.806216
-551.93925,447,682.121742
-558.270308,452,682.443741
-570.651941,446,685.027524
-545.400595,447,685.344522
-548.810484,449,685.662524
-568.259214,425,685.964556
-563.185016,445,686.277607
-550.675503,452,686.616133
-554.07338,445,686.930132
-549.742151,448,687.244131
-539.531016,440,687.56366
-540.983459,443,690.14324
-537.948504,452,690.467366
-551.099546,447,690.789573
-533.143029,444,691.106574
-553.940142,444,691.422572
-548.968285,452,691.742573
-536.503686,437,692.051571
-554.598174,440,692.359624
-557.153921,447,692.680149
-552.788294,453,695.374748
-948.812128,459,695.704808
-940.748706,454,696.031809
-562.914165,441,696.348808
-538.498625,449,696.670809
-942.695245,457,696.995337
-958.482949,455,697.322334
-939.812905,463,697.649857
-537.018688,435,697.967384
-572.536342,437,700.639514
-559.387241,429,700.977569
-555.160698,448,701.293087
-537.691964,436,701.613086
-953.975202,457,701.939087
-541.682127,448,702.254139
-567.081665,444,702.568143
-549.806275,443,702.884702
-536.670771,441,703.194704
-535.999089,437,705.786569
-557.931654,439,706.103097
-559.088612,446,706.41662
-553.881672,434,706.724625
-542.486137,442,707.039623
-539.856774,447,707.35868
-562.230444,445,707.679202
-564.819637,440,707.99573
-546.677498,446,708.317728
-558.250935,438,708.633731
-933.360074,440,711.230298
-542.130566,439,711.551831
-543.785306,445,711.869374
-542.29042,444,712.184377
-557.537941,446,712.50643
-563.608483,438,712.81895
-549.164054,442,713.131
-553.844709,439,713.441531
-548.621481,440,713.758529
-548.961946,444,716.478193
-536.905459,447,716.810297
-543.97418,443,717.126295
-556.053973,440,717.445591
-535.399358,446,717.762588
-528.211598,446,718.081119
-942.552732,454,718.400151
-548.062397,445,718.713154
-553.811629,441,719.027154
-545.817337,440,721.618276
-553.70478,441,721.930276
-549.551589,444,722.2508
-563.830937,443,722.567315
-546.354986,437,722.875838
-535.225879,441,723.185869
-552.815556,446,723.506868
-558.22021,445,723.824869
-558.499411,443,724.139872
-544.105324,443,726.754863
-547.814697,439,727.067861
-553.846527,437,727.376864
-556.143799,441,727.693863
-558.26292,437,728.00486
-539.936051,448,728.328382
-559.603833,443,728.650909
-529.336938,438,728.976907
-541.477386,444,729.293911
-539.373794,443,729.606945
-552.673181,437,732.529124
-534.603222,443,732.847123
-542.146922,445,733.169124
-550.048773,443,733.496123
-535.863098,439,733.809162
-538.058642,439,734.126164
-957.444147,450,734.451164
-545.544849,443,734.771202
-947.559397,447,735.090728
-549.339766,443,737.71517
-538.02542,440,738.02617
-534.35801,438,738.339225
-536.847677,439,738.660225
-539.783843,443,738.975744
-535.95746,444,739.287755
-542.894503,446,739.610754
-549.834787,442,739.920279
-550.357753,442,740.2308
-540.31367,434,771.330165
-530.46063,441,771.708202
-535.945668,437,772.018204
-550.961384,443,772.333729
-550.24618,444,772.64973
-565.351603,445,772.963728
-562.482719,434,773.270244
-544.459108,445,773.584246
-539.168345,441,773.894619
-549.079291,447,774.211658
-945.25516,437,776.824768
-553.725526,445,777.140766
-554.487582,437,777.45182
-537.460096,433,777.76482
-532.00565,439,778.072819
-546.930213,444,778.38682
-528.615331,443,778.700817
-545.810514,439,779.009818
-555.621998,440,779.318883
-556.622005,439,781.94446
-542.591952,441,782.274502
-546.633915,440,782.588284
-527.03943,445,782.908813
-554.174146,442,783.221815
-550.450529,441,783.534815
-532.40523,441,783.846815
-538.875382,443,784.160856
-561.561434,439,784.472869
-554.04441,438,787.041007
-937.947535,432,787.355009
-556.251982,441,787.693065
-540.791954,444,788.012066
-541.062821,437,788.327065
-552.612799,439,788.64913
-541.576069,441,788.970656
-538.919177,441,789.287659
-536.697505,443,789.612659
-565.424302,437,789.921185
-568.884101,438,792.487232
-535.553376,446,792.807232
-560.221554,443,793.11723
-559.235865,438,793.426233
-540.150091,438,793.741232
-553.916088,437,794.047234
-543.876141,441,794.358232
-542.796356,440,794.667282
-530.506453,438,794.986287
-554.233286,436,797.618393
-551.505143,439,797.941391
-534.104807,443,798.263912
-531.593415,441,798.58591
-545.286228,446,798.903951
-531.272447,444,799.219006
-536.03357,444,799.535526
-535.09874,444,799.853047
-554.940973,441,800.167046
-554.963667,436,802.74659
-555.760455,439,803.054586
-540.628294,439,803.364108
-534.039195,441,803.687104
-532.948106,443,804.002106
-522.492488,435,804.312108
-534.013704,443,804.630109
-528.249901,444,804.946107
-538.925457,447,805.259104
-541.581208,449,805.580105
-521.473959,444,808.178715
-548.611643,443,808.501716
-533.93321,436,808.817303
-538.706072,441,809.134305
-533.917335,440,809.451303
-530.596836,437,809.763304
-534.70605,448,810.089305
-533.651806,443,810.400834
-543.423926,441,810.720835
-523.806583,446,813.323918
-533.199321,443,813.658919
-540.906234,442,813.994974
-540.128771,441,814.333974
-531.46447,447,814.680971
-538.652177,437,815.020971
-539.536614,440,815.366034
-542.112749,443,815.720035
-538.112923,443,816.073558
-530.140999,442,818.986475
-542.72221,442,819.314478
-531.767588,439,819.641475
-533.823664,446,819.978478
-805.263057,437,820.300493
-518.628997,442,820.655491
-521.019182,446,820.999931
-536.364727,444,821.334464
-535.448808,444,821.678001
-540.55559,444,824.47963
-546.395756,438,824.808149
-532.658064,444,825.144152
-539.248268,442,825.471685
-535.098464,442,825.799093
-528.64708,440,826.116091
-536.098975,441,826.445139
-528.236841,440,826.759142
-544.959165,445,827.080211
-519.986684,443,827.403214
-522.588875,443,830.214917
-524.303176,439,830.546482
-522.774324,439,830.881023
-537.503716,446,831.21608
-535.678554,437,831.548085
-530.128375,442,831.886127
-539.42119,440,832.214677
-533.156819,442,832.548203
-529.149798,439,832.888202
-537.177877,446,835.64348
-925.414102,448,835.981482
-535.782815,447,836.320477
-543.46973,444,836.655508
-929.30033,442,836.994508
-522.204458,446,837.331506
-523.1574,450,837.670038
-530.448168,444,838.002568
-527.157074,444,838.344096
-522.580587,450,841.125667
-530.220485,441,841.458185
-514.46549,447,841.794186
-528.314907,444,842.128366
-529.791916,448,842.463377
-517.295554,440,842.797567
-534.564726,446,843.135422
-514.687984,444,843.464267
-528.726161,447,843.808266
-531.165451,437,846.550429
-536.911843,447,846.889486
-532.043514,442,847.223486
-524.147297,447,847.559021
-544.15034,441,847.886018
-535.588585,445,848.213548
-926.506454,444,848.536546
-513.8447,445,848.87555
-529.240707,449,849.206078
-527.001227,451,849.541597
-521.362449,452,852.278234
-526.743274,445,852.611237
-530.473782,447,852.945759
-536.994955,448,853.277758
-521.732082,450,853.621758
-523.434515,447,853.961756
-528.478328,446,854.285757
-538.372375,447,854.614755
-523.57095,444,854.947327
-538.102738,444,857.697441
-522.830791,451,858.039442
-530.707445,451,858.376967
-527.274614,442,858.703966
-526.312358,446,859.059966
-501.036118,449,859.397966
-522.957325,449,859.728486
-524.757381,448,860.055484
-531.268112,445,860.378483
-525.734128,442,863.105047
-520.870246,448,863.442045
-519.589086,448,863.777577
-534.695228,446,864.113577
-923.904291,450,864.451098
-514.957342,447,864.784096
-524.595998,446,865.1161
-526.509162,448,865.447096
-518.042495,453,865.781157
-527.848415,448,868.531319
-545.991249,444,868.867316
-534.393002,439,869.204317
-524.774716,446,869.549317
-544.421845,448,869.893317
-526.615076,447,870.228371
-533.33263,446,870.55837
-532.726125,448,870.890897
-541.358284,448,871.214949
-538.540449,441,873.941593
-531.060686,448,874.280592
-530.059195,443,874.607635
-539.282511,444,874.936638
-924.44568,453,875.279637
-518.114197,448,875.614634
-524.435036,446,875.949635
-530.771561,442,876.282164
-510.252203,446,876.608164
-521.889009,453,879.349731
-525.341807,448,879.706731
-530.284499,443,880.04173
-521.200727,446,880.377729
-522.557112,446,880.728731
-515.886909,450,881.06579
-521.830676,446,881.39531
-533.842507,447,881.731311
-925.392767,456,882.06231
-519.700689,448,884.793367
-529.516912,446,885.141429
-533.602686,447,885.471958
-521.125794,443,885.799961
-522.904311,440,886.130957
-519.768722,451,886.464486
-528.949749,444,886.794487
-927.366141,456,887.14149
-526.914309,443,887.461008
-528.578712,442,887.786063
-523.557304,444,890.572644
-557.340961,449,890.905645
-529.203394,446,891.240645
-528.943777,441,891.572648
-535.905717,445,891.904163
-526.171069,445,892.233164
-540.58195,445,892.567164
-527.355267,442,892.887164
-535.915672,447,893.212682
-533.253911,443,895.947968
-534.635236,444,896.27497
-531.137294,441,896.600971
-521.573035,446,896.936026
-522.431167,446,897.268025
-533.73809,442,897.595081
-526.921356,444,897.930082
-519.837003,446,898.257084
-533.86273,444,898.577136
-525.752294,444,901.357705
-531.705695,447,901.687708
-516.761907,448,902.019765
-515.900927,446,902.354766
-526.541349,446,902.683766
-521.446955,441,903.008766
-546.998054,445,903.341767
-511.721614,445,903.666825
-516.96572,448,903.991882
-522.934868,444,906.707925
-768.121721,444,907.044449
-518.279726,443,907.373451
-521.94777,448,907.705486
-1017.718764,448,908.040545
-526.780165,447,908.371072
-544.407352,443,908.699072
-520.664419,441,909.03207
-773.619953,451,909.360074
-533.865414,446,912.085702
-531.440873,444,912.433758
-536.554364,447,912.763282
-530.474022,436,913.087281
-528.127948,440,913.418281
-516.989347,443,913.748812
-517.410539,447,914.081812
-529.853094,442,914.412812
-533.652161,449,914.739813
-523.160049,447,915.06534
-530.908872,442,917.791922
-520.112784,449,918.13144
-537.117309,447,918.465311
-525.183513,448,918.803307
-514.09981,448,919.190308
-523.070244,445,919.529858
-528.725076,446,919.864856
-527.872588,444,920.190856
-524.363937,449,920.524857
-519.564552,448,923.283953
-516.884678,447,923.619954
-524.85191,448,923.951955
-507.292759,449,924.292956
-522.106587,444,924.624529
-518.263327,448,924.958529
-511.426739,449,925.297533
-930.898557,456,925.633531
-514.393518,449,925.962575
-528.021354,444,928.695729
-508.929359,444,929.034732
-525.761838,447,929.368731
-522.726004,440,929.700783
-509.707664,448,930.045314
-525.529685,442,930.376313
-523.914988,452,930.726832
-520.419064,445,931.072834
-522.632876,446,931.39788
-516.088723,447,964.123816
-513.872466,447,964.518818
-510.599634,444,964.842817
-517.841829,452,965.174817
-519.858083,445,965.502818
-522.082551,444,965.825817
-516.094127,449,966.149814
-507.364775,448,966.477815
-509.992295,448,966.799336
-496.700035,451,967.12934
-519.660395,444,969.850926
-519.737289,447,970.176454
-517.104376,452,970.506451
-532.895417,448,970.83698
-521.116143,446,971.16098
-524.647745,441,971.483979
-525.702312,451,971.820981
-521.553968,451,972.166651
-513.365944,447,972.493649
-918.097579,455,975.215805
-519.350563,450,975.547806
-522.164828,445,975.873807
-509.079786,450,976.207326
-523.676854,447,976.536324
-517.97747,446,976.861328
-508.548139,448,977.188329
-507.222,449,977.521329
-516.287775,450,977.850328
-512.265495,445,980.571958
-526.459749,442,980.893958
-527.386118,453,981.221958
-528.880498,448,981.548958
-512.648063,448,981.880016
-516.163256,447,982.21555
-519.820822,449,982.55255
-515.128858,449,982.882548
-507.534906,445,983.20708
-515.424313,451,985.931178
-512.507006,445,986.255178
-512.244859,450,986.586175
-512.190387,449,986.940711
-512.12632,452,987.272238
-527.646143,450,987.601235
-519.148902,448,987.931237
-526.778459,445,988.259291
-513.271701,446,988.585351
-517.664005,448,991.300263
-510.433613,452,991.637266
-511.604687,444,991.960262
-513.120569,450,992.290264
-518.10986,452,992.644797
-513.038079,445,992.970794
-521.469825,442,993.292796
-521.578943,445,993.623853
-524.785103,453,993.953851
-521.727263,441,996.706035
-503.483566,441,997.037033
-510.621339,450,997.372037
-905.072036,454,997.704033
-520.826584,443,998.035083
-514.96349,450,998.366081
-522.499709,444,998.691601
-520.468001,447,999.021603
-511.575804,448,999.346602
-509.436438,449,999.674134
-515.456239,447,1002.421078
-514.339689,444,1002.754078
-521.193284,441,1003.08508
-515.889399,450,1003.4166
-512.062476,443,1003.740604
-513.388973,446,1004.066604
-515.673353,448,1004.393602
-512.020874,444,1004.721657
-519.215006,447,1005.048718
-508.805532,443,1007.780265
-521.108553,446,1008.107268
-503.343272,445,1008.429267
-500.766031,447,1008.759268
-517.566633,443,1009.089792
-501.989609,444,1009.415324
-532.075343,443,1009.73785
-517.610051,448,1010.069848
-519.78453,448,1010.39337
-502.221692,446,1013.157039
-513.85885,448,1013.493584
-513.161754,452,1013.833584
-524.922666,445,1014.168582
-522.482031,445,1014.508584
-522.098473,452,1014.843582
-505.698079,448,1015.182628
-523.383904,446,1015.526632
-523.331189,441,1015.857158
-517.544705,440,1018.605889
-516.868607,448,1018.945949
-518.519895,444,1019.280002
-509.57064,443,1019.610002
-514.502425,446,1019.95253
-532.678553,447,1020.288528
-510.838539,445,1020.621528
-509.201183,449,1020.965531
-498.870539,451,1021.30153
-501.951508,445,1024.092209
-516.21566,443,1024.429209
-510.202906,445,1024.762209
-503.7853,441,1025.09674
-517.146533,443,1025.429264
-511.633692,445,1025.764275
-521.616512,446,1026.101279
-512.231293,442,1026.440277
-517.653915,446,1026.780277
-511.676047,444,1027.113247
-498.142271,446,1029.870905
-511.91043,442,1030.20543
-499.104467,447,1030.542432
-515.672723,438,1030.873483
-503.465623,445,1031.214035
-513.740567,445,1031.559037
-512.644674,444,1031.891034
-497.073949,450,1032.231624
-516.497537,448,1032.568158
-509.211825,447,1035.350403
-520.457059,447,1035.683949
-513.050439,442,1036.02348
-529.527351,442,1036.354481
-514.819356,449,1036.692014
-509.206672,449,1037.034018
-506.014998,447,1037.372013
-503.158666,442,1037.698071
-521.030966,446,1038.033613
-502.220928,445,1040.828213
-503.812449,448,1041.171215
-519.087948,445,1041.507217
-498.821264,446,1041.839256
-511.637113,443,1042.174255
-512.347148,446,1042.525806
-507.264288,446,1042.866475
-506.074082,443,1043.20054
-512.828539,451,1043.543113
-501.816774,443,1046.313126
-505.904205,444,1046.648128
-513.904935,450,1046.994655
-498.664453,446,1047.334181
-500.563477,442,1047.662248
-519.860497,450,1048.006776
-511.38058,447,1048.345773
-503.724275,446,1048.681777
-499.697104,446,1049.021789
-509.080329,450,1051.791493
-515.483443,450,1052.121493
-511.664546,446,1052.448496
-507.348418,449,1052.775024
-506.608306,449,1053.11708
-506.567761,444,1053.45908
-504.709013,450,1053.795087
-501.904562,447,1054.162158
-499.648803,449,1054.506691
-902.851523,446,1057.263268
-514.598636,449,1057.591796
-509.385746,449,1057.918796
-510.42963,446,1058.249321
-504.67054,448,1058.578318
-503.940018,448,1058.932446
-499.610527,448,1059.265444
-498.140167,450,1059.6045
-514.493605,446,1059.940541
-514.04966,445,1060.278542
-517.203608,447,1063.016032
-513.068708,445,1063.361032
-511.547647,444,1063.687031
-510.885858,447,1064.020028
-496.003292,448,1064.38503
-501.69183,444,1064.72803
-509.091174,447,1065.064561
-510.863893,443,1065.396561
-506.271482,449,1065.731091
-500.861144,450,1068.459284
-528.747011,449,1068.791284
-491.304073,452,1069.122812
-515.183913,451,1069.456809
-508.817419,446,1069.796339
-506.110528,447,1070.138341
-497.770263,452,1070.479336
-517.243907,444,1070.823871
-501.752153,450,1071.163394
-495.602717,450,1073.90798
-494.700253,451,1074.246982
-499.765697,448,1074.590041
-500.48796,450,1074.934038
-499.607334,448,1075.273082
-513.252796,449,1075.612084
-502.882274,448,1075.950666
-506.425535,448,1076.292665
-511.6805,448,1076.626662
-506.989815,448,1079.369998
-509.373536,452,1079.702998
-505.744172,453,1080.032998
-498.779535,449,1080.361001
-497.374708,445,1080.692004
-512.338708,448,1081.025002
-513.23789,452,1081.363523
-902.637754,454,1081.708587
-511.477119,450,1082.047589
-514.085343,448,1084.783233
-502.925952,448,1085.12623
-504.305016,447,1085.454762
-497.207097,448,1085.782762
-496.721303,448,1086.121763
-502.451706,450,1086.459817
-500.591209,452,1086.796348
-512.881382,450,1087.137349
-501.761209,448,1087.471348
-910.083114,454,1090.205451
-492.75792,450,1090.544452
-502.000273,448,1090.870451
-899.718495,454,1091.211453
-493.516451,449,1091.549454
-509.184733,449,1091.884455
-496.993765,446,1092.220496
-500.253774,450,1092.560496
-501.533519,449,1092.891549
-499.748746,450,1095.645185
-501.576121,446,1095.971186
-496.435185,446,1096.299247
-513.356068,446,1096.624778
-504.29445,450,1096.956298
-495.368649,447,1097.292297
-505.141194,447,1097.622635
-505.163243,452,1097.959636
-504.176767,449,1098.299635
-504.955258,449,1101.0162
-492.11722,444,1101.346203
-501.035459,452,1101.673728
-506.081249,444,1101.997729
-505.868461,447,1102.331264
-487.897152,444,1102.655264
-909.639688,454,1102.995264
-506.855458,447,1103.334264
-507.774323,443,1103.662264
-508.43866,445,1103.992262
-493.241875,448,1106.727856
-495.72762,443,1107.054421
-498.81136,449,1107.390423
-503.09279,444,1107.716421
-501.876667,448,1108.043467
-514.424056,448,1108.380465
-504.187681,445,1108.712993
-503.940702,445,1109.059835
-501.222216,447,1109.392834
-499.84737,448,1112.103535
-487.728203,446,1112.429538
-498.862389,445,1112.753592
-491.704176,449,1113.085595
-497.997946,446,1113.410592
-501.559692,445,1113.73812
-504.523163,450,1114.074179
-495.322897,446,1114.408177
-899.352805,448,1114.739181
-512.664914,447,1117.488393
-502.025085,448,1117.817396
-507.326896,447,1118.143453
-502.251347,448,1118.473454
-508.259176,444,1118.800451
-504.763975,445,1119.129455
-511.825409,443,1119.46498
-497.248158,445,1119.799984
-503.949772,443,1120.126983
-506.238077,447,1122.863087
-516.135209,443,1123.186145
-501.742617,444,1123.509147
-497.898887,448,1123.837144
-496.495576,445,1124.163148
-498.959798,446,1124.490146
-496.384156,444,1124.817147
-500.855484,447,1125.157145
-492.872933,446,1125.492145
-502.267573,447,1158.590434
-507.67234,447,1158.99296
-497.83717,449,1159.330946
-504.616579,449,1159.662473
-499.600426,447,1160.003472
-496.299276,450,1160.342469
-496.875785,444,1160.666521
-509.716598,445,1160.994523
-515.042264,443,1161.319524
-501.134555,444,1161.641524
-493.315997,446,1164.386579
-508.654913,447,1164.717581
-507.152348,446,1165.047582
-497.036724,448,1165.386581
-503.062713,446,1165.717644
-494.69662,446,1166.046641
-496.018811,450,1166.375173
-514.244904,444,1166.699173
-500.823104,445,1167.039518
-496.516201,448,1169.826682
-511.211042,446,1170.160684
-498.779694,448,1170.497684
-512.122403,443,1170.840685
-518.701764,452,1171.188682
-500.005445,450,1171.590216
-501.47986,449,1171.942729
-502.916891,443,1172.277241
-500.372471,446,1172.601485
-497.97373,449,1175.345137
-496.320725,448,1175.677135
-499.503505,447,1176.011137
-500.696831,446,1176.347134
-501.889327,451,1176.680668
-489.186482,448,1177.013668
-502.10771,447,1177.361669
-494.242387,448,1177.695666
-502.086059,449,1178.022182
-507.446981,444,1180.765824
-504.329779,446,1181.097828
-497.514576,447,1181.431355
-503.238231,447,1181.776358
-898.872943,449,1182.110416
-494.879195,444,1182.451418
-501.204099,447,1182.788415
-495.7393,448,1183.117474
-504.54595,445,1183.441475
-503.774902,448,1186.208628
-490.520062,448,1186.539631
-496.0263,444,1186.87063
-499.385888,451,1187.210628
-489.032432,448,1187.55263
-500.380749,447,1187.89263
-500.049645,448,1188.23416
-493.830205,451,1188.561218
-500.920056,449,1188.896745
-490.340748,446,1191.64033
-493.262667,448,1191.974326
-482.221371,447,1192.306383
-501.234385,451,1192.645383
-487.025195,445,1192.97538
-503.350843,446,1193.311385
-492.501184,447,1193.646384
-494.658396,449,1193.977903
-491.211643,449,1194.304902
-495.001632,449,1194.633902
-500.698445,447,1197.377143
-504.378793,448,1197.711146
-503.080992,447,1198.061147
-500.75079,450,1198.396201
-491.709274,449,1198.726731
-499.485961,447,1199.059735
-502.207406,448,1199.390735
-494.671568,446,1199.709736
-499.049163,451,1200.040262
-494.617942,446,1202.788337
-501.943261,448,1203.121336
-493.855915,447,1203.460389
-498.249237,452,1203.796392
-503.200194,445,1204.125392
-499.652357,449,1204.465388
-892.499103,448,1204.797924
-501.455595,448,1205.123925
-494.87533,450,1205.45845
-495.246095,448,1208.20753
-506.461326,448,1208.545062
-499.081319,447,1208.880591
-494.01957,446,1209.213588
-491.764588,451,1209.548116
-506.764022,448,1209.885115
-502.458144,446,1210.218112
-504.859654,451,1210.545116
-502.468361,449,1210.876175
-493.269507,450,1213.636317
-504.804869,446,1213.966383
-489.285805,453,1214.309384
-503.622753,443,1214.637385
-503.751306,452,1214.971912
-512.596285,446,1215.321908
-507.991614,448,1215.65091
-498.351581,448,1215.987909
-496.293737,447,1216.325966
-497.342268,448,1219.127611
-507.188973,449,1219.466614
-502.630502,449,1219.806615
-500.762243,452,1220.149613
-496.729814,449,1220.490725
-492.84816,450,1220.829722
-492.04118,446,1221.161721
-497.972116,447,1221.495726
-504.276889,453,1221.83978
-503.962075,451,1224.601421
-493.38877,448,1224.939421
-499.663988,450,1225.28344
-497.72866,449,1225.621509
-493.753333,447,1225.955506
-502.244083,448,1226.297507
-499.986114,446,1226.632033
-504.839247,451,1226.968561
-488.91547,447,1227.308562
-491.548114,448,1230.12061
-503.002837,449,1230.460612
-507.155519,449,1230.795608
-501.246162,447,1231.1327
-502.797123,448,1231.470206
-498.1385,447,1231.811205
-509.237193,449,1232.146203
-491.157146,452,1232.48773
-494.171721,452,1232.83173
-502.234176,452,1233.169729
-500.530458,450,1235.966048
-494.220429,451,1236.304049
-508.962488,449,1236.64313
-491.131229,452,1236.986131
-496.376287,452,1237.32713
-501.287898,451,1237.664146
-497.783462,449,1238.000721
-492.616063,449,1238.342721
-485.404527,449,1238.674774
-497.296888,448,1241.508427
-493.431772,451,1241.851955
-502.321462,449,1242.186481
-496.465208,451,1242.533477
-502.922414,453,1242.872481
-490.735398,451,1243.21248
-491.014659,452,1243.564481
-491.772281,448,1243.901481
-503.163639,449,1244.237481
-496.950885,452,1247.007047
-896.170376,455,1247.354571
-487.747527,451,1247.692168
-490.691759,453,1248.036168
-494.76345,451,1248.379165
-504.871784,453,1248.730167
-893.291011,454,1249.083697
-902.940498,454,1249.452697
-498.662273,451,1249.793751
-500.4166,451,1252.557463
-495.941453,452,1252.886982
-493.951851,452,1253.218983
-904.074672,455,1253.556983
-496.995345,449,1253.885
-488.801581,452,1254.219003
-497.059615,450,1254.556538
-492.615006,452,1254.884595
-490.304717,451,1255.233591
-506.091893,450,1257.958172
-496.885013,450,1258.286172
-495.238184,450,1258.617216
-492.942502,449,1258.946744
-502.864403,453,1259.280746
-504.588343,449,1259.628742
-507.295813,449,1259.96427
-491.332063,450,1260.293271
-487.902314,449,1260.632269
-503.642652,451,1263.36039
-495.122654,453,1263.692391
-496.755337,446,1264.02039
-504.878527,450,1264.357914
-500.741639,452,1264.690444
-496.044222,449,1265.02197
-495.336601,449,1265.355025
-489.523456,450,1265.687023
-497.828869,451,1266.025552
-490.485917,451,1268.747608
-503.502941,448,1269.073665
-496.705143,450,1269.40472
-492.16677,450,1269.747726
-491.650443,451,1270.086784
-492.53869,451,1270.418784
-493.242462,451,1270.751783
-499.390234,449,1271.076781
-504.629097,449,1271.410783
-497.869729,449,1274.138405
-490.845825,448,1274.469461
-500.856638,449,1274.800462
-490.730875,448,1275.137576
-491.869552,452,1275.470577
-503.454297,449,1275.800715
-492.159231,449,1276.132236
-893.039576,453,1276.468235
-500.394744,449,1276.798239
-488.351712,451,1279.543132
-491.108002,453,1279.880128
-504.079133,451,1280.225658
-497.960462,448,1280.559659
-502.357428,449,1280.885187
-484.870059,447,1281.214187
-494.232471,449,1281.554712
-893.787895,450,1281.886714
-508.380692,451,1282.217246
-511.817911,451,1284.95893
-508.82939,448,1285.286518
-500.710978,451,1285.614575
-489.104246,452,1285.948574
-497.629828,450,1286.277574
-486.550525,449,1286.603575
-500.095653,450,1286.934574
-499.010545,449,1287.290571
-497.129699,452,1287.622095
-499.946353,452,1290.372305
-491.344625,451,1290.701306
-505.21203,449,1291.028309
-489.072159,452,1291.366364
-492.012831,452,1291.698365
-498.112374,449,1292.023424
-890.425101,454,1292.352423
-499.390025,452,1292.683952
-897.620831,454,1293.015008
-491.94976,450,1293.348004
-501.570338,449,1296.072714
-492.193407,448,1296.398715
-493.384026,447,1296.727236
-492.582023,451,1297.056236
-501.902999,449,1297.38424
-506.216056,449,1297.715237
-501.091069,448,1298.045293
-492.630484,449,1298.375295
-496.148269,448,1298.699301
-501.587593,451,1301.481925
-496.572004,447,1301.815923
-504.085468,449,1302.14098
-502.974509,450,1302.46998
-500.194753,449,1302.796977
-489.938309,450,1303.120979
-493.354069,450,1303.45404
-510.875377,450,1303.783038
-499.678626,448,1304.108041
-498.654152,447,1306.84215
-489.941102,452,1307.174151
-510.216936,449,1307.498353
-488.447762,448,1307.829355
-495.899734,447,1308.153355
-498.698897,449,1308.482357
-491.009268,450,1308.822414
-493.894019,450,1309.14941
-504.682941,451,1309.476413
-495.116738,448,1312.221521
-498.897194,450,1312.545581
-490.892812,448,1312.874625
-494.045923,450,1313.205625
-492.500065,446,1313.529627
-499.561497,449,1313.855628
-497.173312,446,1314.183628
-481.345106,450,1314.508672
-494.394026,448,1314.835672
-496.491833,451,1317.574246
-492.521418,450,1317.902247
-900.060157,456,1318.234246
-493.34721,449,1318.564246
-490.497759,448,1318.889246
-495.385324,447,1319.216247
-482.759856,449,1319.545242
-489.536083,449,1319.873246
-495.812076,447,1320.201296
-494.948198,448,1353.016875
-497.761512,446,1353.413875
-496.09678,448,1353.744877
-497.064314,449,1354.090936
-497.901115,452,1354.431937
-486.504421,450,1354.763939
-494.939589,447,1355.097937
-489.162768,451,1355.432985
-746.164633,450,1355.764982
-492.57202,448,1356.099983
-497.85735,451,1358.819099
-486.658813,449,1359.149107
-500.696439,449,1359.50063
-487.119201,449,1359.83663
-485.205546,448,1360.16763
-487.453803,450,1360.502627
-891.388736,454,1360.843155
-496.121509,449,1361.17816
-498.854059,446,1361.512156
-494.201471,444,1364.254337
-498.280895,447,1364.580336
-489.53542,448,1364.922871
-492.040547,447,1365.266886
-498.582535,446,1365.598417
-487.423666,450,1365.932419
-498.835169,446,1366.268949
-489.771589,450,1366.605946
-500.68288,448,1366.937948
-483.149733,447,1369.655071
-493.859453,448,1369.981071
-492.602993,446,1370.314106
-488.647762,447,1370.665168
-503.529109,448,1370.994167
-496.553794,447,1371.329168
-488.916292,447,1371.664166
-496.180764,448,1371.995743
-498.568096,447,1372.339796
-498.355224,449,1375.081432
-492.699642,447,1375.408432
-493.913536,449,1375.735964
-493.946892,449,1376.087965
-497.862967,449,1376.416963
-494.978414,447,1376.748966
-489.812715,448,1377.082964
-491.61666,445,1377.414496
-488.851399,447,1377.744548
-492.768227,448,1380.476084
-494.401274,446,1380.801082
-490.257713,449,1381.127603
-488.601193,451,1381.483623
-486.936718,448,1381.818014
-496.543668,447,1382.151015
-485.712069,449,1382.487017
-499.17237,449,1382.841017
-492.030502,450,1383.180013
-491.161554,448,1385.912666
-499.262499,450,1386.239663
-492.17118,448,1386.574201
-493.084516,448,1386.906202
-489.380544,447,1387.248949
-499.933312,448,1387.579472
-490.014513,446,1387.907999
-488.834023,447,1388.248996
-481.804801,449,1388.583998
-488.684334,451,1391.310528
-501.094218,451,1391.637529
-490.300482,446,1391.96256
-490.774655,449,1392.296084
-489.208828,448,1392.647603
-496.424052,450,1392.993602
-493.006185,448,1393.33366
-486.958101,449,1393.67066
-482.736573,448,1393.99766
-484.141079,448,1394.33118
-492.886643,449,1397.061232
-487.718793,444,1397.388232
-493.799636,450,1397.71628
-495.32502,449,1398.067277
-499.15851,447,1398.405807
-499.210342,447,1398.739356
-485.154594,449,1399.079337
-484.577963,447,1399.41686
-495.705262,450,1399.754857
-489.728761,448,1402.484906
-482.80213,448,1402.812941
-494.137155,451,1403.146941
-492.159499,449,1403.505942
-488.44128,446,1403.839491
-487.713979,448,1404.173493
-488.020598,449,1404.515549
-498.96105,447,1404.847113
-491.681819,449,1405.182114
-488.598064,449,1407.921219
-483.386615,448,1408.247219
-491.904586,446,1408.574278
-498.149952,451,1408.91128
-489.170218,448,1409.257319
-490.551246,448,1409.601366
-491.974945,448,1409.938425
-489.297271,449,1410.274423
-490.205845,448,1410.620425
-494.514371,448,1413.376525
-491.002903,450,1413.720528
-886.975973,448,1414.049057
-487.653978,448,1414.377054
-489.859675,452,1414.730056
-492.644234,449,1415.061054
-488.857107,450,1415.401095
-490.507744,450,1415.734097
-492.870075,450,1416.068095
-491.575587,449,1418.831198
-741.514277,449,1419.166196
-494.618246,449,1419.507713
-497.877896,448,1419.845244
-488.80951,449,1420.183244
-490.947318,446,1420.523247
-483.090248,449,1420.869767
-493.739862,446,1421.208301
-490.177984,449,1421.547302
-491.844569,448,1424.352527
-478.432686,448,1424.688056
-486.27355,449,1425.024057
-487.617994,449,1425.366058
-487.412603,448,1425.709052
-483.409022,450,1426.05611
-488.910148,448,1426.392113
-491.823661,452,1426.732636
-485.46424,448,1427.074638
-487.449613,449,1429.844884
-494.704149,447,1430.179932
-485.852591,449,1430.52193
-491.557746,447,1430.863933
-493.318168,448,1431.201933
-492.428899,448,1431.545459
-490.230403,447,1431.890513
-491.240579,449,1432.224567
-489.099538,449,1432.573564
-493.111104,449,1432.903159
-485.088339,449,1435.661799
-488.339188,452,1436.001802
-487.72482,448,1436.330856
-480.428104,449,1436.665857
-488.537597,449,1437.004902
-487.249746,450,1437.338901
-481.434879,450,1437.674901
-483.325539,449,1438.011953
-498.894785,451,1438.348001
-482.087504,449,1441.129192
-493.09498,453,1441.484728
-486.74372,451,1441.824258
-486.744276,450,1442.163311
-483.660789,449,1442.511844
-489.47256,447,1442.850843
-488.709302,450,1443.202843
-487.769444,451,1443.551382
-486.105239,450,1443.891907
-487.912266,450,1446.688456
-493.349501,451,1447.026454
-489.124822,450,1447.365977
-480.006906,452,1447.715976
-488.23394,450,1448.058506
-479.937579,452,1448.398505
-488.245792,449,1448.735507
-493.977941,449,1449.078504
-489.426589,449,1449.424567
-882.989321,455,1452.206506
-496.093019,449,1452.543507
-495.596436,450,1452.880505
-485.83391,452,1453.223565
-479.670345,453,1453.568566
-485.212583,450,1453.896107
-480.513201,452,1454.226108
-488.580053,450,1454.572399
-487.831059,451,1454.909925
-484.118287,449,1457.649971
-482.642656,451,1457.984971
-490.316996,449,1458.317973
-479.951393,451,1458.661971
-486.373678,448,1458.998015
-486.432616,451,1459.328019
-484.913954,449,1459.659547
-489.412886,450,1459.991547
-490.944716,450,1460.320074
-488.467109,450,1463.050184
-493.959647,448,1463.380183
-486.615703,447,1463.714183
-481.233442,448,1464.044717
-479.785632,448,1464.380243
-494.170755,448,1464.716302
-487.484204,449,1465.0543
-489.215317,451,1465.389303
-484.727235,448,1465.716824
-488.263238,448,1468.457491
-493.415774,450,1468.794492
-486.733336,451,1469.127544
-487.497303,451,1469.466545
-479.300074,449,1469.806547
-483.842344,448,1470.139544
-493.359408,446,1470.460597
-495.957115,448,1470.793595
-482.595382,450,1471.123122
-485.40588,449,1473.86403
-489.314382,448,1474.198559
-487.90576,449,1474.531559
-485.66104,452,1474.874604
-485.579413,449,1475.2216
-488.673517,450,1475.559603
-483.105646,449,1475.886602
-480.627335,449,1476.222607
-487.310857,448,1476.566602
-488.100839,450,1479.311198
-496.393983,446,1479.6442
-487.944285,449,1479.980199
-478.714936,451,1480.311727
-883.36368,448,1480.650264
-483.785579,452,1480.994264
-485.085739,450,1481.320788
-488.705675,451,1481.669791
-485.408961,448,1481.995317
-476.344453,449,1482.320313
-484.93454,448,1485.072438
-490.021341,448,1485.411956
-479.605461,447,1485.750485
-492.277493,451,1486.093482
-487.463494,450,1486.426481
-485.541587,448,1486.758485
-487.581575,450,1487.092484
-483.05182,447,1487.415539
-491.492218,450,1487.744537
-483.790178,450,1490.537584
-499.677581,449,1490.873589
-488.364608,450,1491.212585
-487.25154,448,1491.553642
-490.652782,447,1491.887643
-486.3629,449,1492.222644
-484.960204,450,1492.55817
-481.893551,448,1492.888173
-480.983275,449,1493.215172
-482.827416,450,1495.976771
-478.362839,449,1496.30577
-484.781381,449,1496.639771
-478.484849,451,1496.977292
-484.775234,449,1497.306297
-485.693066,448,1497.637295
-485.135898,448,1497.967295
-485.925258,451,1498.294296
-484.58736,447,1498.617295
-490.755995,451,1501.351475
-480.010933,450,1501.695476
-478.614658,450,1502.069479
-482.811275,449,1502.423
-486.66433,449,1502.778055
-483.937198,451,1503.155055
-485.579324,448,1503.488055
-478.622779,449,1503.816586
-485.930922,449,1504.147585
-471.546993,451,1506.929314
-481.892667,450,1507.265313
-477.446264,451,1507.605313
-879.335483,450,1507.942366
-488.911587,448,1508.274369
-483.943952,452,1508.610368
-475.790838,451,1508.946368
-480.90411,449,1509.270894
-491.186834,449,1509.593895
-478.538801,451,1512.334997
-475.803993,451,1512.673998
-482.49344,452,1513.012995
-480.075014,451,1513.353034
-478.96792,451,1513.690035
-481.161903,451,1514.026035
-478.608149,449,1514.361035
-488.061143,450,1514.688035
-485.930637,448,1515.01309
-486.393205,447,1547.833902
-482.174098,449,1548.227901
-484.727809,451,1548.555901
-476.932072,452,1548.889957
-487.21381,450,1549.217955
-483.921881,450,1549.558504
-480.202194,449,1549.888504
-477.480328,448,1550.221505
-486.849818,448,1550.551032
-483.552769,450,1550.899334
-481.670771,450,1553.622905
-479.545737,452,1553.952902
-880.176698,454,1554.288947
-485.037867,450,1554.618951
-481.387564,450,1554.945953
-479.717662,450,1555.274948
-486.082342,452,1555.61595
-879.26389,451,1555.945951
-481.949141,449,1556.296966
-476.823149,450,1559.033073
-482.321343,448,1559.36007
-484.890519,448,1559.6886
-482.766986,451,1560.021596
-486.373373,451,1560.351599
-482.853751,450,1560.6806
-478.902255,452,1561.014118
-480.10594,448,1561.350115
-479.571019,451,1561.697159
-479.719709,450,1564.42022
-477.661862,450,1564.748742
-476.721616,450,1565.080261
-484.017606,451,1565.41226
-480.925648,447,1565.739306
-483.117236,449,1566.068824
-876.952004,451,1566.401823
-483.220427,452,1566.730881
-487.349964,449,1567.066401
-479.309199,451,1569.796515
-477.20541,451,1570.124516
-476.492834,449,1570.450515
-485.503753,450,1570.781564
-475.036626,451,1571.115559
-486.088484,451,1571.448562
-473.10085,449,1571.777562
-476.328991,449,1572.104561
-492.910343,450,1572.437563
-473.400936,451,1575.155676
-482.884703,453,1575.486677
-478.574895,448,1575.814676
-481.425652,451,1576.143733
-488.296406,448,1576.476734
-482.475798,451,1576.805731
-484.733477,450,1577.140733
-473.237016,449,1577.469775
-482.037202,449,1577.807771
-483.132994,452,1580.54143
-486.394138,450,1580.87143
-473.762614,451,1581.200959
-475.045309,452,1581.538483
-483.764272,450,1581.872488
-477.642259,451,1582.203547
-487.648698,450,1582.542068
-486.040215,451,1582.876587
-475.767702,450,1583.203588
-476.879823,451,1585.922832
-467.019712,453,1586.25491
-473.473369,453,1586.584909
-480.096633,449,1586.913909
-477.525224,449,1587.237965
-476.564039,451,1587.566966
-479.849892,449,1587.900964
-471.874489,453,1588.248027
-480.563658,449,1588.578024
-481.122984,451,1591.294305
-480.007848,452,1591.630829
-479.834815,450,1591.959877
-475.692521,451,1592.291873
-477.289161,449,1592.620399
-479.430264,449,1592.951397
-483.945146,451,1593.279397
-478.124467,451,1593.617401
-471.35755,451,1593.945925
-478.609983,451,1596.674934
-476.884036,450,1597.001933
-480.421042,451,1597.328996
-480.918839,452,1597.665993
-475.733698,451,1597.996514
-479.190107,449,1598.334513
-480.465928,451,1598.676511
-476.749448,452,1599.008515
-480.814154,450,1599.347577
-479.83402,448,1602.07983
-473.246255,452,1602.406359
-478.433212,451,1602.735363
-472.725286,450,1603.064363
-472.521686,450,1603.396362
-475.506607,450,1603.728361
-478.628765,448,1604.05988
-488.466874,449,1604.391939
-477.395003,453,1604.724469
-483.397965,449,1605.050469
-481.39617,452,1607.788729
-477.352473,451,1608.119728
-475.581113,451,1608.45073
-478.559618,451,1608.801256
-476.255767,450,1609.131257
-472.543541,448,1609.458256
-478.489238,452,1609.797257
-480.027934,451,1610.126785
-472.753303,453,1610.458784
-477.045087,449,1613.19841
-474.598606,451,1613.528409
-472.268811,450,1613.856408
-469.92629,450,1614.189456
-474.784802,451,1614.516454
-474.796868,451,1614.845454
-474.008404,449,1615.184453
-473.079388,451,1615.512507
-467.917254,448,1615.842508
-473.237815,450,1618.559134
-481.604735,452,1618.917841
-481.536946,451,1619.262368
-878.522676,454,1619.607365
-476.874486,450,1619.943367
-477.173194,452,1620.279367
-469.785405,449,1620.62089
-483.299994,450,1620.956444
-473.182138,450,1621.290444
-472.841955,449,1624.056858
-477.569662,450,1624.394858
-479.271771,451,1624.736376
-476.386387,450,1625.083899
-475.358431,449,1625.425901
-479.509821,450,1625.766423
-477.382652,449,1626.116425
-477.678337,449,1626.455533
-474.652546,448,1626.791532
-476.851561,451,1629.575701
-477.955382,449,1629.970698
-477.449323,452,1630.315226
-479.917035,450,1630.66123
-483.289036,452,1631.003759
-475.30035,450,1631.352761
-473.128264,449,1631.696802
-477.026851,447,1632.035384
-473.725284,450,1632.372931
-477.368397,449,1635.142552
-479.517748,446,1635.478553
-475.806449,450,1635.830552
-475.6661,450,1636.17155
-477.512563,450,1636.505552
-485.523432,449,1636.847556
-480.800195,451,1637.200551
-479.47239,450,1637.541081
-476.867422,448,1637.875118
-480.150812,451,1640.656281
-472.894921,451,1640.994279
-471.158466,450,1641.334281
-481.398416,450,1641.67234
-472.750784,448,1642.011338
-473.249234,451,1642.359404
-475.490765,447,1642.695401
-482.886403,450,1643.036934
-481.153064,448,1643.373466
-475.788586,449,1646.17039
-474.402124,450,1646.506387
-473.564503,452,1646.848933
-482.78243,449,1647.182459
-469.831215,449,1647.520011
-475.918203,450,1647.868011
-473.578259,450,1648.215067
-481.59039,451,1648.560067
-484.740924,450,1648.906068
-481.461921,451,1651.697682
-473.19405,449,1652.040683
-474.271495,450,1652.382698
-477.001245,449,1652.720253
-472.057012,451,1653.05725
-471.805118,450,1653.400787
-484.440545,451,1653.739787
-480.086013,450,1654.076784
-477.445781,449,1654.417787
-472.44357,451,1657.200382
-478.404661,451,1657.533382
-472.84957,449,1657.861443
-482.660053,447,1658.191443
-474.187612,450,1658.516442
-477.447534,450,1658.86349
-471.624268,449,1659.202016
-471.875189,450,1659.539538
-484.130448,450,1659.891541
-477.573625,450,1660.238538
-475.992032,451,1662.958631
-474.243004,451,1663.292634
-480.950952,450,1663.621631
-473.844278,450,1663.950633
-474.852302,449,1664.305166
-483.108668,451,1664.641695
-475.194427,452,1664.978696
-481.563065,451,1665.318695
-478.131708,451,1665.654696
-876.477544,451,1668.38528
-484.001806,450,1668.718799
-473.298836,451,1669.047803
-476.258055,449,1669.374802
-473.873375,450,1669.723802
-480.510029,452,1670.078859
-480.660515,451,1670.430383
-472.808123,451,1670.767386
-477.986309,450,1671.102386
-478.13395,449,1673.821435
-475.115648,451,1674.154966
-479.46162,450,1674.481965
-476.682627,450,1674.810965
-473.107529,452,1675.154967
-474.033021,450,1675.499494
-476.525001,451,1675.834491
-478.518465,450,1676.175493
-479.443698,449,1676.507018
-474.547985,451,1679.228595
-482.131522,450,1679.561654
-480.260665,451,1679.888653
-478.851358,449,1680.219654
-482.36367,451,1680.572658
-486.452847,451,1680.930671
-476.135217,450,1681.271673
-482.485108,450,1681.607671
-471.769749,450,1681.954203
-476.732379,450,1684.70091
-476.660112,448,1685.027973
-469.451826,452,1685.35697
-474.930916,450,1685.68397
-482.498596,448,1686.014974
-479.89597,450,1686.373018
-472.328497,449,1686.704021
-480.766246,448,1687.039019
-480.401646,451,1687.380873
-482.314451,450,1690.107103
-479.206119,451,1690.438102
-976.87022,451,1690.77863
-480.602808,450,1691.119629
-474.821287,451,1691.454153
-473.018419,450,1691.801159
-479.593841,450,1692.140757
-475.45688,451,1692.478757
-474.896145,452,1692.812756
-473.621594,449,1695.53734
-475.763991,451,1695.864342
-474.17128,453,1696.200342
-479.804964,449,1696.53734
-480.310683,451,1696.873341
-474.193504,449,1697.223865
-469.679951,452,1697.56428
-471.385598,451,1697.902328
-477.101177,450,1698.23833
-478.203149,451,1700.955526
-477.130832,451,1701.305525
-482.91692,449,1701.631581
-471.037655,452,1701.958585
-471.287012,451,1702.292624
-475.830007,449,1702.628624
-471.073926,452,1702.97969
-469.73694,451,1703.326692
-473.138875,451,1703.661748
-475.850411,450,1706.39337
-474.535077,450,1706.72463
-475.498679,450,1707.055686
-477.806714,450,1707.383685
-474.216927,450,1707.714684
-480.682926,449,1708.047683
-469.761477,450,1708.402687
-465.554792,450,1708.744203
-476.093506,450,1709.079201
-474.471802,451,1742.339905
-474.653864,451,1742.744426
-484.793174,450,1743.075427
-472.037055,452,1743.419425
-477.211692,453,1743.756951
-478.412821,451,1744.081948
-471.597255,451,1744.428477
-473.26869,449,1744.754535
-475.665777,450,1745.081526
-468.962565,451,1745.411092
-470.042857,451,1748.132567
-471.629601,451,1748.467566
-471.445989,451,1748.806622
-471.814306,451,1749.139682
-473.094224,452,1749.470681
-479.229512,452,1749.803682
-473.603394,451,1750.133682
-480.432146,451,1750.464725
-475.71539,451,1750.793727
-472.527805,450,1753.570756
-473.034965,452,1753.912817
-473.861428,452,1754.252816
-472.464445,452,1754.587817
-477.095766,452,1754.918813
-473.560811,453,1755.250815
-479.827546,451,1755.580863
-477.078468,450,1755.907924
-477.209828,452,1756.23598
-482.03666,453,1758.977216
-479.660535,451,1759.315215
-474.918467,453,1759.658214
-881.569628,451,1759.993744
-474.488164,451,1760.328747
-472.675646,450,1760.657275
-472.923154,452,1760.986272
-475.464071,451,1761.314274
-475.996482,451,1761.6398
-474.811926,452,1764.392908
-471.468061,453,1764.731905
-477.517336,453,1765.071906
-467.646865,452,1765.409906
-474.85565,452,1765.747946
-472.626067,452,1766.077427
-471.191982,452,1766.411488
-870.763625,454,1766.745489
-476.069239,452,1767.074488
-473.123518,450,1769.814527
-472.779298,452,1770.151053
-475.751642,453,1770.495054
-470.761598,451,1770.83257
-476.914473,451,1771.168625
-477.520863,450,1771.500624
-473.03437,451,1771.836626
-477.375355,450,1772.163625
-471.349506,451,1772.499152
-482.314782,451,1775.262758
-479.251545,450,1775.597755
-474.647593,452,1775.939273
-474.953661,450,1776.275794
-479.006823,452,1776.610315
-475.341001,449,1776.943317
-474.513648,450,1777.276318
-470.112785,449,1777.605319
-479.445519,449,1777.934318
-474.450796,451,1780.673942
-477.069242,452,1781.009472
-471.186165,449,1781.347472
-471.321492,451,1781.686469
-469.733767,451,1782.018995
-466.834755,452,1782.356998
-473.241244,452,1782.687996
-470.947219,451,1783.024053
-478.247112,451,1783.367118
-473.810323,452,1786.184364
-470.934145,450,1786.520365
-472.31039,452,1786.863366
-473.435799,452,1787.201364
-474.114942,453,1787.54189
-473.09791,452,1787.886889
-475.118475,451,1788.216889
-479.904769,452,1788.547889
-476.683746,451,1788.878946
-474.551814,452,1791.624345
-469.103853,449,1791.959345
-483.446741,451,1792.300874
-470.572474,452,1792.635872
-477.143629,449,1792.971932
-472.751662,451,1793.322931
-474.478573,452,1793.661931
-466.855112,452,1793.991929
-480.430284,450,1794.321992
-476.335567,452,1797.053195
-479.631342,449,1797.389196
-474.86502,451,1797.731195
-472.35542,450,1798.067193
-479.126268,451,1798.404725
-476.584183,449,1798.745727
-475.831283,450,1799.074728
-477.54294,451,1799.405728
-474.759225,449,1799.733726
-476.170549,451,1802.489528
-469.724698,451,1802.829528
-471.430524,450,1803.164052
-472.711193,450,1803.501053
-478.744099,449,1803.852115
-474.58554,450,1804.198117
-473.625894,450,1804.529115
-472.679923,450,1804.857114
-477.572252,451,1805.187117
-473.228517,452,1807.912231
-472.9375,451,1808.251231
-472.305814,450,1808.589231
-472.83059,449,1808.928285
-476.179484,451,1809.270813
-479.283565,450,1809.609813
-476.707858,451,1809.942854
-472.588825,450,1810.271858
-479.94253,451,1810.601383
-469.622853,450,1810.933383
-474.633444,451,1813.684525
-468.411408,451,1814.042054
-467.684167,450,1814.389055
-478.68857,450,1814.722579
-485.192773,450,1815.064579
-475.675365,450,1815.401635
-470.172423,451,1815.728637
-475.491245,449,1816.059635
-475.926676,449,1816.390639
-481.000253,449,1819.127262
-477.149186,450,1819.466261
-472.772767,449,1819.798261
-479.37637,451,1820.141263
-475.541409,449,1820.481796
-475.809004,448,1820.813796
-479.390465,450,1821.156795
-470.143009,452,1821.503844
-480.781312,450,1821.838901
-477.824829,450,1824.634597
-471.735532,450,1824.999595
-470.385358,451,1825.341665
-473.420636,451,1825.680673
-477.5693,450,1826.022671
-472.681584,450,1826.364668
-471.691725,451,1826.705193
-474.310038,451,1827.048716
-474.877982,451,1827.387772
-475.947172,450,1830.147338
-475.398273,450,1830.485334
-470.699022,450,1830.825375
-473.67645,451,1831.163897
-475.075776,451,1831.513893
-470.718971,450,1831.854894
-477.649734,450,1832.190919
-473.055168,451,1832.547973
-475.128915,450,1832.88797
-471.454947,451,1835.70256
-467.950866,450,1836.04356
-474.125429,449,1836.383602
-475.933127,451,1836.724594
-474.411848,448,1837.064121
-474.574474,452,1837.403642
-469.536362,451,1837.741701
-469.794916,451,1838.085701
-474.301027,451,1838.425388
-470.961106,449,1841.189364
-473.886982,451,1841.536932
-481.37012,450,1841.883461
-477.249214,451,1842.227465
-467.654302,450,1842.566532
-470.923152,449,1842.903528
-472.997745,450,1843.249062
-478.146102,449,1843.588608
-466.798533,451,1843.926607
-464.244833,451,1846.740201
-472.662923,451,1847.0812
-472.348292,450,1847.418722
-474.735138,450,1847.762723
-474.562719,449,1848.099721
-465.805194,452,1848.44172
-472.830404,451,1848.785724
-475.930775,450,1849.125722
-472.704249,449,1849.461724
-470.624456,450,1852.233855
-469.484079,449,1852.577917
-470.74306,450,1852.917979
-472.339646,452,1853.260503
-466.350788,452,1853.600504
-473.208624,451,1853.941503
-471.046085,450,1854.28703
-473.712345,450,1854.626558
-473.122321,448,1854.965561
-465.692821,449,1857.754154
-469.240194,449,1858.082159
-472.129943,450,1858.412677
-469.663316,450,1858.744679
-473.760124,451,1859.07368
-465.147698,451,1859.405679
-467.10864,451,1859.738211
-467.393532,453,1860.069206
-467.880016,450,1860.400207
-470.55651,452,1863.194363
-473.098653,451,1863.539364
-478.192749,451,1863.905885
-470.372854,451,1864.234417
-468.689998,452,1864.563415
-473.187095,449,1864.887417
-471.002133,450,1865.22894
-470.809845,450,1865.568941
-469.063837,452,1865.895941
-469.265818,449,1866.245999
