# {"t_start": 1566241764.8861604, "env_id": "SignalizedEco-v1"} 
r,l,t
-2686.071134,2063,144.010853
-1934.173623,2935,146.195952
-1427.37088,2422,150.850191
-5200.219797,2841,155.174015
-920.098924,2512,156.972016
-925.147228,1422,157.988017
-3181.686138,3038,162.471679
-9437.516081,2761,166.713826
-4175.539237,2422,168.441865
-3164.473796,1781,172.008849
-924.947787,2533,176.085022
-1688.382842,3004,178.233585
-3431.695624,2775,182.668259
-2686.912624,3084,187.131353
78.010413,1899,188.498909
-3187.267911,2286,192.8519
-910.026993,1601,194.000434
-672.386923,2423,198.014873
-160.068176,1396,199.015393
-6430.413133,2417,203.061078
-1415.888908,1675,204.263114
-5179.405038,1992,208.013752
-166.294458,1512,209.110753
-673.960564,2254,210.756464
-3680.008773,2390,214.919855
-2167.93854,2094,218.833503
-1432.888719,2305,220.501432
-414.130701,1471,221.562967
-919.116855,1704,225.096033
-666.193627,1610,226.254595
-416.905067,2186,230.126553
-432.483292,2780,232.177781
-1167.563655,1701,235.956761
-2173.928812,1660,237.161774
-163.318415,1346,240.465902
-673.861374,2040,241.942877
-3184.667191,1854,245.614472
70.620895,1932,247.075532
-919.935535,1597,248.253547
-1671.976256,1441,251.79622
-420.266001,2009,253.2753
-929.777963,2197,257.179986
-179.257092,2057,258.659062
-660.404239,1422,261.972894
-168.778351,2185,263.563942
-4170.089182,1960,267.250564
-1433.877523,2357,268.955083
-678.09687,2272,272.867685
-2165.483805,1653,274.074749
-1666.402625,1913,277.908668
-177.193645,2061,279.409221
-1664.779323,1637,282.965397
-669.720474,1841,284.313469
-671.438917,2292,288.249074
-674.119326,1856,289.583593
-1177.371938,2076,293.505332
-423.05032,2138,295.071862
-171.695887,1756,296.342884
-435.816783,2252,300.309297
-1438.384958,2286,454.994768
82.466411,2136,456.695787
-432.007821,2047,460.617498
-414.942316,1477,461.691579
-418.649543,2082,463.208114
-917.923451,1818,466.873481
-670.034322,1770,468.179111
-1417.80129,1833,471.837281
-1416.47918,2014,473.302321
-1424.041322,2318,477.291291
-172.250529,2250,478.952846
-424.515764,1627,482.465641
-1674.180207,1707,483.706682
-423.653548,2092,487.583277
-682.151049,2135,489.166376
-173.657636,2057,493.004993
-170.647142,1942,494.434029
-922.181291,1523,497.898619
-916.667295,1807,499.250269
-415.553887,1658,500.465539
-679.394427,2292,504.446111
-171.472745,2186,506.079281
-170.347722,1938,509.827315
-423.297213,1438,510.865227
-927.93449,1773,514.465376
-1921.196782,2180,516.042472
-924.757051,1679,519.534031
86.864642,1429,520.572067
-166.917689,1630,521.748286
-666.693759,1804,525.336413
-660.277066,1617,526.494973
-2172.352207,1968,530.206234
-413.159346,1458,531.248274
-413.072055,1386,532.239315
-419.728278,1840,535.874014
-669.139174,1531,536.970537
-677.405483,1860,540.645747
-2167.983868,1972,542.176783
-412.751634,1540,545.594744
-663.091573,1321,546.548076
-654.975617,1447,547.599672
-909.459349,1808,551.208304
-661.313951,1462,552.254824
-664.337396,1943,553.658863
-662.795823,1678,557.144278
-662.802239,1511,558.229359
-660.645264,1514,561.651753
-409.640423,1530,562.747306
-924.583205,2532,566.880995
-1174.534865,2333,568.55055
-661.807733,1711,572.085203
-668.2309,1734,573.326247
-1162.18904,1728,574.570768
-412.529263,1614,578.022585
-666.391075,2052,579.491625
-915.4475,1744,583.038781
-413.78927,1492,584.11032
-420.126832,1444,587.459428
-664.46428,1367,588.440532
-414.604627,1595,589.584167
-406.754071,1665,593.071072
-167.237471,1676,594.267779
-164.522841,1600,595.414336
-672.428135,1902,599.054809
-669.55426,1966,600.455366
-416.925365,1874,604.129949
-413.293884,1533,605.232466
-667.462818,1918,608.881519
-409.967319,1636,610.049084
-161.38017,1647,723.014783
-414.349926,1575,724.208825
-922.132109,1979,725.645383
-2163.033676,1741,729.160579
-666.085858,1789,730.477139
-164.850769,1461,733.946205
-665.844888,1955,735.375314
90.681031,1678,736.584353
-663.083846,1716,740.104128
-668.80646,1833,741.429207
-654.186671,1438,744.779726
-414.584896,1315,745.745763
-412.356199,1302,746.680838
-159.018609,1740,750.223471
-656.817854,1187,751.07847
-160.499131,1733,752.345553
-417.245517,1644,755.83784
-418.917275,1295,756.769359
-409.816075,1468,760.12148
-652.542929,1466,761.174999
81.13445,1367,762.164077
-160.590733,1280,765.386701
-654.070808,1412,766.411702
89.699877,1664,767.60674
-662.698597,1921,771.28942
-665.535383,1300,772.217459
-408.689044,1661,773.433027
-162.314033,1397,776.728131
-162.422962,1662,777.916168
-154.836357,1384,781.203499
-651.59876,1633,782.37602
-657.489185,1366,783.353097
90.097107,1542,786.769812
-665.862214,1208,787.632886
-406.75256,1427,788.659138
-407.952945,1387,791.943898
-410.881507,1532,793.036975
-657.374649,1482,794.103544
-409.364877,1860,797.778414
-412.416342,1553,798.887456
-152.66082,1433,802.208933
-410.447398,1224,803.087971
-419.063798,1590,804.227008
-160.204916,1541,807.653479
-410.026872,1449,808.691046
-160.65169,1633,809.867046
-664.277935,1656,813.352629
-650.353719,1503,814.435668
-157.94103,1536,817.852824
-402.187378,1440,818.887382
80.972595,1621,820.042423
-910.634967,1337,823.27591
90.689045,1686,824.481467
-654.787979,1446,825.525466
-668.812236,1408,828.87706
-157.253725,1582,830.016098
-155.831947,1425,831.037618
-159.63306,1420,834.344264
-411.433041,1745,835.592849
-161.554456,1643,839.075449
-160.664744,1404,840.083042
-917.271481,1268,840.998042
-663.267267,1708,844.56467
-412.401879,1450,845.613229
-157.583924,1579,846.746746
-415.252104,1246,849.989455
-660.506298,1529,851.131027
-157.167876,1553,854.689763
-910.12935,1383,855.729763
-408.559013,1682,857.002799
-907.180477,1411,860.487689
90.818977,1453,861.585723
-160.150127,1601,862.776273
-157.524806,1457,866.380446
-403.582228,1367,867.523184
-661.184638,1422,868.598746
-409.340413,1502,871.952333
-410.67931,1588,873.094331
-409.870054,1380,874.07785
-160.009891,1647,877.585924
-416.10614,1844,878.921019
-405.126535,1322,969.164401
-160.208536,1456,970.271919
-159.565246,1675,971.487127
-160.85681,1679,974.960301
-413.287903,1799,976.253859
-658.621695,1526,977.351934
-162.795542,1631,980.789007
-158.161862,1550,981.927133
-419.288797,1837,985.558903
-404.584592,1279,986.473457
89.347992,1610,987.635456
-661.576712,1372,991.107573
-660.264998,1386,992.12061
-158.617159,1586,993.301701
-656.973093,1447,996.659223
-160.140063,1576,997.80774
87.048293,1634,1001.353293
86.775673,1553,1002.511373
89.836901,1573,1003.675445
-409.000677,1262,1006.905684
-157.850575,1517,1008.000723
-166.974423,1982,1011.755118
-160.308019,1564,1012.903637
-161.295987,1471,1013.961157
-659.753128,1412,1017.379196
-660.094452,1511,1018.458196
90.06116,1595,1019.604195
85.458097,1970,1023.348046
-162.507855,1693,1024.56512
-416.557524,1747,1028.318056
-160.229391,1674,1029.582558
-671.068616,1391,1030.631621
-412.821475,1492,1034.171136
-164.528232,1755,1035.464658
-160.457539,1555,1039.020636
91.29336,1608,1040.194635
-414.150077,1557,1041.330671
-161.251637,1554,1044.784291
-917.499137,1526,1045.876848
-158.053952,1552,1049.261322
-166.433546,1815,1050.557874
89.527043,1745,1051.802392
-162.355138,1606,1055.2966
88.431183,1572,1056.563197
-658.894977,1439,1059.879082
-165.139114,1653,1061.0636
-412.876077,1765,1062.345119
89.864901,1632,1065.854351
-161.699055,1714,1067.074958
-659.600278,1623,1070.619613
-662.637581,1387,1071.785696
-163.19339,1740,1073.057254
88.0505,1713,1076.670986
88.031264,1662,1077.861503
-913.516302,1791,1081.411446
87.57376,1642,1082.581446
-165.362682,1737,1083.816483
84.59301,1675,1087.284297
84.444595,1683,1088.478816
85.999612,1595,1091.871316
-161.778498,1664,1093.057317
-162.110796,1713,1094.286353
-413.559616,1619,1097.702838
-410.052372,1567,1098.811683
88.682845,1743,1102.306817
-420.384145,1877,1103.644817
-412.044583,1832,1107.221591
-167.468978,1886,1108.563147
-661.98808,1486,1109.618667
-160.020895,1649,1113.044915
94.253558,1591,1114.182914
92.110554,1593,1117.605635
-167.725582,1926,1118.973288
89.12246,1642,1120.141325
-164.037685,1816,1123.692544
-161.484184,1809,1124.982546
-164.271428,1763,1243.193635
-1663.128849,1931,1244.642741
-158.958622,1770,1245.907723
86.776063,1706,1249.415756
-416.298972,1777,1250.689767
-663.178522,1811,1254.322193
-412.597839,1850,1255.651265
-664.987831,1879,1259.270927
86.241359,1798,1260.556719
95.367947,1676,1261.751103
-165.170699,1828,1265.443221
85.209831,1615,1266.638743
89.373446,1678,1270.132389
-413.372586,1569,1271.263842
90.508196,1574,1272.389745
-165.881853,1461,1275.692282
-417.518693,1809,1276.98521
87.22001,1748,1280.521861
90.120083,1553,1281.635861
-665.237891,1865,1285.241452
-167.07487,1726,1286.487078
86.401753,1733,1287.725219
-418.920266,1749,1291.269789
-166.299507,1855,1292.601316
84.384827,1611,1296.030872
-412.217206,1664,1297.230905
-417.371294,1820,1298.534239
80.371683,1565,1301.94314
86.258753,1689,1303.147139
-161.244958,1880,1306.751695
-167.160526,1705,1307.974694
88.380957,1676,1311.4457
-414.278379,1934,1312.832694
86.06007,1730,1314.065693
89.624237,1668,1317.515792
79.052111,1568,1318.665792
86.150324,1653,1322.308936
88.891068,1685,1323.560938
88.383205,1589,1324.725937
-165.550276,1680,1328.311936
-160.898728,1756,1329.617936
88.373767,1576,1333.332456
88.601659,1639,1334.565455
86.322115,1615,1335.752455
83.31621,1614,1339.274455
90.153605,1612,1340.482455
-410.022499,1781,1344.162456
86.870044,1595,1345.348454
333.824666,1694,1348.934456
83.664804,1617,1350.140455
87.01596,1750,1351.466455
-412.745724,1752,1355.095456
86.907586,1616,1356.319454
83.16794,1649,1359.897455
92.692491,1669,1361.124456
83.573819,1539,1362.298973
-168.451584,1556,1365.804975
83.69951,1590,1366.965975
-162.302372,1780,1370.632974
-158.806194,1706,1371.907975
91.49155,1650,1373.123975
-162.103683,1829,1376.822974
87.713851,1569,1377.979973
335.135724,1588,1381.554979
87.473962,1589,1382.796975
86.987352,1539,1383.970974
88.994161,1746,1387.700583
-161.602273,1709,1388.979132
337.163654,1699,1392.700555
90.335843,1622,1393.916554
91.163558,1654,1395.153087
-414.051581,1720,1398.845138
85.57557,1664,1400.068137
91.339578,1638,1510.546155
87.360763,1636,1511.768705
92.316813,1591,1512.902995
88.86008,1689,1516.378474
88.147385,1616,1517.527934
91.601231,1614,1518.669934
91.500949,1700,1522.141019
90.786645,1673,1523.338018
90.685731,1623,1526.758354
-164.751708,1583,1527.891424
87.422725,1621,1529.045642
-165.908145,1740,1532.532969
88.649554,1682,1533.734492
95.966828,1658,1537.214882
83.764394,1553,1538.330412
91.707382,1696,1541.78695
-158.004609,1576,1542.912506
91.36383,1614,1544.071758
93.117602,1545,1547.444355
92.595153,1571,1548.562872
-165.637763,1649,1549.741874
-164.88088,1503,1553.060248
-410.994965,1505,1554.142244
91.206582,1657,1557.62039
98.656937,1584,1558.769324
-159.598692,1687,1559.986886
94.593585,1652,1563.599537
86.170916,1534,1564.720048
93.466336,1585,1568.213702
89.829451,1584,1569.377253
-157.792427,1502,1570.473369
83.910019,1709,1574.004041
341.835319,1569,1575.121569
-156.204766,1511,1576.208895
83.808823,1611,1579.625459
-157.380295,1505,1580.697459
-160.611294,1516,1584.037308
89.80887,1607,1585.185864
89.327891,1563,1586.313416
90.695623,1535,1589.684006
-159.675555,1504,1590.751526
90.012512,1552,1594.115518
87.817309,1570,1595.246079
-654.90856,1464,1596.294116
89.791905,1562,1599.694333
88.418155,1560,1600.801887
84.793866,1640,1601.966501
-160.144804,1507,1605.294528
87.193468,1630,1606.454717
83.018447,1638,1609.899072
87.779475,1614,1611.042072
90.880074,1638,1612.203071
-408.740171,1539,1615.564551
90.553293,1657,1616.743589
92.658241,1616,1620.170415
91.455152,1590,1621.309014
93.241413,1625,1622.474073
-414.057733,1858,1626.157407
-159.494865,1726,1627.379526
91.510249,1601,1630.79739
87.014696,1638,1631.961138
92.582079,1594,1633.094177
88.521656,1613,1636.506256
94.36026,1581,1637.626293
87.36173,1625,1641.049842
-162.779153,1720,1642.277359
92.24167,1665,1643.459398
-161.549099,1793,1646.994773
91.030176,1639,1648.160774
90.545073,1595,1651.583818
92.372615,1583,1652.71682
-162.59934,1533,1653.808341
89.5474,1631,1657.267704
88.632058,1749,1658.511262
90.405643,1659,1661.976158
-155.969,1621,1663.136158
92.067315,1675,1664.330244
89.908311,1689,1777.946284
90.132417,1731,1779.244105
-158.367243,1566,1780.357627
91.353605,1638,1783.808179
-414.933737,1790,1785.091409
90.844978,1620,1788.500487
91.734173,1733,1789.739573
-414.564467,1765,1790.998612
90.080581,1688,1794.485145
90.731495,1634,1795.665619
89.887307,1605,1799.072716
84.03661,1560,1800.190946
88.470992,1755,1801.438963
87.662851,1743,1804.952131
89.396174,1661,1806.136994
89.69949,1668,1809.595544
86.291337,1665,1810.789786
88.089354,1645,1811.965485
88.665486,1723,1815.487542
92.593339,1739,1816.726542
93.166886,1585,1820.110879
87.788207,1715,1821.334427
93.885781,1535,1822.429952
-164.026423,1731,1825.946107
89.437014,1739,1827.188978
81.321235,1670,1830.648093
91.78075,1611,1831.796094
83.940789,1714,1835.297531
90.224049,1661,1836.484301
86.486327,1744,1837.729303
87.551476,1678,1841.181736
85.984775,1705,1842.405261
84.815047,1543,1845.780056
-161.849968,1823,1847.081153
88.838128,1671,1848.268871
87.013454,1713,1851.749997
90.728036,1557,1852.862539
91.495871,1582,1856.258442
88.025423,1671,1857.458282
89.944258,1671,1858.654893
90.138733,1662,1862.101488
87.8539,1714,1863.328487
-166.304644,1683,1866.798759
-164.408242,1697,1868.014759
88.958228,1651,1869.194147
-160.245205,1841,1872.767224
86.881757,1763,1874.025557
89.792707,1712,1877.512497
91.222387,1655,1878.692874
-160.705037,1720,1882.17651
89.016262,1616,1883.342071
-158.271619,1713,1884.561956
-164.169987,1747,1888.083093
88.88139,1740,1889.333986
-164.705924,1764,1892.838699
-408.955173,1827,1894.154041
-161.403809,1706,1897.650715
-161.854628,1695,1898.877894
90.941599,1700,1900.09488
-161.792839,1694,1903.557926
89.400213,1728,1904.804925
88.403371,1699,1908.356691
82.447449,1686,1909.588912
94.145884,1600,1910.751957
89.418192,1677,1914.271423
86.332578,1632,1915.459937
91.431252,1709,1919.021316
87.703064,1707,1920.259917
-163.999958,1761,1923.819242
-163.958808,1791,1925.09828
-414.869614,1793,1926.416798
82.988729,1653,1929.847876
-165.233084,1730,1931.082436
88.278869,1668,2043.410066
-162.591025,1796,2044.7527
85.697851,1728,2045.983223
88.32284,1737,2049.481815
-160.228713,1781,2050.748572
90.895881,1631,2054.287651
-165.195352,1733,2055.546592
-160.028931,1738,2056.808591
-413.880573,1811,2060.369889
89.132593,1756,2061.626921
89.823321,1622,2065.035973
-167.446026,1714,2066.254547
88.342811,1699,2069.761846
87.761765,1656,2070.945141
87.832254,1716,2072.172142
-164.747301,1686,2075.70236
-163.571663,1854,2077.302882
-164.605862,1785,2081.306533
88.330266,1710,2082.579643
90.794084,1704,2086.33691
87.448665,1738,2087.621426
88.917018,1725,2088.896981
-164.857145,1795,2092.629199
86.753026,1722,2093.911714
87.320656,1746,2097.55844
-162.610172,1739,2098.852494
86.603385,1717,2100.113067
86.268193,1701,2103.625703
92.017166,1746,2104.874226
89.035323,1762,2108.443501
-165.548022,1773,2109.712205
93.160307,1659,2113.188796
87.592731,1745,2114.460847
-408.709086,1781,2115.732635
-406.189775,1804,2119.326948
88.438447,1726,2120.559947
88.301672,1750,2124.108618
87.677667,1648,2125.286619
85.348283,1589,2128.708048
96.303559,1698,2129.921276
85.514075,1669,2131.115837
-161.184936,1782,2134.68843
86.735598,1724,2135.93249
-163.191002,1735,2139.436545
90.30079,1711,2140.664556
334.504352,1713,2141.905781
-662.713485,1793,2145.460335
86.248354,1717,2146.684858
-163.313179,1755,2150.228934
338.442768,1689,2151.458459
86.755713,1668,2154.978873
89.911739,1607,2156.151351
86.067721,1741,2157.406686
88.454417,1696,2160.887835
-163.15795,1643,2162.092966
92.798323,1707,2165.590558
341.22978,1651,2166.841417
334.320657,1662,2168.060412
-419.003567,1759,2171.594974
-413.266446,1735,2172.866499
86.380368,1721,2176.372855
-162.679253,1832,2177.693793
89.095267,1714,2181.173392
86.578207,1729,2182.434469
-162.823519,1725,2183.677469
89.246489,1754,2187.193068
339.234547,1676,2188.414729
-161.518307,1699,2191.891321
-407.005356,1802,2193.218406
83.83086,1726,2196.717713
92.028419,1664,2197.906788
87.04012,1701,2199.145241
86.238056,1698,2316.042562
336.584283,1647,2317.291642
86.386408,1717,2318.516083
90.173144,1719,2321.995811
86.389841,1722,2323.233225
88.947972,1695,2326.725426
85.991677,1698,2327.934987
342.860596,1570,2329.049526
-161.596286,1727,2332.53765
84.283238,1661,2333.732915
86.386454,1709,2337.228507
339.608767,1659,2338.415024
87.022972,1676,2339.607024
-161.614908,1771,2343.124684
89.527912,1633,2344.305204
-411.192607,1699,2347.800279
84.232214,1655,2349.007802
-165.099854,1760,2352.523399
87.204987,1680,2353.725438
89.752618,1654,2354.908439
338.101566,1597,2358.33023
342.491082,1610,2359.486544
335.905177,1630,2362.9001
86.882128,1697,2364.104211
88.781441,1551,2365.214481
85.749239,1691,2368.711317
85.205238,1681,2369.921845
87.568232,1632,2373.34496
336.72951,1688,2374.549999
88.417457,1588,2375.698553
91.931314,1621,2379.138528
341.922329,1569,2380.280528
343.534117,1582,2381.411332
94.645367,1685,2384.860604
-660.779038,1765,2386.126747
341.381352,1655,2389.59309
90.886885,1674,2390.793126
337.671795,1635,2394.215763
336.833966,1567,2395.328799
339.562855,1676,2396.531705
89.341402,1653,2400.004234
342.52763,1611,2401.157312
-415.82059,1721,2404.645521
344.222019,1654,2405.821521
89.657926,1717,2407.053045
343.073823,1540,2410.439275
343.525981,1603,2411.582312
90.641894,1613,2414.996097
339.295935,1580,2416.119614
90.963651,1530,2417.219634
-163.73721,1750,2420.751276
338.144071,1654,2421.935793
345.50823,1596,2425.337481
338.709118,1610,2426.483481
343.020114,1552,2427.600108
90.941396,1589,2431.031423
85.285258,1695,2432.278992
90.119103,1505,2433.402511
93.299188,1505,2436.858891
92.442551,1682,2438.11053
341.035478,1628,2441.734242
340.711459,1569,2442.9058
89.112547,1488,2444.023833
339.637923,1679,2447.653519
340.191003,1637,2448.874111
342.939827,1723,2452.523714
341.182653,1634,2453.684753
339.035447,1628,2454.865831
346.082374,1554,2458.256837
337.979201,1591,2459.389877
342.427591,1671,2462.896822
341.880531,1652,2464.073081
341.192033,1535,2465.17364
344.415655,1602,2468.620096
343.969616,1647,2469.803169
339.718361,1540,2574.181024
341.894273,1578,2575.375062
344.589598,1649,2576.549061
344.279703,1567,2579.925579
339.917333,1604,2581.068578
338.130175,1570,2582.185657
-160.472974,1624,2585.744782
344.173952,1608,2586.898944
95.460522,1571,2590.292866
95.899118,1569,2591.406427
339.873024,1626,2592.561983
89.531358,1657,2596.033333
341.628429,1552,2597.143425
89.593023,1475,2600.477486
343.336372,1617,2601.632485
-156.713456,1510,2602.705563
340.486441,1584,2606.134726
-153.289991,1468,2607.183322
345.185597,1606,2608.3334
-160.999316,1524,2611.730796
340.629328,1706,2612.993351
344.009673,1579,2616.615686
93.552501,1595,2617.794247
95.420822,1642,2619.012331
344.086465,1715,2622.667837
340.559507,1611,2623.884577
341.950391,1664,2627.515525
343.610375,1669,2628.729058
346.783474,1697,2629.934096
91.83192,1626,2633.386613
91.352836,1675,2634.591663
343.853045,1635,2638.044237
344.855902,1545,2639.148758
96.661104,1573,2640.265798
91.212679,1533,2643.663141
340.643676,1656,2644.874184
95.056641,1640,2648.329841
339.646781,1638,2649.497841
344.625195,1622,2650.656841
339.328672,1699,2654.157943
341.946032,1622,2655.340944
-159.368813,1742,2658.862335
91.362759,1627,2660.023369
341.218495,1641,2661.188891
343.955541,1620,2664.629411
341.848173,1669,2665.854486
91.121209,1798,2669.440045
340.824513,1756,2670.694725
342.687565,1616,2671.851725
342.796958,1649,2675.360974
346.958576,1577,2676.510543
342.539477,1716,2680.030617
-158.075858,1768,2681.292816
337.729004,1703,2684.792708
343.490857,1604,2685.957745
348.591739,1661,2687.143783
-157.859595,1715,2690.651178
342.516905,1646,2691.827935
345.685196,1559,2695.341509
344.037176,1651,2696.55986
338.813298,1596,2697.720906
98.886222,1558,2701.130548
342.932265,1631,2702.294548
338.491405,1624,2705.758661
95.13543,1594,2706.912698
340.312297,1625,2708.0793
338.259827,1629,2711.533933
89.227603,1736,2712.770586
-160.616281,1732,2716.307814
343.807446,1611,2717.469411
340.146616,1620,2718.634457
95.48069,1638,2722.07912
342.207533,1536,2723.188121
341.846465,1706,2726.722948
342.088072,1647,2727.904949
340.223981,1702,2729.128989
91.984592,1559,2834.577638
342.937451,1595,2835.795127
344.533902,1650,2836.988682
340.952814,1636,2840.511334
89.037667,1764,2841.920421
343.060206,1581,2845.368815
340.633692,1587,2846.497736
336.509745,1658,2847.676554
94.137103,1622,2851.114923
93.152158,1701,2852.323986
344.104362,1512,2853.400025
342.840962,1637,2856.849945
345.13433,1663,2858.027968
343.972275,1653,2861.497063
340.42685,1652,2862.675523
-157.79224,1676,2866.129669
342.977297,1583,2867.264145
342.37544,1699,2868.474717
342.600167,1566,2871.908733
341.301296,1690,2873.116254
345.217609,1536,2874.211293
345.528918,1594,2877.61518
348.530446,1555,2878.722193
-155.029531,1511,2882.088751
341.118137,1574,2883.206025
95.640985,1694,2884.416244
342.306261,1655,2887.869816
344.365842,1703,2889.084397
341.848036,1631,2892.534513
344.024472,1632,2893.695398
342.869169,1628,2894.850918
341.190467,1711,2898.328537
342.535541,1575,2899.452068
343.679579,1599,2902.887228
347.256464,1560,2903.997547
98.337484,1527,2905.087584
90.418636,1721,2908.963089
347.52475,1564,2910.080668
345.100323,1573,2913.50082
90.315896,1531,2914.59782
97.505851,1495,2915.677268
340.18507,1543,2919.064929
338.1221,1642,2920.236847
345.20225,1614,2921.391871
342.857348,1567,2924.791686
91.538545,1675,2925.992542
91.960606,1500,2929.346095
343.838214,1626,2930.506374
341.045998,1586,2931.63993
96.575134,1429,2934.962154
344.481209,1642,2936.140622
343.753392,1542,2939.51594
343.344344,1564,2940.633895
342.240375,1490,2941.69983
346.185081,1568,2945.194529
345.283063,1565,2946.349152
341.988652,1614,2947.50435
-152.870586,1539,2950.879903
94.211275,1570,2952.005375
-156.677479,1528,2955.3987
343.229997,1615,2956.551243
345.036289,1579,2957.679101
339.831271,1679,2961.14184
341.593412,1670,2962.337843
344.155342,1599,2965.825075
342.396431,1592,2966.981716
340.965807,1475,2968.050716
342.835801,1635,2971.553833
338.908009,1645,2972.755868
89.861033,1564,2973.904463
93.902462,1531,2977.40571
346.597186,1609,2978.563711
344.224497,1562,2981.956445
339.332708,1615,2983.120661
348.570985,1581,2984.271014
339.350306,1724,2987.780051
344.556423,1598,2988.926118
96.365531,1516,3092.290054
346.471952,1625,3093.509054
342.457404,1741,3094.758573
340.903661,1587,3098.18043
342.062914,1657,3099.36347
342.955261,1643,3102.799849
342.645234,1593,3103.94137
346.045325,1614,3105.097407
347.073965,1629,3108.548591
-161.013166,1700,3109.758628
345.023838,1650,3113.208174
346.588624,1653,3114.386694
342.314251,1579,3115.514772
345.212064,1591,3118.945887
343.699178,1571,3120.069925
345.017763,1601,3121.214442
345.158881,1534,3124.587327
345.884047,1631,3125.755884
344.957949,1656,3129.230441
345.97071,1626,3130.39696
346.786565,1560,3131.517034
339.605378,1660,3134.997112
341.800054,1600,3136.140666
346.98576,1631,3139.597825
344.813439,1622,3140.766902
341.504988,1668,3141.965956
94.442553,1600,3145.440606
340.401651,1586,3146.58771
347.332618,1524,3150.031847
344.406717,1582,3151.177903
345.569485,1629,3152.36697
343.431859,1534,3155.884712
94.650992,1520,3156.999515
97.158463,1525,3158.112146
-155.41188,1416,3161.409227
91.800086,1568,3162.524745
348.084876,1613,3165.9669
348.546774,1647,3167.143557
344.963304,1663,3168.345598
349.436582,1664,3171.814236
93.448622,1538,3172.916794
349.115781,1574,3176.311172
345.254556,1600,3177.451172
344.894429,1647,3178.650251
345.251278,1622,3182.088706
92.228784,1605,3183.229395
345.828351,1584,3186.627544
94.868281,1509,3187.706972
343.959465,1662,3188.923011
344.23053,1559,3192.332995
342.97462,1619,3193.48852
345.413998,1550,3194.599157
347.602479,1637,3198.072715
95.257619,1545,3199.196236
91.792288,1606,3202.699769
346.588203,1539,3203.80177
96.056311,1521,3204.892329
338.704688,1630,3208.337884
347.561795,1603,3209.502404
346.158101,1646,3212.946008
344.153374,1579,3214.080163
346.426793,1612,3215.242209
345.662393,1565,3218.636345
345.5123,1563,3219.769338
347.170476,1702,3223.251022
97.819116,1516,3224.340588
341.497446,1584,3225.470145
342.344548,1596,3228.871644
100.106123,1532,3229.99416
345.44574,1614,3231.147197
345.675864,1636,3234.586112
345.403526,1696,3235.80362
94.467642,1555,3239.180174
-151.117139,1521,3240.287563
94.686247,1594,3241.436595
345.892351,1641,3244.87165
346.704098,1597,3246.010199
98.382133,1574,3353.622672
345.800408,1607,3354.838683
348.613721,1610,3355.979723
341.932955,1686,3359.45883
341.291448,1645,3360.630422
343.933753,1557,3361.735942
344.673792,1670,3365.22682
344.862631,1667,3366.417859
341.824523,1607,3369.835106
349.361687,1496,3370.928152
341.40251,1607,3372.085188
89.344882,1647,3375.557236
346.718195,1591,3376.692237
-155.694807,1542,3380.102445
344.934212,1592,3381.250512
345.927355,1686,3382.495063
344.358216,1571,3386.036873
346.586479,1637,3387.287946
344.24322,1606,3390.754402
339.054782,1690,3391.958462
342.188045,1553,3393.06705
347.643175,1557,3396.474276
345.287625,1467,3397.520332
-155.088114,1530,3398.615852
-161.069256,1698,3402.095585
344.921762,1591,3403.229176
347.184658,1562,3406.607286
346.373899,1536,3407.699801
-154.557608,1488,3408.764349
345.659527,1520,3412.122504
91.177219,1524,3413.21062
343.783632,1655,3416.655762
96.33109,1513,3417.736826
342.629313,1659,3418.920893
345.189214,1483,3422.234503
349.326321,1641,3423.401554
96.613945,1519,3424.48463
345.307691,1591,3427.89233
343.053536,1614,3429.046824
345.10358,1577,3432.436116
341.327615,1559,3433.550156
-154.72405,1510,3434.627189
341.634583,1539,3437.995841
345.443521,1558,3439.104926
345.328855,1527,3442.471033
347.09113,1647,3443.641559
349.280709,1580,3444.760111
-149.246926,1476,3448.082765
341.696009,1679,3449.279322
341.58602,1593,3450.416851
-151.553045,1523,3453.758948
348.863421,1589,3454.896474
340.461058,1590,3458.303045
347.901914,1628,3459.459111
339.776719,1635,3460.619638
597.106124,1546,3463.981219
598.916635,1553,3465.08338
338.870428,1564,3468.47771
339.960218,1730,3469.706296
346.637333,1542,3470.798294
-155.294884,1483,3474.100865
340.828543,1676,3475.30097
344.797659,1580,3476.449522
344.977997,1620,3479.858588
343.23724,1625,3481.007851
336.938803,1653,3484.429738
344.899276,1661,3485.608647
93.272756,1528,3486.711647
-160.082705,1814,3490.269265
97.04392,1527,3491.353337
342.91363,1612,3494.747954
343.036367,1593,3495.880987
93.581956,1753,3497.142019
344.172358,1633,3500.577814
343.161766,1608,3501.731835
344.622406,1572,3505.47392
346.543769,1593,3506.609034
343.278915,1600,3507.750067
346.439026,1590,3614.160465
341.193,1728,3615.454018
343.279901,1643,3616.608536
342.20037,1637,3620.03289
594.902965,1617,3621.175966
345.132904,1584,3624.531208
343.370673,1703,3625.746317
344.805654,1616,3626.886327
342.093603,1665,3630.324475
341.16062,1691,3632.226477
94.257779,1526,3636.347257
342.482269,1659,3637.525773
342.211527,1666,3638.836292
95.305021,1512,3642.211934
340.86143,1658,3643.392507
340.623661,1720,3646.890631
347.471968,1660,3648.080182
88.526911,1830,3649.387738
92.926499,1728,3652.879353
344.978754,1727,3654.103389
92.560168,1611,3657.493585
346.422588,1666,3658.674784
-156.618225,1689,3659.873787
95.248632,1699,3663.33082
346.216918,1668,3664.51682
344.595496,1684,3667.93982
-408.567027,1800,3669.21537
341.324494,1722,3672.681441
-2159.583046,2022,3674.114473
342.074213,1740,3675.352537
342.198044,1762,3678.844609
342.848371,1702,3680.05869
344.024691,1699,3683.525083
340.798847,1755,3684.767603
87.823201,1832,3688.318155
-161.650821,1776,3689.580218
93.134536,1705,3690.956219
342.040953,1659,3694.539907
346.620638,1699,3695.77496
-158.078439,1755,3699.316172
89.993685,1793,3700.600266
343.479339,1756,3704.155364
93.316481,1837,3705.475948
345.397378,1741,3706.728006
-410.361767,1815,3710.295724
347.275298,1698,3711.519242
90.070615,1849,3715.12534
343.850882,1711,3716.355854
344.540773,1730,3719.861475
96.252115,1801,3721.152509
343.931821,1748,3722.429066
341.566021,1722,3725.946759
-158.455926,1597,3727.104836
340.07255,1687,3730.612527
346.901004,1748,3731.874045
92.384361,1785,3735.448742
94.301897,1686,3736.663254
345.346133,1648,3737.845286
346.263216,1600,3741.266434
343.466523,1707,3742.496952
345.001049,1629,3745.948569
344.701719,1694,3747.160084
92.270398,1784,3748.435123
344.462081,1691,3751.920773
342.903894,1661,3753.133293
343.275096,1606,3756.558376
344.77086,1729,3757.806413
346.793602,1565,3758.925457
347.974157,1603,3762.342589
96.74074,1599,3763.521111
346.634309,1561,3766.92021
343.746511,1690,3768.142248
-152.553141,1565,3769.268819
343.07211,1625,3877.458106
343.487565,1679,3878.722148
97.414645,1576,3879.85024
343.351162,1714,3883.327788
342.617809,1606,3884.468375
346.368399,1674,3887.93545
345.471739,1647,3889.109553
344.053572,1610,3890.26559
344.214168,1741,3893.756728
344.929155,1606,3894.895302
93.799835,1719,3898.41095
343.646649,1608,3899.567017
344.609134,1613,3900.718093
342.61717,1631,3904.154203
343.816355,1639,3905.334234
343.064945,1671,3908.82535
343.850974,1661,3910.022386
343.563682,1555,3911.134428
340.945418,1712,3914.601979
341.328086,1671,3915.795011
340.282512,1669,3919.263624
92.409152,1706,3920.484204
347.69177,1558,3921.601241
594.172948,1548,3924.971899
340.294878,1675,3926.173932
342.896346,1626,3929.620656
342.225591,1714,3930.856257
344.312187,1640,3932.03728
346.69355,1598,3935.465969
342.269259,1565,3936.592641
344.570138,1663,3940.062716
345.957563,1684,3941.271231
92.469558,1697,3942.482231
342.712782,1678,3945.93031
97.944774,1506,3947.008349
97.212967,1556,3950.410514
343.813864,1589,3951.559547
343.014063,1619,3952.720585
347.656599,1626,3956.15216
343.031537,1515,3957.234199
345.763591,1688,3958.461242
-153.506463,1524,3961.796918
346.467077,1669,3962.988468
342.277502,1704,3966.520028
343.327859,1613,3967.706061
98.814701,1517,3968.823651
342.415162,1634,3972.248713
93.315179,1602,3973.403862
346.542471,1603,3976.787926
344.373436,1655,3977.97048
341.680423,1670,3979.181998
343.715449,1604,3982.597176
346.646625,1622,3983.758246
348.638327,1625,3987.1768
-155.593176,1505,3988.262316
345.846597,1576,3989.411352
345.971024,1687,3992.881421
346.057562,1701,3994.101683
342.846815,1616,3997.555332
344.694081,1681,3998.762366
345.71649,1627,3999.946366
344.633578,1681,4003.420024
94.379532,1636,4004.588539
341.065289,1609,4007.992609
93.868823,1527,4009.084646
343.198385,1667,4010.2922
344.258758,1553,4013.665833
343.4838,1634,4014.828835
345.805871,1592,4018.215943
93.775717,1679,4019.423462
344.297275,1553,4020.546977
346.722986,1612,4023.962045
93.743865,1733,4025.203597
345.637439,1642,4028.759219
346.559781,1733,4030.015774
346.971463,1572,4031.138288
346.198512,1591,4136.818099
91.987859,1626,4138.04714
344.867246,1676,4139.246692
349.225603,1652,4142.697275
347.148298,1546,4143.821313
-149.114412,1509,4144.903868
346.571681,1627,4148.33045
342.567774,1644,4149.507966
344.462125,1576,4152.895487
600.84964,1568,4154.041003
345.700096,1679,4155.237525
346.649912,1660,4158.665613
-153.364149,1737,4159.907686
342.340383,1627,4163.34428
94.406805,1766,4164.616281
345.277381,1627,4165.782825
345.01623,1567,4169.164006
345.299714,1617,4170.322557
93.065314,1575,4173.737688
344.004114,1708,4174.963727
346.87258,1674,4176.16576
344.456677,1605,4179.583826
93.516677,1531,4180.673859
346.726613,1542,4184.066418
92.789815,1533,4185.163416
343.41572,1626,4186.329936
348.665125,1561,4189.717039
345.602871,1617,4190.871073
344.443792,1679,4194.370104
347.234089,1598,4195.514661
347.185809,1717,4196.761218
347.382687,1671,4200.216761
344.455489,1604,4201.368822
-409.235714,1828,4204.969409
345.73131,1640,4206.147956
344.404338,1712,4207.373991
343.555389,1723,4210.859218
344.478386,1753,4212.112737
345.07812,1608,4215.536406
346.325434,1600,4216.704483
95.664475,1521,4217.801075
342.170548,1669,4221.274218
347.826479,1602,4222.428342
345.192868,1576,4225.870893
342.743392,1475,4226.93194
340.677854,1487,4228.000455
348.886305,1604,4231.416605
349.542838,1666,4232.649188
343.409725,1634,4236.148327
347.636174,1657,4237.34088
350.410866,1526,4238.442913
344.013696,1651,4241.882948
344.927209,1670,4243.078464
343.521927,1579,4246.504589
348.021352,1661,4247.696104
345.764545,1556,4248.810135
593.184439,1572,4252.217724
344.581678,1643,4253.392724
342.043302,1621,4254.555242
343.077214,1622,4258.018832
-159.897229,1691,4259.236832
344.082825,1579,4262.638929
340.802141,1665,4263.832443
340.478467,1577,4264.962445
344.282945,1559,4268.365505
346.779787,1619,4269.526057
345.865654,1651,4272.985156
345.938436,1624,4274.15919
89.612352,1676,4275.367709
348.352635,1635,4278.839293
93.296252,1533,4279.940294
344.880322,1622,4283.393891
342.944576,1722,4284.635445
343.925918,1691,4285.862963
344.619888,1676,4289.347077
343.706658,1713,4290.579159
341.238492,1668,4401.607156
346.789803,1479,4402.730173
345.959708,1726,4403.959175
344.107852,1650,4407.413318
97.826167,1545,4408.513833
347.355484,1674,4409.705832
344.675575,1608,4413.117479
-151.441259,1465,4414.163997
338.260102,1639,4417.6021
340.748499,1719,4418.831157
343.747672,1680,4420.045828
93.989165,1560,4423.430931
345.966007,1680,4424.649973
-153.062136,1627,4428.100044
346.850454,1669,4429.301562
347.463133,1657,4430.509561
344.035217,1594,4433.897151
93.361454,1806,4435.207666
347.487284,1635,4438.657297
98.913301,1615,4439.811295
349.102306,1665,4441.022297
342.473688,1646,4444.469198
348.473923,1682,4445.683197
