# {"t_start": 1566345521.7641075, "env_id": "SignalizedEco-v0"} 
r,l,t
-6932,591,4.686704
-620,435,5.027222
-2324,662,5.535271
-1388,319,5.786272
-3262,756,6.370307
-8066,908,7.029312
-1286,518,7.402825
-10140,820,7.995861
-1678,714,12.088457
-736,368,12.367412
-2186,343,12.618413
-6112,806,13.206411
-4564,782,13.782447
-2088,669,14.265482
-1032,391,14.549999
-822,286,14.755001
-3540,645,15.220001
-1438,344,18.367116
-722,361,18.626114
-5862,806,19.209632
-5654,702,19.711672
-1690,470,20.059766
-4266,633,20.523791
-3026,263,20.71579
-1430,590,21.15279
-4464,482,21.506792
-3204,477,21.84979
-1732,616,25.225475
-4024,387,25.526473
-4642,571,25.965475
-6394,447,26.299992
-3202,601,26.783991
-1350,425,27.109991
-508,254,27.302994
-9958,604,27.759559
-12010,755,28.333551
-748,374,28.61355
-4242,621,32.005138
-1488,369,32.312139
-9982,866,33.040188
-528,264,33.263187
-5750,625,33.793189
-2464,482,34.228711
-2258,379,34.529711
-1762,506,34.89571
-3578,539,35.293231
-5062,531,35.704273
-6634,567,39.050449
-1796,523,39.441451
-6424,587,39.872447
-3376,438,40.215494
-3794,522,40.626493
-718,234,40.802494
-3420,460,41.144011
-3382,316,41.376526
-968,484,41.738526
-1328,414,42.043526
-982,366,42.308526
-8250,750,45.809638
-4986,493,46.16969
-1866,308,46.393691
-1614,432,46.708733
-512,381,46.990733
-696,348,47.251734
-1114,432,47.564735
-1166,333,47.80826
-982,366,48.079294
-4882,691,48.617297
-1272,386,48.947296
-2638,444,49.320296
-3278,514,52.651403
16,242,52.8334
-3222,486,53.203402
-854,302,53.431399
-1808,404,53.742399
-836,418,54.0604
-1036,393,54.358399
-792,271,54.552404
-834,417,54.853401
-1526,388,55.143926
-4556,528,55.532924
-1502,376,55.824925
-4946,473,56.179442
-2548,399,59.428651
-1380,440,59.755687
-3162,456,60.099689
-5348,674,60.590245
-1858,304,60.817241
-1144,447,61.158244
-4050,400,61.480777
-1416,333,61.728771
-430,340,61.988772
-548,274,62.199775
-1314,407,62.513772
26,237,62.695771
-688,219,62.855293
-1218,359,66.202609
-1798,524,66.595132
-814,282,66.811129
-954,352,67.081644
-5556,653,67.57565
-538,269,67.776643
-4438,469,68.116643
-974,362,68.378643
-716,358,68.635162
-1158,329,68.873163
-3258,379,69.146161
6,247,69.330163
-2952,476,69.704162
-1258,379,72.965332
-1528,389,73.254334
-1018,384,73.53037
-1400,325,73.777155
-206,353,74.037675
-1162,206,74.194675
-1486,368,74.470195
-1090,420,74.780195
-1144,322,75.018196
-1326,288,75.234717
-1178,464,75.597718
-1358,304,75.820718
-800,400,76.113717
-904,452,76.479255
-638,319,76.749251
-722,361,80.429454
-2222,486,80.777973
-4454,477,81.118975
-1578,289,81.328972
-3274,387,81.607972
-3796,398,81.90449
-1348,424,82.218493
-1182,341,82.475491
-262,256,82.666492
-1432,341,82.927492
-1220,360,83.193491
-790,270,83.392013
-1990,495,83.764011
-230,240,83.95401
-2696,473,87.199181
-1552,401,87.491179
-448,224,87.651179
-1938,344,87.903177
-3604,427,88.219181
8,246,88.401178
-2796,398,88.685178
-1320,285,88.889697
-3186,343,89.134696
-230,240,89.310697
-1016,383,89.587732
-748,374,89.862731
-476,238,90.036733
-1712,356,90.301732
-954,477,90.655731
-454,227,93.777388
-1376,313,94.014388
-2070,410,94.332909
-654,327,94.57291
-2916,333,94.831913
-678,339,95.084912
-274,262,95.28196
-546,273,95.480958
-492,246,95.656474
-252,251,95.836474
-1522,261,96.025474
-800,275,96.226477
-2322,286,96.430992
-966,233,96.608993
-244,247,96.80299
-886,318,97.048039
-542,271,97.250038
-478,364,100.448111
-914,332,100.68511
-938,219,100.842109
-1012,381,101.113622
-2844,422,101.419626
-296,273,101.614659
-222,236,101.782659
-1136,318,102.012659
-848,299,102.230661
-568,284,102.436176
-1340,295,102.647177
-490,245,102.820698
-874,312,103.045699
-1852,301,103.259698
-1282,266,103.464702
-558,279,103.666214
-1730,365,103.930214
-6702,601,107.740342
-280,265,107.951867
-680,215,108.115866
-2022,261,108.309867
-1312,281,108.517871
-1156,328,108.756866
-706,228,108.923866
-256,253,109.116867
-470,235,109.296387
-3284,392,109.577386
-456,228,109.740385
-1064,282,109.944389
-476,238,110.116392
-252,251,110.295917
-974,362,110.553917
-1408,204,110.699961
-696,223,110.862965
-2968,359,111.122961
-1430,340,114.295012
-1334,292,114.563011
-878,314,114.80653
-550,275,115.013531
-1198,349,115.279054
-674,212,115.455055
-1086,293,115.678055
-986,243,115.861053
-1172,336,116.112056
-936,343,116.372055
-1384,317,116.618053
-3856,303,116.834573
-3282,391,117.168576
-1320,285,117.393622
-270,260,117.61062
-1058,279,117.820659
-2612,306,118.047656
-786,268,121.195852
-760,255,121.383368
-950,225,121.544367
-758,254,121.727368
-220,235,121.89637
-262,256,122.086369
-2338,294,122.297367
-976,238,122.469367
-318,284,122.673368
-2442,346,122.922369
-520,260,123.120367
-1582,291,123.337885
-1986,368,123.608885
-50,275,123.809888
-1310,280,124.015885
-1360,305,124.242409
-522,261,124.438409
-434,342,124.685446
-294,272,127.839078
-438,219,128.005078
-1398,324,128.243594
-1172,211,128.402596
-1092,296,128.623595
-622,311,128.849596
-480,240,129.026594
-1062,281,129.236594
-1184,217,129.398594
16,242,129.576594
-530,265,129.767637
-282,266,129.958635
-1068,284,130.163673
-514,257,130.34967
-1178,214,130.504188
-576,288,130.714349
-1066,283,130.918233
-1252,376,131.194708
-928,214,131.352708
-526,263,134.421807
-1396,323,134.656808
-616,308,134.889333
-2030,265,135.100334
-1168,209,135.262857
-250,250,135.458856
-1140,320,135.704897
-1348,299,135.939898
-476,238,136.131898
-302,276,136.339897
-1870,435,136.668422
-250,250,136.86442
-942,346,137.132419
-230,240,137.314944
-1380,190,137.451943
-920,335,137.695943
-944,222,137.855978
-942,221,138.023979
-958,229,138.207981
-530,265,141.372669
-696,223,141.534669
-36,268,141.725669
-952,351,141.976707
-1082,291,142.186707
-1104,302,142.409707
-836,293,142.628709
-732,241,142.815752
-1178,339,143.079751
-868,309,143.326272
-2616,308,143.565273
-702,351,143.840336
-1874,312,144.101335
-646,323,144.376335
-1346,298,144.622381
-2606,303,144.860382
-462,231,145.044379
-1402,201,145.200427
-1078,289,148.489383
-964,357,148.789456
-514,257,149.009459
-1090,295,149.254456
-236,243,149.450992
-310,280,149.720992
-678,214,149.926989
-1090,295,150.160521
-734,242,150.346523
-250,250,150.530519
-702,226,150.699523
-728,239,150.877576
-508,254,151.069573
-2912,331,151.313577
-1092,296,151.54361
-828,289,151.761612
-834,292,151.980612
-686,218,152.164612
-1210,230,152.345611
-1608,304,155.558272
-508,254,155.743268
-1020,260,155.941267
-228,239,156.12027
-816,283,156.345269
2,249,156.550272
-908,204,156.72027
-1404,202,156.884268
-516,258,157.077788
-548,274,157.281045
-1352,301,157.52205
-900,200,157.682049
-252,251,157.879046
-256,253,158.064045
-866,183,158.199048
-820,285,158.441049
-1376,313,158.68205
-1190,220,158.858051
-1404,327,159.102112
-924,212,159.262111
-224,237,162.586465
-1192,221,162.746466
-530,265,162.937464
-500,250,163.129473
-550,275,163.334469
-506,253,163.523466
-254,252,163.70747
-738,244,163.886465
-1062,281,164.094123
-294,272,164.321119
-714,232,164.51412
-240,245,164.703119
-952,226,164.87312
-880,190,165.021123
-470,235,165.201118
-690,220,165.381124
-944,222,165.553655
-270,260,165.754651
-716,233,165.931654
-682,216,166.094652
-532,266,166.288183
-1310,280,169.430818
-760,255,169.626817
-706,228,169.802828
-550,275,170.010828
-238,244,170.193862
-1410,205,170.355865
-304,277,170.566393
-1364,182,170.700391
-298,274,170.909393
-550,275,171.109429
-278,264,171.308955
-2094,297,171.534952
-492,246,171.714952
22,239,171.897013
-738,244,172.074013
-1192,221,172.241014
-936,218,172.424016
-932,216,172.604014
-1408,204,172.770014
-1234,242,172.965014
-234,242,173.147012
-960,230,176.261095
-510,255,176.449129
-966,233,176.618126
-962,231,176.790125
-716,233,176.964125
-516,258,177.157647
-494,247,177.34417
-768,259,177.545166
-974,237,177.72417
-932,216,177.895227
-706,228,178.067228
6,247,178.267301
-732,241,178.463259
-704,227,178.635301
-256,253,178.8223
-252,251,179.0053
-918,209,179.156301
-300,275,179.354302
-964,232,179.528301
-1108,179,179.657302
-1206,228,179.8233
-230,240,180.0003
-836,293,183.217543
-742,246,183.396543
-546,273,183.596542
-816,283,183.806059
-1106,303,184.024056
-758,254,184.207571
-1172,211,184.358571
-510,255,184.543571
-464,232,184.709571
-708,229,184.882571
-732,241,185.060572
-814,282,185.267608
-1410,205,185.419605
-878,314,185.649125
-934,217,185.808159
-250,250,185.996159
-962,231,186.170159
-826,288,186.384685
-270,260,186.582199
-1166,208,186.740205
-1352,301,189.914225
-1222,236,190.088223
-1308,279,190.293742
-952,226,190.464783
-934,217,190.625789
-690,220,190.792788
-512,256,190.982786
-1264,257,191.168783
-516,258,191.357783
-760,255,191.546783
-4,252,191.728304
-794,272,191.927307
-1054,277,192.133307
-1074,287,192.363834
-698,224,192.534833
-524,262,192.733834
-252,251,192.925834
-464,232,193.097839
-1084,292,193.331836
-720,235,193.541835
-950,225,196.761435
-226,238,196.935432
-490,245,197.115951
-494,247,197.29895
-218,234,197.478951
-912,206,197.63295
-822,286,197.847469
-1120,185,197.988467
-284,267,198.186985
-1200,225,198.352985
-292,271,198.555984
-1024,262,198.747984
-234,242,198.931987
-700,225,199.096026
-532,266,199.290024
-842,296,199.504026
-1188,219,199.662024
-510,255,199.848027
-270,260,200.039026
-762,256,200.228058
-1222,236,200.420063
-702,226,203.7291
-948,224,203.897103
-624,312,204.1381
-516,258,204.343102
-514,257,204.545136
-830,290,204.763137
-834,292,204.976134
-1058,279,205.183656
-492,246,205.365653
-524,262,205.568653
2,249,205.769654
-512,256,205.984098
-460,230,206.166628
-718,234,206.351628
-1066,283,206.564627
-268,259,206.759636
-964,232,206.929647
-546,273,207.130648
-1194,347,207.381682
-232,241,229.736253
0,250,229.992254
-502,251,230.190781
-510,255,230.38578
-284,267,230.587306
-1612,306,230.813304
-944,222,230.975304
-264,257,231.165304
-518,259,231.356305
-936,218,231.51837
-474,237,231.694365
-508,254,231.880398
-532,266,232.0724
-522,261,232.2614
-698,224,232.420398
-1134,317,232.650919
-1092,296,232.863917
-512,256,233.045917
-252,251,233.227919
-498,249,233.404917
-506,253,236.502017
-552,276,236.708022
-714,232,236.881027
-1138,319,237.141028
-474,237,237.316028
-230,240,237.499029
-456,228,237.669551
-292,271,237.872549
-1374,312,238.119549
-214,232,238.294549
-934,217,238.457065
-510,255,238.649067
-842,296,238.868068
-918,209,239.026065
-508,254,239.218067
-672,211,239.373065
-286,268,239.567065
12,244,239.741065
-254,252,239.924083
-822,286,240.127077
-770,260,243.274643
-968,234,243.448645
-1232,241,243.645686
-546,273,243.872684
-226,238,244.060679
-478,239,244.234722
-778,264,244.434258
-542,271,244.640254
-954,227,244.804255
-496,248,244.984254
-558,279,245.185284
-504,252,245.368287
-238,244,245.550808
-814,282,245.764803
-1196,223,245.927805
-494,247,246.106804
-558,279,246.312877
-2,251,246.492404
-1102,301,246.716916
-818,284,246.927912
-484,242,249.997514
-266,258,250.194514
-258,254,250.378551
-738,244,250.556068
-548,274,250.752068
-964,232,250.931122
-476,238,251.106122
-908,204,251.253121
-544,272,251.457123
-486,243,251.646124
-750,250,251.826123
-470,235,252.013128
-528,264,252.2235
-264,257,252.418498
-266,258,252.608541
-536,268,252.811541
-514,257,253.001541
-258,254,253.184066
-822,286,253.390064
256,247,253.583067
-534,267,253.795112
-970,235,257.011774
-498,249,257.192291
-518,259,257.38029
-1046,273,257.58129
-250,250,257.761347
-534,267,257.954379
-528,264,258.144382
-304,277,258.349389
-476,238,258.523381
-254,252,258.71038
-254,252,258.891417
-516,258,259.08246
-1058,279,259.307465
-480,240,259.496492
-234,242,259.682999
-262,256,259.877002
18,241,260.063001
-1202,226,260.238526
-952,226,260.417526
-276,263,260.611527
-224,237,263.788615
-466,233,263.968613
-268,259,264.176614
-558,279,264.387611
-280,265,264.591614
-938,219,264.755134
-950,225,264.917133
-24,262,265.109133
-1198,224,265.283135
-478,239,265.464658
-242,246,265.64866
-952,226,265.812657
-1412,206,265.961177
-698,224,266.140182
14,243,266.334719
6,247,266.558716
-284,267,266.776714
-218,234,267.012312
-516,258,267.232308
-816,283,267.452899
-226,238,267.635898
-960,230,270.964623
-1050,275,271.16862
-538,269,271.366144
-516,258,271.569147
-1078,289,271.817147
-250,250,272.010145
-6,253,272.206144
-230,240,272.391145
-486,243,272.577194
-284,267,272.781228
-720,235,272.961226
-474,237,273.140226
-270,260,273.332744
-542,271,273.527744
-752,251,273.717265
-950,225,273.887266
-686,218,274.044264
-232,241,274.218785
-942,221,274.376783
-490,245,274.556784
-482,241,274.735783
-526,263,277.865895
-520,260,278.060895
-524,262,278.263897
-534,267,278.463464
-512,256,278.676464
-220,235,278.864464
-544,272,279.065462
-236,243,279.248466
-268,259,279.448462
-952,226,279.615501
-480,240,279.793023
-256,253,279.980023
-282,266,280.176024
-470,235,280.351059
-546,273,280.55306
-686,218,280.717059
-482,241,280.89506
-24,262,281.088059
-240,245,281.269059
-512,256,281.459059
-504,252,284.635159
-294,272,284.861162
-1070,285,285.097688
-508,254,285.290723
-536,268,285.498725
-542,271,285.695723
-510,255,285.884757
-300,275,286.086759
-810,280,286.292757
-548,274,286.499274
-266,258,286.687276
-964,232,286.874274
-528,264,287.086274
-764,257,287.273273
-234,242,287.450273
-1074,287,287.665273
8,246,287.842314
-224,237,288.022316
-532,266,288.220314
-1072,286,291.445432
-264,257,291.645433
-2,251,291.835433
-528,264,292.028472
-212,231,292.201471
-1082,291,292.421999
-220,235,292.598998
-246,248,292.781998
-266,258,292.978997
-528,264,293.178042
-532,266,293.384042
-948,224,293.554044
-1052,276,293.756561
-504,252,293.936561
-294,272,294.131562
-536,268,294.325562
-280,265,294.518602
-528,264,294.7096
-290,270,294.903633
-708,229,295.067633
-936,218,298.194793
-472,236,298.369793
-508,254,298.553791
-282,266,298.746307
-530,265,298.985309
-274,262,299.190309
-268,259,299.389309
-494,247,299.569306
254,248,299.752308
-6,253,299.940307
-2,251,300.127823
-282,266,300.336348
-544,272,300.538349
-476,238,300.720348
-1064,282,300.93835
-492,246,301.126349
-274,262,301.320864
-536,268,301.517865
-468,234,301.692864
-242,246,301.871864
-558,279,304.984936
-518,259,305.176934
-466,233,305.353934
-538,269,305.55245
-274,262,305.74945
-470,235,305.920452
-256,253,306.10245
-1324,287,306.31245
-260,255,306.49345
-278,264,306.685452
-462,231,306.85345
-520,260,307.041488
-550,275,307.244489
2,249,307.423489
-1318,284,307.636488
-240,245,307.812489
-536,268,308.004488
-296,273,308.203528
-238,244,308.383526
-942,221,308.549526
2,249,311.969757
-260,255,312.154759
-488,244,312.335758
-500,250,312.536757
-1098,299,312.778761
-222,236,312.971777
-714,232,313.153772
-952,226,313.325771
-528,264,313.52877
-464,232,313.715819
-2,251,313.914819
-1816,283,314.140864
-254,252,314.327381
-530,265,314.520381
-258,254,314.709385
-542,271,314.922382
-488,244,315.114385
-258,254,315.317384
-258,254,315.506908
-248,249,315.704905
-230,240,315.896902
-510,255,319.206039
-280,265,319.405045
-248,249,319.608042
-516,258,319.804042
-516,258,319.99204
-528,264,320.18304
-264,257,320.371041
-1054,277,320.573559
-232,241,320.751559
-954,227,320.918556
-478,239,321.12056
-232,241,321.327561
-212,231,321.53356
-548,274,321.759625
-254,252,321.952677
-518,259,322.144231
-762,256,322.33323
-494,247,322.531232
-240,245,322.722229
-260,255,322.915228
4,248,326.291962
-250,250,326.516964
-240,245,326.707961
-276,263,326.934961
-218,234,327.118959
-262,256,327.317963
-254,252,327.511487
-810,280,327.721486
-486,243,327.907485
-490,245,328.084521
-254,252,328.274524
-492,246,328.464523
-522,261,328.666048
-276,263,328.868043
-468,234,329.036045
-258,254,329.222043
-228,239,329.399088
-530,265,329.598088
-486,243,329.77809
-2,251,329.964609
-6,253,333.0647
2,249,333.2457
-256,253,333.441699
-504,252,333.641729
-244,247,333.828736
-228,239,334.005737
-228,239,334.183259
-710,230,334.358255
-258,254,334.555784
-758,254,334.752784
-532,266,334.964782
-228,239,335.143781
-248,249,335.324782
-540,270,335.520815
-256,253,335.716818
-224,237,335.897853
-714,232,336.067855
-786,268,336.265852
-960,230,336.434377
-526,263,336.63038
-536,268,336.829894
-722,236,339.970018
-214,232,340.141017
-2,251,340.320536
-466,233,340.487536
-468,234,340.656536
-712,231,340.827538
-240,245,341.005536
-512,256,341.204537
16,242,341.389535
-510,255,341.575535
-960,230,341.745537
-242,246,341.930536
-478,239,342.106537
-230,240,342.287059
-272,261,342.48006
-1198,224,342.645058
-706,228,342.813061
-474,237,342.989058
-482,241,343.172593
-6,253,343.35912
-724,237,343.532121
12,244,346.622713
16,242,346.801714
-954,227,346.969713
-234,242,347.146713
-242,246,347.327713
-266,258,347.514715
-800,275,347.715758
-1034,267,347.909756
-486,243,348.086756
-2,251,348.267756
-480,240,348.438756
-226,238,348.611757
-240,245,348.792756
-466,233,348.964757
-472,236,349.134756
-468,234,349.303276
-524,262,349.492276
-478,239,349.671276
0,250,349.856277
2,249,350.040276
-486,243,350.218277
8,246,353.338861
-256,253,353.520861
-716,233,353.692862
-468,234,353.864862
-484,242,354.043381
-234,242,354.225382
-544,272,354.424382
12,244,354.604382
-476,238,354.782383
22,239,354.96342
-526,263,355.16042
-514,257,355.352421
-270,260,355.538421
-536,268,355.73242
-254,252,355.914458
-512,256,356.099459
-518,259,356.287459
12,244,356.467458
-516,258,356.654458
-482,241,356.832461
-510,255,359.937065
-216,233,360.105574
-536,268,360.302095
-454,227,360.464093
-480,240,360.638095
-948,224,360.802093
-490,245,360.989093
-252,251,361.175093
-284,267,361.368096
-484,242,361.544094
-238,244,361.725097
-528,264,361.927093
-468,234,362.100093
-244,247,362.283093
-220,235,362.455093
-6,253,362.645094
-488,244,362.841137
18,241,363.023135
-514,257,363.216135
-534,267,363.408135
-508,254,363.590135
-950,225,366.68228
2,249,366.870314
-224,237,367.047314
-500,250,367.233315
-490,245,367.410834
-244,247,367.588834
-788,269,367.785834
-228,239,367.962835
-4,252,368.147358
-536,268,368.346358
-244,247,368.524358
-228,239,368.704358
-220,235,368.88836
-230,240,369.080359
-522,261,369.27636
-256,253,369.464357
-266,258,369.654877
8,246,369.838879
-484,242,370.019877
-250,250,370.207877
-246,248,370.397878
-274,262,373.582448
-490,245,373.771448
-520,260,373.966447
-714,232,374.139449
-6,253,374.326449
8,246,374.507484
-236,243,374.686485
-272,261,374.884499
-760,255,375.081498
-240,245,375.276031
-256,253,375.484032
-482,241,375.66903
-2,251,375.862029
-944,222,376.027029
-246,248,376.20803
-246,248,376.393088
-248,249,376.586087
6,247,376.770087
-220,235,376.944088
-230,240,377.121088
-230,240,377.293087
-238,244,380.522315
-536,268,380.720315
-540,270,380.921313
4,248,381.103316
-530,265,381.298314
-474,237,381.469314
-498,249,381.662315
-238,244,381.863838
-474,237,382.057836
-698,224,382.221838
-486,243,382.403355
4,248,382.591358
-2,251,382.789361
-476,238,382.977358
-960,230,383.143878
-222,236,383.314877
-962,231,383.481879
-4,252,383.662879
-484,242,383.839877
10,245,384.016397
-260,255,387.129528
-476,238,387.315573
-268,259,387.509573
-516,258,387.710572
-490,245,387.891572
-212,231,388.057573
-216,233,388.231571
-478,239,388.410571
-252,251,388.592572
2,249,388.770571
-220,235,388.97058
2,249,389.158572
-956,228,389.326575
-476,238,389.503572
-232,241,389.675571
-512,256,389.861571
0,250,390.042086
-234,242,390.218088
-484,242,390.397609
-530,265,390.601136
-236,243,390.779135
-242,246,393.872217
-474,237,394.042217
6,247,394.223217
-248,249,394.420217
2,249,394.628746
-508,254,394.833742
-228,239,395.02426
-6,253,395.223261
-522,261,395.425778
-524,262,395.618783
-222,236,395.812781
-690,220,395.994781
-260,255,396.199778
-478,239,396.375781
-260,255,396.564303
-248,249,396.744337
-524,262,396.965338
-516,258,397.220337
-230,240,397.401339
-220,235,397.570857
-494,247,397.751857
-794,272,400.851007
0,250,401.038522
-760,255,401.229524
-536,268,401.428522
-230,240,401.601522
-218,234,401.770522
-244,247,401.955524
-216,233,402.123523
-262,256,402.310523
-472,236,402.479522
10,245,402.662522
-788,269,402.855041
-704,227,403.030047
-224,237,403.203041
-244,247,403.382078
-522,261,403.581076
12,244,403.763114
-258,254,403.955113
-4,252,404.145113
-4,252,404.333113
-522,261,404.524114
-466,233,407.625724
14,243,407.806243
-508,254,407.997244
-478,239,408.174242
-522,261,408.366242
-510,255,408.560241
-520,260,408.752242
-266,258,408.943244
-496,248,409.126242
-216,233,409.300242
-516,258,409.493246
-272,261,409.67929
-240,245,409.86429
-232,241,410.052289
8,246,410.238291
-238,244,410.423328
10,245,410.603332
-508,254,410.788327
-234,242,410.993862
4,248,411.18986
-228,239,414.348461
-220,235,414.5195
-228,239,414.737499
-6,253,414.941021
-260,255,415.14502
-2,251,415.327543
-478,239,415.500544
-516,258,415.692543
-512,256,415.891067
-240,245,416.093215
-242,246,416.286214
-478,239,416.470214
-466,233,416.645219
-276,263,416.840214
-524,262,417.034216
-466,233,417.211738
-474,237,417.389742
-252,251,417.577737
-254,252,417.766255
-706,228,417.934255
-2,251,418.114255
-234,242,421.324356
-524,262,421.526354
-264,257,421.71739
-226,238,421.888392
0,250,422.084393
-488,244,422.259391
-220,235,422.431394
-474,237,422.606405
-520,260,422.803419
-224,237,422.980419
-710,230,423.150419
-4,252,423.331419
-230,240,423.506418
10,245,423.686419
-232,241,423.860417
-484,242,424.035935
-510,255,424.226937
-468,234,424.399935
-242,246,424.585935
-232,241,424.781457
-516,258,424.974457
-530,265,428.1036
-230,240,428.2816
-508,254,428.4706
4,248,428.657603
-484,242,428.8436
-228,239,429.022602
-252,251,429.213603
-242,246,429.393602
-530,265,429.58712
0,250,429.771118
-250,250,429.953117
-4,252,430.137119
-526,263,430.32712
-232,241,430.502154
16,242,430.68615
-4,252,430.865671
-474,237,431.03867
0,250,431.22167
-6,253,431.40519
6,247,431.584705
-250,250,451.641549
-468,234,451.88755
4,248,452.07208
-510,255,452.265078
-478,239,452.442078
-246,248,452.6326
-254,252,452.818598
-478,239,453.015599
-4,252,453.205605
-712,231,453.386599
-478,239,453.566597
-528,264,453.759599
-224,237,453.932601
-486,243,454.11163
8,246,454.303631
-4,252,454.487631
-1024,262,454.678628
-514,257,454.865149
0,250,455.04615
-228,239,455.220151
-708,229,455.388676
-702,226,458.475739
-478,239,458.649739
-270,260,458.83574
-514,257,459.025742
-488,244,459.202739
2,249,459.383744
-466,233,459.556259
-238,244,459.739261
-480,240,459.91326
-482,241,460.090261
12,244,460.26826
-4,252,460.453261
8,246,460.638261
4,248,460.819259
-222,236,460.994263
-270,260,461.18426
-484,242,461.366261
-2,251,461.559261
-254,252,461.753262
-512,256,461.937259
-530,265,462.127259
12,244,465.289388
-536,268,465.485904
-6,253,465.671904
-480,240,465.847904
-262,256,466.036906
-514,257,466.221904
-490,245,466.398421
-470,235,466.565421
6,247,466.742423
-250,250,466.923421
12,244,467.102944
-254,252,467.289982
-706,228,467.463983
-242,246,467.656503
-250,250,467.841505
-6,253,468.0275
-526,263,468.223501
-242,246,468.406532
4,248,468.587532
-468,234,468.764536
-246,248,468.954534
-476,238,472.058166
-514,257,472.247687
-522,261,472.441686
-264,257,472.634685
8,246,472.815687
-536,268,473.012686
0,250,473.193725
-262,256,473.382723
-232,241,473.561723
-4,252,473.757726
16,242,473.934723
-514,257,474.133724
-254,252,474.332724
-476,238,474.515242
-232,241,474.702245
-706,228,474.866242
-708,229,475.033244
-510,255,475.229243
-484,242,475.40528
-238,244,475.58528
-236,243,478.994896
-496,248,479.174894
-226,238,479.363896
-714,232,479.544896
-526,263,479.739894
-256,253,479.923929
-478,239,480.110929
-6,253,480.304931
12,244,480.49293
-474,237,480.674931
-508,254,480.871931
-532,266,481.073931
-248,249,481.275451
-512,256,481.470449
-712,231,481.639449
-482,241,481.817449
-512,256,482.005189
-2,251,482.192189
12,244,482.373233
-252,251,482.55423
-474,237,482.722746
-6,253,485.882362
2,249,486.070363
-532,266,486.273405
-240,245,486.461406
6,247,486.658404
-522,261,486.854451
-2,251,487.04145
-262,256,487.251456
8,246,487.449972
-246,248,487.662981
-484,242,487.863976
-486,243,488.046974
-238,244,488.24402
2,249,488.462019
-472,236,488.660094
-518,259,488.872017
-476,238,489.055017
-244,247,489.237016
12,244,489.417016
-230,240,489.593016
8,246,489.773017
-2,251,492.94318
-242,246,493.132179
-260,255,493.319181
-6,253,493.504179
-222,236,493.677216
0,250,493.8623
8,246,494.044217
8,246,494.225739
8,246,494.406739
-234,242,494.58474
16,242,494.75974
-518,259,494.946294
14,243,495.123294
-228,239,495.303295
8,246,495.480814
2,249,495.660815
18,241,495.833813
2,249,496.013813
4,248,496.191814
-240,245,496.372331
2,249,496.550331
4,248,499.712964
-234,242,499.903969
4,248,500.098964
-512,256,500.296967
8,246,500.487486
8,246,500.678488
-254,252,500.877487
8,246,501.080487
-510,255,501.299487
-236,243,501.479486
-512,256,501.672488
-242,246,501.858531
-528,264,502.063526
-512,256,502.263527
4,248,502.457526
-530,265,502.669525
12,244,502.853563
-260,255,503.045562
-272,261,503.237082
-244,247,503.43408
-238,244,506.735737
8,246,506.918736
10,245,507.100736
10,245,507.281261
-2,251,507.460262
-260,255,507.644264
-232,241,507.819263
4,248,507.998297
-524,262,508.193335
8,246,508.375334
8,246,508.555333
10,245,508.738332
-230,240,508.916335
-228,239,509.094334
8,246,509.272852
-4,252,509.460851
6,247,509.65385
-240,245,509.83885
-510,255,510.033369
10,245,510.215371
10,245,510.394407
-230,240,513.483543
10,245,513.666543
-6,253,513.856543
-256,253,514.053577
-224,237,514.230578
-510,255,514.421579
-260,255,514.62758
16,242,514.811579
-4,252,515.001577
14,243,515.182578
4,248,515.362101
6,247,515.541101
14,243,515.7161
-474,237,515.8901
8,246,516.071099
8,246,516.250101
-240,245,516.435137
-214,232,516.605137
-488,244,516.782136
2,249,516.966661
-472,236,517.140659
2,249,520.207251
4,248,520.381811
-232,241,520.557811
8,246,520.735811
-258,254,520.914845
-466,233,521.085845
-2,251,521.266884
-256,253,521.449884
12,244,521.622885
-508,254,521.807885
-494,247,521.988884
16,242,522.170402
16,242,522.347407
-472,236,522.523404
6,247,522.703403
-252,251,522.883403
4,248,523.065403
8,246,523.24192
-472,236,523.410925
-234,242,523.585448
-238,244,526.642566
-4,252,526.830566
4,248,527.007565
-228,239,527.181564
-234,242,527.352627
-252,251,527.531627
14,243,527.705145
20,240,527.883144
-258,254,528.069143
-2,251,528.247143
8,246,528.425181
-234,242,528.600699
-2,251,528.780699
4,248,528.96322
-512,256,529.149736
2,249,529.342735
-4,252,529.525737
-480,240,529.698735
-482,241,529.872735
8,246,530.056736
8,246,530.236736
-508,254,533.355329
-512,256,533.540328
18,241,533.71833
-230,240,533.89733
-476,238,534.074328
-238,244,534.255328
-226,238,534.426363
-4,252,534.607363
-234,242,534.782362
-232,241,534.960363
-480,240,535.137363
6,247,535.333364
6,247,535.553938
-222,236,535.77294
-232,241,535.962938
-472,236,536.141458
8,246,536.333459
-2,251,536.536981
-482,241,536.726983
-472,236,536.922985
4,248,537.116985
8,246,540.487584
-234,242,540.673585
-222,236,540.851581
-512,256,541.043585
-478,239,541.22658
-474,237,541.401617
-254,252,541.587621
14,243,541.77262
18,241,541.961619
-258,254,542.15462
8,246,542.337617
10,245,542.541156
-234,242,542.718691
-250,250,542.905684
-230,240,543.088686
-226,238,543.265689
12,244,543.451693
-262,256,543.65971
2,249,543.849705
-2,251,544.034264
-510,255,544.282261
-264,257,548.065452
0,250,548.283454
2,249,548.477005
4,248,548.674064
2,249,548.875064
-244,247,549.063062
16,242,549.246063
-262,256,549.431593
-2,251,549.61659
-2,251,549.804591
16,242,549.993592
-260,255,550.190593
2,249,550.376589
-484,242,550.570612
14,243,550.774613
4,248,550.959611
-512,256,551.168609
8,246,551.358609
2,249,551.541673
-254,252,551.731676
-260,255,555.2315
2,249,555.415501
-252,251,555.5975
-510,255,555.793501
8,246,555.975499
16,242,556.165502
-520,260,556.362499
-510,255,556.551501
-4,252,556.7395
-260,255,556.928559
-238,244,557.130559
10,245,557.33556
-514,257,557.52856
6,247,557.723557
-234,242,557.915558
-236,243,558.105561
4,248,558.321093
-512,256,558.51509
14,243,558.691139
6,247,558.902141
10,245,559.125679
12,244,562.583919
16,242,562.776916
-258,254,562.979919
-480,240,563.163914
-254,252,563.349916
-480,240,563.553917
4,248,563.733916
-4,252,563.923981
-262,256,564.112979
-244,247,564.299053
-472,236,564.471053
12,244,564.649053
2,249,564.836054
-462,231,565.013055
-230,240,565.199114
10,245,565.397108
-258,254,565.588114
12,244,565.786181
6,247,565.979179
10,245,566.170177
12,244,566.35718
8,246,569.623416
12,244,569.804416
-230,240,569.981475
0,250,570.169474
18,241,570.358473
10,245,570.545475
18,241,570.727475
8,246,570.906474
-2,251,571.092475
-240,245,571.269016
-508,254,571.457016
-238,244,571.633545
-234,242,571.807547
2,249,571.988543
4,248,572.174543
8,246,572.358547
-220,235,572.534546
-232,241,572.721596
6,247,572.920596
2,249,573.107594
10,245,573.289595
10,245,576.38982
-248,249,576.576822
-6,253,576.76188
4,248,576.968882
-510,255,577.184879
-474,237,577.360935
10,245,577.541934
-260,255,577.730933
12,244,577.914935
14,243,578.097993
2,249,578.280993
-232,241,578.460995
6,247,578.643993
14,243,578.820993
6,247,579.010994
-480,240,579.188994
-472,236,579.360992
18,241,579.53452
8,246,579.712521
10,245,579.89352
14,243,580.07152
10,245,583.184719
8,246,583.366719
-232,241,583.543249
12,244,583.725251
-474,237,583.897249
-476,238,584.069781
6,247,584.248781
-482,241,584.427781
-254,252,584.61278
-236,243,584.788307
6,247,584.966834
6,247,585.149834
14,243,585.33283
14,243,585.520875
10,245,585.704874
-260,255,585.891874
8,246,586.072875
10,245,586.255399
-228,239,586.4324
-508,254,586.622401
12,244,586.8014
12,244,589.916051
0,250,590.107049
-248,249,590.317054
4,248,590.513582
-236,243,590.701649
-472,236,590.893647
-246,248,591.081647
6,247,591.278647
8,246,591.455645
-476,238,591.626647
12,244,591.81018
18,241,592.012178
-472,236,592.216177
0,250,592.399177
10,245,592.60918
-480,240,592.832181
-234,242,593.041172
-512,256,593.277173
-478,239,593.473177
12,244,593.693711
18,241,593.888711
10,245,597.277659
10,245,597.458659
12,244,597.638659
4,248,597.81966
-250,250,598.006659
14,243,598.189659
-484,242,598.368658
4,248,598.553189
10,245,598.735191
-228,239,598.91119
-250,250,599.094191
-234,242,599.27519
-484,242,599.452188
-4,252,599.646188
-238,244,599.831189
-256,253,600.016246
-224,237,600.189246
12,244,600.366247
6,247,600.556301
8,246,600.759304
2,249,603.93237
8,246,604.135902
-246,248,604.326901
6,247,604.506901
4,248,604.691901
-222,236,604.878901
-244,247,605.075965
-226,238,605.263966
8,246,605.452032
4,248,605.63503
14,243,605.81109
-2,251,605.993088
2,249,606.191091
-244,247,606.400712
16,242,606.608714
-510,255,606.817238
14,243,607.005239
6,247,607.189237
-254,252,607.382237
4,248,607.565237
14,243,607.742236
2,249,610.886434
2,249,611.069434
10,245,611.251433
-236,243,611.439434
-258,254,611.646432
-226,238,611.851968
8,246,612.047968
-242,246,612.237504
-256,253,612.426503
0,250,612.6075
0,250,612.795503
-4,252,612.994503
-468,234,613.172502
8,246,613.357502
6,247,613.550094
16,242,613.745094
-6,253,613.945094
20,240,614.125095
-510,255,614.336093
14,243,614.537096
-228,239,614.729095
8,246,617.839727
-268,259,618.027792
6,247,618.212793
2,249,618.393791
6,247,618.575791
14,243,618.755792
0,250,618.941852
16,242,619.120852
-476,238,619.30285
-242,246,619.48485
10,245,619.666852
10,245,619.848852
10,245,620.03485
-250,250,620.221887
4,248,620.408416
-244,247,620.587417
10,245,620.769418
-510,255,620.955472
4,248,621.136472
2,249,621.317474
8,246,621.504472
14,243,624.680593
-6,253,624.873593
8,246,625.072594
6,247,625.285127
-258,254,625.475129
4,248,625.655128
4,248,625.836659
-222,236,626.008659
-476,238,626.181657
4,248,626.361659
-2,251,626.543658
2,249,626.727655
6,247,626.919693
-4,252,627.106697
6,247,627.291222
8,246,627.473223
-482,241,627.651223
10,245,627.833224
6,247,628.01775
6,247,628.21775
0,250,631.364373
-230,240,631.543374
2,249,631.727373
10,245,631.908371
8,246,632.097373
-226,238,632.327372
-240,245,632.517373
8,246,632.694369
8,246,632.873373
-240,245,633.052901
6,247,633.236902
-4,252,633.428899
8,246,633.608903
14,243,633.7909
0,250,633.971434
-222,236,634.142432
6,247,634.321433
-250,250,634.507433
-228,239,634.677433
-2,251,634.862433
16,242,635.040433
-228,239,638.180749
0,250,638.361747
10,245,638.538748
-472,236,638.709746
-4,252,638.895747
8,246,639.080813
-258,254,639.283814
6,247,639.482344
8,246,639.722344
12,244,639.944877
4,248,640.129877
-2,251,640.319875
10,245,640.527874
4,248,640.714877
6,247,640.921926
-250,250,641.160926
8,246,641.343927
16,242,641.530927
-256,253,641.722925
2,249,641.915926
-230,240,642.109453
16,242,645.310156
10,245,645.493155
12,244,645.669224
2,249,645.851282
8,246,646.042281
0,250,646.24835
4,248,646.44035
-226,238,646.619347
18,241,646.794362
12,244,646.971349
-6,253,647.160349
-482,241,647.365359
2,249,647.585348
-2,251,647.775352
8,246,647.980347
2,249,648.164351
4,248,648.349348
0,250,648.534347
-254,252,648.741348
4,248,648.961347
20,240,649.140876
2,249,652.405079
10,245,652.592078
2,249,652.78208
12,244,652.974078
-232,241,653.151613
0,250,653.337611
12,244,653.514613
-232,241,653.68761
4,248,653.867614
6,247,654.051614
0,250,654.239624
-250,250,654.422166
-258,254,654.605167
12,244,654.782166
-4,252,654.967167
8,246,655.148166
12,244,655.329163
-260,255,655.533708
12,244,655.733706
6,247,655.927764
2,249,656.113763
-252,251,676.275769
0,250,676.5213
8,246,676.6993
10,245,676.880304
6,247,677.070301
2,249,677.2633
-228,239,677.436302
-242,246,677.63383
-4,252,677.835831
10,245,678.03983
0,250,678.22383
8,246,678.402831
-2,251,678.58183
14,243,678.75483
-250,250,678.94536
10,245,679.14036
14,243,679.32836
8,246,679.51336
14,243,679.693358
0,250,679.87636
8,246,680.06036
8,246,683.224644
-248,249,683.423643
22,239,683.604643
4,248,683.788643
12,244,683.965689
-228,239,684.14369
10,245,684.359691
-230,240,684.556692
14,243,684.74269
0,250,684.930691
10,245,685.116691
6,247,685.305691
-464,232,685.479222
18,241,685.658222
6,247,685.84028
-236,243,686.018279
6,247,686.20128
6,247,686.384337
4,248,686.568339
-252,251,686.7524
-250,250,686.9364
8,246,690.19611
4,248,690.404112
12,244,690.583646
-4,252,690.790643
-212,231,690.969696
-228,239,691.146694
0,250,691.397222
6,247,691.588292
-478,239,691.760816
-252,251,691.943816
-514,257,692.138815
-2,251,692.324816
8,246,692.504816
-2,251,692.695348
8,246,692.880347
10,245,693.067345
6,247,693.258348
2,249,693.443346
6,247,693.640348
4,248,693.827348
6,247,694.016411
10,245,697.350469
8,246,697.538472
-250,250,697.721471
2,249,697.908484
-258,254,698.097486
-510,255,698.290484
6,247,698.472486
18,241,698.658489
4,248,698.925486
6,247,699.136551
6,247,699.343549
-2,251,699.575544
-250,250,699.82755
12,244,700.099818
0,250,700.329819
10,245,700.546358
0,250,700.762713
0,250,700.953714
8,246,701.149715
-250,250,701.332711
6,247,701.523715
10,245,704.744443
-242,246,704.922443
6,247,705.106443
10,245,705.287444
14,243,705.46097
4,248,705.638969
-234,242,705.815969
-508,254,706.000972
6,247,706.18397
12,244,706.365969
-244,247,706.54797
-244,247,706.731971
10,245,706.918969
-228,239,707.1085
-2,251,707.329497
14,243,707.521499
-4,252,707.716565
0,250,707.900155
6,247,708.082159
-2,251,708.268157
10,245,711.431765
4,248,711.618766
10,245,711.801765
0,250,711.988765
-2,251,712.174898
-4,252,712.3779
0,250,712.5669
10,245,712.750899
-4,252,712.931899
16,242,713.107954
8,246,713.285959
2,249,713.466959
-254,252,713.647958
12,244,713.826954
14,243,714.002958
8,246,714.184957
-246,248,714.375957
14,243,714.559016
14,243,714.738016
0,250,714.928016
6,247,715.111089
10,245,718.280041
6,247,718.46404
6,247,718.645042
12,244,718.83904
8,246,719.03504
8,246,719.22604
8,246,719.412042
-4,252,719.597568
8,246,719.778566
10,245,719.959625
-6,253,720.146626
6,247,720.338625
8,246,720.517626
14,243,720.702626
6,247,720.901625
-230,240,721.092628
10,245,721.280687
16,242,721.463687
12,244,721.639686
-228,239,721.812307
2,249,721.991307
16,242,725.18458
14,243,725.364106
0,250,725.545109
14,243,725.723106
6,247,725.906106
14,243,726.083107
-232,241,726.258107
12,244,726.438162
12,244,726.614709
6,247,726.804694
2,249,726.992692
4,248,727.178692
0,250,727.381694
4,248,727.571248
16,242,727.74831
4,248,727.93031
-4,252,728.115842
2,249,728.299373
-256,253,728.486372
4,248,728.663374
-226,238,728.834373
8,246,731.939615
2,249,732.127143
8,246,732.318144
4,248,732.504143
4,248,732.682193
-4,252,732.864196
10,245,733.042196
8,246,733.220196
6,247,733.405197
18,241,733.577258
0,250,733.756259
8,246,733.934259
20,240,734.108258
-238,244,734.28426
8,246,734.471259
2,249,734.655259
12,244,734.840791
2,249,735.035791
4,248,735.220791
6,247,735.40879
4,248,738.59394
12,244,738.776023
14,243,738.955073
8,246,739.138074
14,243,739.320076
10,245,739.502073
16,242,739.680074
10,245,739.877078
12,244,740.076074
-4,252,740.264075
12,244,740.452134
-228,239,740.630134
8,246,740.821136
8,246,741.015134
8,246,741.196135
14,243,741.375134
10,245,741.554135
12,244,741.730194
2,249,741.909193
6,247,742.092194
10,245,742.271195
10,245,745.418312
14,243,745.594312
14,243,745.768855
6,247,745.950856
0,250,746.129855
0,250,746.310855
4,248,746.491915
10,245,746.666915
-252,251,746.847916
10,245,747.025917
6,247,747.210446
14,243,747.393445
-4,252,747.583446
-2,251,747.766447
14,243,747.944507
12,244,748.130508
4,248,748.313506
0,250,748.500506
8,246,748.684035
10,245,748.861037
12,244,749.039036
2,249,752.155192
10,245,752.33719
12,244,752.518726
0,250,752.70325
0,250,752.891249
16,242,753.071317
-2,251,753.257318
-226,238,753.435323
4,248,753.620316
20,240,753.79932
6,247,753.994851
16,242,754.176847
8,246,754.36085
2,249,754.557852
4,248,754.745849
8,246,754.92385
6,247,755.108846
-260,255,755.304849
-260,255,755.502371
0,250,755.698372
6,247,755.895372
14,243,759.102334
12,244,759.315337
8,246,759.518388
6,247,759.726388
-2,251,759.930912
16,242,760.111912
18,241,760.314915
10,245,760.52898
10,245,760.724976
-224,237,760.901048
10,245,761.09105
8,246,761.277049
10,245,761.460579
6,247,761.64858
14,243,761.832579
14,243,762.024581
10,245,762.209108
8,246,762.388108
12,244,762.567108
16,242,762.748108
-228,239,762.921161
10,245,766.06997
10,245,766.248489
10,245,766.426486
-4,252,766.610485
2,249,766.789489
4,248,766.98649
0,250,767.176489
6,247,767.355489
12,244,767.535014
-246,248,767.719011
16,242,767.903014
6,247,768.092015
-232,241,768.287543
14,243,768.492542
6,247,768.699544
4,248,768.882543
8,246,769.06254
-2,251,769.256543
4,248,769.438557
4,248,769.621543
8,246,769.798542
8,246,772.932734
14,243,773.112797
4,248,773.29933
2,249,773.484343
6,247,773.666347
6,247,773.851342
-254,252,774.034344
-254,252,774.222349
6,247,774.409412
2,249,774.600412
8,246,774.786413
10,245,774.965945
10,245,775.141943
8,246,775.319945
0,250,775.502539
0,250,775.704539
2,249,775.896598
4,248,776.085598
-234,242,776.267596
10,245,776.447596
6,247,779.592242
4,248,779.772245
16,242,779.951242
10,245,780.137243
8,246,780.31777
4,248,780.503772
16,242,780.684773
8,246,780.866772
8,246,781.049303
4,248,781.240367
6,247,781.425366
-4,252,781.615897
8,246,781.801897
6,247,781.992899
10,245,782.177898
-2,251,782.361897
10,245,782.541429
4,248,782.720429
8,246,782.897431
0,250,783.078959
18,241,783.25596
-4,252,786.383244
2,249,786.573245
-256,253,786.758768
6,247,786.938292
6,247,787.115294
4,248,787.294292
8,246,787.472294
8,246,787.654293
8,246,787.835294
4,248,788.020293
6,247,788.202294
10,245,788.383296
8,246,788.575293
14,243,788.768358
10,245,788.949356
8,246,789.130356
6,247,789.312357
8,246,789.503414
0,250,789.701417
2,249,789.895417
-4,252,790.080424
-248,249,793.313599
-4,252,793.503599
-2,251,793.688599
6,247,793.870651
14,243,794.045652
16,242,794.230652
2,249,794.40965
2,249,794.640652
2,249,794.832182
8,246,795.009184
6,247,795.198182
4,248,795.393183
4,248,795.574714
10,245,795.752714
10,245,795.934715
18,241,796.130777
4,248,796.351249
2,249,796.548248
14,243,796.741248
8,246,796.929314
0,250,800.066005
12,244,800.243533
12,244,800.424533
12,244,800.609588
12,244,800.795589
4,248,800.978587
6,247,801.162589
-4,252,801.347588
-250,250,801.534588
-248,249,801.718651
14,243,801.904653
6,247,802.085652
4,248,802.264653
-246,248,802.444652
4,248,802.627653
8,246,802.805653
6,247,802.990712
12,244,803.168711
6,247,803.347711
4,248,803.529711
20,240,803.704729
12,244,806.808702
2,249,806.995702
8,246,807.179747
0,250,807.364747
-2,251,807.544747
-236,243,807.719748
2,249,807.901748
0,250,808.083804
-6,253,808.269804
8,246,808.447334
10,245,808.625332
6,247,808.802355
12,244,808.986357
12,244,809.164906
10,245,809.346901
12,244,809.539906
6,247,809.725904
12,244,809.918435
16,242,810.097437
16,242,810.280437
2,249,810.471979
10,245,813.621089
10,245,813.807083
16,242,813.98561
12,244,814.165152
12,244,814.343155
12,244,814.521156
4,248,814.704154
12,244,814.895152
8,246,815.074153
12,244,815.251213
4,248,815.448213
6,247,815.644749
6,247,815.834748
10,245,816.021751
6,247,816.20975
12,244,816.393751
14,243,816.580749
10,245,816.75881
18,241,816.948808
2,249,817.139341
16,242,817.319341
4,248,820.522033
6,247,820.701558
6,247,820.881561
-230,240,821.058562
10,245,821.240089
-480,240,821.422089
0,250,821.606091
22,239,821.782091
8,246,821.96409
2,249,822.145622
-242,246,822.325623
14,243,822.538622
12,244,822.774148
6,247,822.981142
14,243,823.190677
22,239,823.373677
-2,251,823.567192
-228,239,823.741194
-232,241,823.916193
16,242,824.092194
10,245,824.271194
6,247,827.42384
6,247,827.605839
-236,243,827.781839
6,247,827.967841
10,245,828.146841
10,245,828.323839
2,249,828.509845
10,245,828.706841
6,247,828.901903
18,241,829.085902
10,245,829.266613
12,244,829.494612
10,245,829.725604
4,248,829.919604
14,243,830.131611
-234,242,830.333134
12,244,830.534198
4,248,830.743195
12,244,830.935194
0,250,831.136195
4,248,831.330195
8,246,834.578362
0,250,834.762364
12,244,834.943365
0,250,835.166364
16,242,835.354366
8,246,835.55937
8,246,835.744366
-232,241,835.923973
8,246,836.112972
12,244,836.303972
10,245,836.488974
6,247,836.699972
10,245,836.889973
14,243,837.07951
8,246,837.257507
12,244,837.443509
2,249,837.68051
16,242,837.870507
10,245,838.054508
4,248,838.250511
-6,253,838.44051
6,247,841.58156
18,241,841.755559
8,246,841.933562
8,246,842.12156
-2,251,842.30656
6,247,842.48709
10,245,842.669619
10,245,842.850619
2,249,843.03562
10,245,843.225619
6,247,843.405617
12,244,843.586619
10,245,843.765617
14,243,843.941678
12,244,844.120677
10,245,844.298678
14,243,844.473678
4,248,844.655679
0,250,844.837208
-508,254,845.020207
6,247,848.136881
0,250,848.316882
0,250,848.499882
10,245,848.67888
16,242,848.853882
4,248,849.033883
14,243,849.209883
8,246,849.385883
0,250,849.569883
-6,253,849.752881
14,243,849.927882
6,247,850.111882
8,246,850.297881
20,240,850.476883
0,250,850.665884
6,247,850.849883
8,246,851.030882
6,247,851.216882
6,247,851.397881
16,242,851.577879
4,248,851.762883
18,241,854.941051
6,247,855.132051
16,242,855.31505
10,245,855.499114
8,246,855.684111
0,250,855.867177
10,245,856.048176
14,243,856.230785
14,243,856.420319
10,245,856.603317
12,244,856.779317
6,247,856.958316
0,250,857.140317
10,245,857.321316
-508,254,857.504848
6,247,857.683849
8,246,857.862849
12,244,858.046849
10,245,858.239851
4,248,858.433855
2,249,858.618848
12,244,861.772081
6,247,861.951083
4,248,862.132083
6,247,862.317083
12,244,862.496142
18,241,862.680142
12,244,862.861143
2,249,863.044672
18,241,863.228674
6,247,863.431209
8,246,863.61621
18,241,863.811209
4,248,863.998209
12,244,864.199214
6,247,864.403208
14,243,864.58421
6,247,864.76721
-240,245,864.944739
8,246,865.131739
10,245,865.318739
16,242,865.493741
12,244,868.649476
4,248,868.826479
14,243,869.004479
16,242,869.188488
6,247,869.375479
6,247,869.566479
0,250,869.764537
6,247,869.943537
14,243,870.13454
10,245,870.337538
-2,251,870.539536
0,250,870.738536
10,245,870.925537
6,247,871.128605
8,246,871.325604
14,243,871.520607
10,245,871.712668
2,249,871.913665
-234,242,872.133661
12,244,872.348667
6,247,872.561067
16,242,875.92913
8,246,876.11713
12,244,876.316666
0,250,876.553663
2,249,876.753195
10,245,876.940197
-4,252,877.134192
16,242,877.339196
10,245,877.521721
2,249,877.707725
6,247,877.889722
18,241,878.063785
12,244,878.242781
8,246,878.424784
6,247,878.611788
2,249,878.802784
-4,252,878.997785
12,244,879.178783
0,250,879.365852
4,248,879.550853
8,246,899.742119
6,247,899.99212
8,246,900.174117
14,243,900.355119
-2,251,900.541178
14,243,900.725176
14,243,900.906239
4,248,901.091241
4,248,901.276301
10,245,901.460297
4,248,901.642297
16,242,901.822299
12,244,901.999297
16,242,902.179301
6,247,902.360301
12,244,902.540299
4,248,902.721297
2,249,902.9073
14,243,903.095297
0,250,903.275823
12,244,903.455824
0,250,906.730016
4,248,906.914014
8,246,907.095016
2,249,907.279017
14,243,907.456547
10,245,907.635547
10,245,907.815084
12,244,907.99208
6,247,908.178081
8,246,908.372082
6,247,908.557082
10,245,908.739083
6,247,908.921084
8,246,909.104082
10,245,909.293133
0,250,909.495133
10,245,909.688133
12,244,909.867132
0,250,910.046133
8,246,910.224133
10,245,910.403132
16,242,913.631798
2,249,913.83886
4,248,914.02186
8,246,914.203859
6,247,914.382859
2,249,914.565859
8,246,914.747901
4,248,914.931901
8,246,915.127903
8,246,915.322919
14,243,915.503933
8,246,915.684935
14,243,915.862933
6,247,916.048933
4,248,916.228981
8,246,916.40898
10,245,916.593982
8,246,916.777982
4,248,916.963503
6,247,917.151502
14,243,917.330502
10,245,920.57869
10,245,920.762692
16,242,920.962692
6,247,921.210695
4,248,921.421691
0,250,921.626233
12,244,921.820229
14,243,922.003229
2,249,922.18829
8,246,922.369291
2,249,922.56229
2,249,922.759298
6,247,922.978291
10,245,923.17029
6,247,923.364821
10,245,923.564819
14,243,923.750818
6,247,923.933819
8,246,924.114818
-226,238,924.315819
12,244,924.502824
4,248,927.690949
0,250,927.873946
-2,251,928.057949
-2,251,928.239947
4,248,928.421041
6,247,928.60104
12,244,928.783038
4,248,928.969562
10,245,929.15256
6,247,929.335559
12,244,929.51756
16,242,929.69756
4,248,929.885615
14,243,930.079616
8,246,930.271614
12,244,930.453616
18,241,930.63114
6,247,930.812141
-2,251,930.995139
2,249,931.18019
-232,241,931.357188
10,245,934.463426
4,248,934.645426
14,243,934.825424
10,245,935.002424
4,248,935.181423
8,246,935.359421
0,250,935.54948
6,247,935.732481
12,244,935.90848
6,247,936.087008
16,242,936.262009
16,242,936.437531
18,241,936.617052
8,246,936.798053
0,250,936.978053
4,248,937.161052
14,243,937.34111
8,246,937.523107
4,248,937.714111
12,244,937.894109
14,243,941.118724
6,247,941.302723
8,246,941.488722
10,245,941.669787
6,247,941.853785
14,243,942.041304
8,246,942.226307
4,248,942.411831
10,245,942.593362
18,241,942.800359
2,249,942.995358
10,245,943.179361
4,248,943.369406
6,247,943.545406
10,245,943.748407
10,245,943.983407
6,247,944.187941
10,245,944.373001
8,246,944.575005
10,245,944.754054
10,245,944.974059
10,245,948.219207
12,244,948.396206
8,246,948.582205
4,248,948.767205
6,247,948.944204
14,243,949.121205
8,246,949.307205
10,245,949.48421
4,248,949.677205
8,246,949.860206
6,247,950.045735
8,246,950.223777
6,247,950.439776
16,242,950.627777
6,247,950.865779
10,245,951.080778
16,242,951.260776
0,250,951.446779
8,246,951.626795
4,248,951.841793
4,248,952.054798
4,248,955.374036
18,241,955.554035
6,247,955.734092
8,246,955.913093
18,241,956.102618
14,243,956.282614
12,244,956.461615
12,244,956.636616
10,245,956.817615
4,248,956.996617
4,248,957.17714
16,242,957.35414
8,246,957.532139
8,246,957.710138
6,247,957.888142
-232,241,958.06214
12,244,958.237141
12,244,958.418141
16,242,958.590662
16,242,958.769661
8,246,958.948663
12,244,962.564445
8,246,962.801438
6,247,962.998518
10,245,963.260515
8,246,963.462513
6,247,963.645044
10,245,963.83709
6,247,964.024091
6,247,964.207091
8,246,964.38809
10,245,964.56709
12,244,964.74309
8,246,964.928092
4,248,965.109088
16,242,965.284153
12,244,965.461154
4,248,965.641151
4,248,965.825151
10,245,966.008152
14,243,966.185169
10,245,966.365168
2,249,969.46782
6,247,969.64382
6,247,969.82482
14,243,970.001819
6,247,970.18082
14,243,970.367818
20,240,970.541817
10,245,970.718866
10,245,970.903866
8,246,971.097401
14,243,971.3104
18,241,971.503928
14,243,971.695928
4,248,971.917929
16,242,972.097983
8,246,972.282512
8,246,972.469513
6,247,972.653512
14,243,972.832513
8,246,973.011514
12,244,973.187039
4,248,976.321285
-250,250,976.507347
18,241,976.683347
4,248,976.877346
12,244,977.058342
10,245,977.236343
16,242,977.412345
12,244,977.588345
16,242,977.763349
14,243,977.948345
8,246,978.129871
14,243,978.309878
8,246,978.488869
14,243,978.663399
16,242,978.841402
16,242,979.025401
4,248,979.2084
4,248,979.398401
8,246,979.580925
16,242,979.758927
12,244,979.945928
6,247,983.123081
2,249,983.312616
10,245,983.498614
2,249,983.681614
12,244,983.868614
18,241,984.047682
12,244,984.232683
14,243,984.417745
14,243,984.599754
10,245,984.782744
10,245,984.962746
18,241,985.138748
8,246,985.322744
12,244,985.502747
10,245,985.683812
12,244,985.863813
8,246,986.044812
14,243,986.220859
10,245,986.398856
10,245,986.57786
20,240,986.753859
14,243,989.920184
10,245,990.099181
16,242,990.276184
8,246,990.453184
20,240,990.627717
14,243,990.807799
12,244,990.992798
16,242,991.173253
8,246,991.357252
8,246,991.546252
12,244,991.736248
12,244,991.930254
12,244,992.119253
8,246,992.301248
10,245,992.482253
8,246,992.663327
0,250,992.851326
4,248,993.033327
14,243,993.214327
14,243,993.391325
16,242,993.568386
14,243,996.691033
16,242,996.883034
14,243,997.068033
10,245,997.246032
6,247,997.42603
22,239,997.601033
10,245,997.778031
6,247,997.959561
14,243,998.135561
18,241,998.310563
10,245,998.487562
18,241,998.667623
10,245,998.847621
14,243,999.025623
12,244,999.203621
6,247,999.386685
8,246,999.568687
14,243,999.750687
10,245,999.935686
18,241,1000.114686
8,246,1000.295683
2,249,1003.454276
-236,243,1003.633333
16,242,1003.812334
10,245,1003.997398
20,240,1004.177399
14,243,1004.357461
6,247,1004.540462
12,244,1004.719517
12,244,1004.900517
18,241,1005.082517
14,243,1005.258517
8,246,1005.435515
14,243,1005.609515
8,246,1005.788517
12,244,1005.967515
6,247,1006.150582
18,241,1006.328602
16,242,1006.503602
-224,237,1006.6736
12,244,1006.851602
6,247,1007.030602
12,244,1010.136178
8,246,1010.316176
18,241,1010.493175
16,242,1010.668241
12,244,1010.845239
12,244,1011.023241
12,244,1011.19924
14,243,1011.377241
20,240,1011.558045
14,243,1011.741044
16,242,1011.922044
18,241,1012.106045
14,243,1012.292046
18,241,1012.478046
8,246,1012.662045
6,247,1012.848046
4,248,1013.032576
8,246,1013.211578
12,244,1013.443577
12,244,1013.638577
6,247,1013.825577
18,241,1016.953943
6,247,1017.140008
12,244,1017.318008
8,246,1017.494007
16,242,1017.669536
6,247,1017.846601
16,242,1018.021601
8,246,1018.204601
12,244,1018.381124
-226,238,1018.553129
10,245,1018.729127
6,247,1018.908128
10,245,1019.08566
4,248,1019.27519
8,246,1019.453247
12,244,1019.642246
20,240,1019.818311
14,243,1019.998311
14,243,1020.17731
14,243,1020.36231
10,245,1020.54231
14,243,1023.696418
4,248,1023.880949
18,241,1024.057484
10,245,1024.240016
14,243,1024.419016
10,245,1024.599015
4,248,1024.783016
4,248,1024.967016
10,245,1025.149544
8,246,1025.330544
14,243,1025.505544
12,244,1025.681669
16,242,1025.856668
12,244,1026.033668
14,243,1026.213205
6,247,1026.393735
12,244,1026.568278
16,242,1026.74528
14,243,1026.936278
22,239,1027.11128
10,245,1027.287276
10,245,1030.408867
12,244,1030.584869
10,245,1030.762396
8,246,1030.941395
8,246,1031.123397
14,243,1031.302397
16,242,1031.476925
12,244,1031.657926
12,244,1031.839925
16,242,1032.021459
6,247,1032.208459
8,246,1032.393461
20,240,1032.573461
10,245,1032.759461
10,245,1032.948461
6,247,1033.131459
20,240,1033.311459
16,242,1033.487525
10,245,1033.666523
12,244,1033.844523
10,245,1036.951164
6,247,1037.133164
18,241,1037.311164
10,245,1037.489164
8,246,1037.671696
14,243,1037.848696
8,246,1038.025697
6,247,1038.204698
10,245,1038.385698
12,244,1038.563757
10,245,1038.744755
12,244,1038.923755
10,245,1039.100756
10,245,1039.280759
16,242,1039.455521
10,245,1039.6336
8,246,1039.8216
10,245,1040.004618
12,244,1040.182149
14,243,1040.364148
12,244,1040.542664
12,244,1043.669771
-228,239,1043.850771
16,242,1044.030769
14,243,1044.216772
16,242,1044.400769
8,246,1044.582771
18,241,1044.75977
8,246,1044.949768
20,240,1045.127769
4,248,1045.32077
6,247,1045.501792
14,243,1045.717941
12,244,1045.90786
16,242,1046.081859
20,240,1046.253858
-224,237,1046.42986
-230,240,1046.602916
14,243,1046.777917
16,242,1046.961919
10,245,1047.155921
10,245,1047.385919
16,242,1047.567916
4,248,1050.685622
14,243,1050.861149
12,244,1051.038149
6,247,1051.217204
10,245,1051.395203
10,245,1051.573203
4,248,1051.756202
10,245,1051.941205
16,242,1052.123204
10,245,1052.304202
6,247,1052.488204
12,244,1052.669732
8,246,1052.851732
18,241,1053.031732
12,244,1053.219733
18,241,1053.403733
10,245,1053.588733
8,246,1053.766729
4,248,1053.965249
8,246,1054.143253
14,243,1057.240452
10,245,1057.421453
20,240,1057.596454
0,250,1057.776453
16,242,1057.953003
8,246,1058.131001
4,248,1058.315001
12,244,1058.493
4,248,1058.672062
12,244,1058.849063
12,244,1059.026064
14,243,1059.202061
10,245,1059.38306
16,242,1059.558062
8,246,1059.73412
10,245,1059.917119
8,246,1060.099179
14,243,1060.278709
12,244,1060.467709
10,245,1060.652709
12,244,1060.833711
16,242,1063.98082
8,246,1064.16282
6,247,1064.344816
6,247,1064.530819
12,244,1064.71182
2,249,1064.901353
8,246,1065.083884
12,244,1065.263883
16,242,1065.442885
16,242,1065.621415
20,240,1065.797411
20,240,1065.977412
8,246,1066.15442
12,244,1066.331414
14,243,1066.508415
12,244,1066.686413
12,244,1066.862411
14,243,1067.039932
10,245,1067.218936
0,250,1067.400981
6,247,1067.581988
10,245,1070.682668
12,244,1070.856752
10,245,1071.036752
6,247,1071.214751
14,243,1071.393753
14,243,1071.568284
14,243,1071.745284
14,243,1071.925284
6,247,1072.107283
16,242,1072.287284
4,248,1072.476284
14,243,1072.655283
8,246,1072.836283
18,241,1073.015343
14,243,1073.193343
10,245,1073.373342
12,244,1073.564339
6,247,1073.763339
8,246,1073.973341
10,245,1074.158342
16,242,1074.335396
12,244,1077.453553
18,241,1077.633551
8,246,1077.815552
10,245,1077.995552
14,243,1078.172553
16,242,1078.346084
8,246,1078.526083
14,243,1078.700083
6,247,1078.88208
16,242,1079.060082
14,243,1079.236083
14,243,1079.412084
14,243,1079.600082
12,244,1079.778083
10,245,1079.964082
8,246,1080.148604
2,249,1080.336695
16,242,1080.523606
12,244,1080.703659
10,245,1080.882659
12,244,1081.07071
10,245,1084.2143
6,247,1084.410298
8,246,1084.588298
14,243,1084.7653
12,244,1084.946298
8,246,1085.1253
10,245,1085.333826
8,246,1085.560817
14,243,1085.769855
8,246,1085.986365
14,243,1086.186365
-248,249,1086.374962
12,244,1086.570027
12,244,1086.746027
12,244,1086.921026
18,241,1087.100023
18,241,1087.277024
8,246,1087.454027
14,243,1087.637027
12,244,1087.814026
20,240,1087.997028
8,246,1091.244687
18,241,1091.437692
18,241,1091.632693
14,243,1091.820687
6,247,1092.005223
10,245,1092.181222
12,244,1092.355222
14,243,1092.528223
8,246,1092.707221
8,246,1092.885221
14,243,1093.064221
14,243,1093.242222
14,243,1093.416283
12,244,1093.594283
14,243,1093.766282
10,245,1093.94328
16,242,1094.124279
10,245,1094.324281
16,242,1094.511281
14,243,1094.692281
14,243,1094.866282
20,240,1097.929983
10,245,1098.113984
20,240,1098.288982
16,242,1098.467982
22,239,1098.642981
12,244,1098.818984
18,241,1098.994982
8,246,1099.172983
16,242,1099.347982
14,243,1099.525984
12,244,1099.703984
14,243,1099.879982
12,244,1100.058984
6,247,1100.235982
12,244,1100.411982
20,240,1100.586982
16,242,1100.772979
16,242,1100.958503
14,243,1101.136504
12,244,1101.315504
10,245,1101.495039
12,244,1121.091276
12,244,1121.34633
22,239,1121.522329
8,246,1121.704326
12,244,1121.887329
6,247,1122.071377
6,247,1122.254378
10,245,1122.43638
16,242,1122.610379
18,241,1122.786378
14,243,1122.962378
16,242,1123.139397
8,246,1123.316172
10,245,1123.499173
8,246,1123.677175
18,241,1123.851175
12,244,1124.030708
18,241,1124.205706
12,244,1124.380706
10,245,1124.563706
8,246,1124.745239
12,244,1127.986966
18,241,1128.187031
8,246,1128.379032
14,243,1128.561031
14,243,1128.739032
14,243,1128.922079
14,243,1129.10708
16,242,1129.29208
8,246,1129.489077
12,244,1129.669075
14,243,1129.850079
20,240,1130.034077
16,242,1130.213139
14,243,1130.393138
14,243,1130.569138
16,242,1130.74267
12,244,1130.922733
10,245,1131.12373
10,245,1131.325804
10,245,1131.507331
8,246,1131.685333
12,244,1131.861332
14,243,1135.090388
12,244,1135.295385
20,240,1135.492387
16,242,1135.694927
12,244,1135.873928
18,241,1136.054928
10,245,1136.234989
16,242,1136.43499
10,245,1136.626518
12,244,1136.803528
12,244,1136.981519
12,244,1137.164056
14,243,1137.344055
14,243,1137.526055
14,243,1137.707055
12,244,1137.888053
14,243,1138.070055
10,245,1138.255056
10,245,1138.438075
-4,252,1138.627075
14,243,1138.807075
10,245,1142.007514
10,245,1142.195513
10,245,1142.376512
20,240,1142.555045
10,245,1142.735043
18,241,1142.913046
18,241,1143.096045
12,244,1143.269572
20,240,1143.441573
18,241,1143.614573
22,239,1143.78663
8,246,1143.96463
20,240,1144.141629
12,244,1144.31663
12,244,1144.49263
14,243,1144.66863
14,243,1144.84463
12,244,1145.022629
18,241,1145.203158
16,242,1145.38116
20,240,1145.561159
16,242,1148.717807
14,243,1148.893808
18,241,1149.071823
16,242,1149.251882
12,244,1149.438881
8,246,1149.623895
12,244,1149.803896
16,242,1149.983895
14,243,1150.165895
12,244,1150.345896
12,244,1150.529896
18,241,1150.708961
-230,240,1150.883959
20,240,1151.060959
18,241,1151.234959
24,238,1151.40596
16,242,1151.581019
18,241,1151.759019
10,245,1151.936551
14,243,1152.117551
14,243,1152.296081
20,240,1155.514133
18,241,1155.688664
6,247,1155.872666
14,243,1156.067194
14,243,1156.256193
20,240,1156.431191
18,241,1156.60619
18,241,1156.780726
8,246,1156.960252
14,243,1157.146249
16,242,1157.322253
18,241,1157.499784
12,244,1157.680782
10,245,1157.860782
16,242,1158.042783
14,243,1158.231779
22,239,1158.40931
12,244,1158.58931
18,241,1158.765839
22,239,1158.941839
6,247,1159.134838
14,243,1162.304044
14,243,1162.489044
12,244,1162.673046
16,242,1162.852094
16,242,1163.030093
14,243,1163.215095
16,242,1163.389093
18,241,1163.567093
-228,239,1163.742094
14,243,1163.925096
12,244,1164.108096
18,241,1164.289095
10,245,1164.467171
18,241,1164.645173
18,241,1164.822174
14,243,1164.997174
14,243,1165.176172
24,238,1165.356173
16,242,1165.532173
24,238,1165.713234
12,244,1165.901234
10,245,1169.085519
14,243,1169.268519
14,243,1169.444519
16,242,1169.621521
12,244,1169.802045
12,244,1169.983047
8,246,1170.175577
18,241,1170.355627
16,242,1170.533629
12,244,1170.714161
14,243,1170.893161
18,241,1171.074693
20,240,1171.261692
10,245,1171.439692
16,242,1171.615221
16,242,1171.791221
10,245,1171.96722
12,244,1172.148221
12,244,1172.331279
12,244,1172.50734
12,244,1172.683341
14,243,1175.823003
18,241,1176.000001
16,242,1176.192001
8,246,1176.390004
20,240,1176.616162
16,242,1176.834165
14,243,1177.016163
10,245,1177.204163
18,241,1177.380224
16,242,1177.555223
12,244,1177.734225
16,242,1177.91177
12,244,1178.093284
14,243,1178.272287
16,242,1178.452287
18,241,1178.630285
12,244,1178.815287
14,243,1178.994287
-226,238,1179.172287
18,241,1179.352349
14,243,1179.530416
14,243,1182.719068
-224,237,1182.895068
16,242,1183.077118
10,245,1183.267117
10,245,1183.450165
14,243,1183.631163
10,245,1183.811165
10,245,1183.987697
10,245,1184.166697
16,242,1184.345695
18,241,1184.520695
16,242,1184.694751
16,242,1184.869753
22,239,1185.041753
18,241,1185.217751
20,240,1185.398751
16,242,1185.575753
14,243,1185.749806
16,242,1185.924808
18,241,1186.10434
14,243,1186.289337
12,244,1189.399401
8,246,1189.581401
14,243,1189.760399
10,245,1189.9384
10,245,1190.121452
16,242,1190.302452
14,243,1190.482453
8,246,1190.665513
14,243,1190.846513
4,248,1191.030512
16,242,1191.209514
12,244,1191.392511
10,245,1191.572572
12,244,1191.753572
14,243,1191.928572
16,242,1192.105571
10,245,1192.285572
16,242,1192.461629
10,245,1192.637219
12,244,1192.812761
18,241,1192.99175
16,242,1196.110854
14,243,1196.290854
18,241,1196.464854
14,243,1196.641855
12,244,1196.817853
-226,238,1196.995905
10,245,1197.195906
16,242,1197.393904
6,247,1197.573903
10,245,1197.749968
10,245,1197.929967
14,243,1198.112967
16,242,1198.297499
12,244,1198.481502
10,245,1198.665497
14,243,1198.847502
12,244,1199.027501
10,245,1199.210498
16,242,1199.394502
16,242,1199.573027
10,245,1199.752554
12,244,1202.872157
12,244,1203.055158
10,245,1203.240153
8,246,1203.425158
16,242,1203.604157
8,246,1203.794222
6,247,1203.975223
12,244,1204.151222
14,243,1204.329218
16,242,1204.506223
8,246,1204.683222
20,240,1204.863222
10,245,1205.040218
10,245,1205.219754
16,242,1205.397756
10,245,1205.575755
6,247,1205.75429
14,243,1205.946289
16,242,1206.126829
12,244,1206.312821
4,248,1206.500819
6,247,1209.650528
10,245,1209.827532
12,244,1210.003532
0,250,1210.188532
14,243,1210.372532
8,246,1210.558532
12,244,1210.740065
4,248,1210.924061
22,239,1211.102065
16,242,1211.283065
6,247,1211.476061
16,242,1211.657066
10,245,1211.838065
14,243,1212.015593
16,242,1212.210596
18,241,1212.389658
14,243,1212.57166
10,245,1212.749754
6,247,1212.927729
10,245,1213.104795
14,243,1213.280787
6,247,1216.530913
8,246,1216.708913
10,245,1216.891912
12,244,1217.066915
10,245,1217.244913
20,240,1217.418444
8,246,1217.605441
10,245,1217.794443
10,245,1217.978972
12,244,1218.162976
14,243,1218.341976
18,241,1218.523976
14,243,1218.702975
14,243,1218.883497
16,242,1219.069498
10,245,1219.256498
12,244,1219.438498
14,243,1219.618498
14,243,1219.799498
10,245,1219.997499
16,242,1220.189498
6,247,1223.334679
4,248,1223.528681
6,247,1223.723676
18,241,1223.904678
18,241,1224.085678
8,246,1224.275808
12,244,1224.45981
16,242,1224.635806
22,239,1224.807336
12,244,1224.982336
10,245,1225.166338
8,246,1225.352337
12,244,1225.530335
12,244,1225.705858
16,242,1225.881857
18,241,1226.055858
16,242,1226.231857
16,242,1226.406857
20,240,1226.583858
16,242,1226.758857
10,245,1226.937382
14,243,1230.002012
8,246,1230.183014
14,243,1230.362012
12,244,1230.541013
18,241,1230.716076
12,244,1230.897077
14,243,1231.077619
12,244,1231.25461
14,243,1231.431609
10,245,1231.611609
10,245,1231.78961
12,244,1231.96761
14,243,1232.14461
12,244,1232.321611
10,245,1232.501137
16,242,1232.679136
12,244,1232.854136
8,246,1233.036137
10,245,1233.212138
14,243,1233.387136
16,242,1233.562137
8,246,1236.612314
12,244,1236.789845
12,244,1236.967844
20,240,1237.139845
12,244,1237.316845
14,243,1237.499845
26,237,1237.672843
18,241,1237.845373
18,241,1238.02337
16,242,1238.212372
10,245,1238.406896
18,241,1238.589422
18,241,1238.763421
12,244,1238.944424
10,245,1239.125421
12,244,1239.305971
12,244,1239.485969
16,242,1239.671971
10,245,1239.852501
6,247,1240.0355
16,242,1240.216499
8,246,1243.310117
12,244,1243.48218
14,243,1243.653238
10,245,1243.825236
8,246,1244.002239
14,243,1244.173786
14,243,1244.343785
10,245,1244.516786
18,241,1244.686314
16,242,1244.858311
8,246,1245.033316
8,246,1245.210315
16,242,1245.381314
10,245,1245.552315
12,244,1245.725314
14,243,1245.896314
16,242,1246.066841
10,245,1246.242842
14,243,1246.413842
12,244,1246.584841
10,245,1246.757842
4,248,1249.6965
12,244,1249.869499
18,241,1250.039499
12,244,1250.21156
12,244,1250.383557
18,241,1250.553559
8,246,1250.726557
16,242,1250.897558
16,242,1251.067559
10,245,1251.239558
8,246,1251.412555
14,243,1251.586079
16,242,1251.75808
12,244,1251.93713
12,244,1252.110129
10,245,1252.285132
12,244,1252.456129
14,243,1252.62913
10,245,1252.801175
-230,240,1252.969176
20,240,1253.137177
12,244,1256.054272
4,248,1256.230273
16,242,1256.400272
16,242,1256.570273
16,242,1256.741273
16,242,1256.915331
10,245,1257.091333
14,243,1257.265332
18,241,1257.435331
20,240,1257.604331
12,244,1257.781329
10,245,1257.957857
18,241,1258.134846
12,244,1258.306368
16,242,1258.47737
6,247,1258.655421
16,242,1258.829427
4,248,1259.005944
12,244,1259.181945
20,240,1259.355946
16,242,1259.525945
16,242,1262.528537
12,244,1262.705536
6,247,1262.883537
10,245,1263.057538
14,243,1263.231538
14,243,1263.403538
14,243,1263.573539
16,242,1263.744536
12,244,1263.916538
16,242,1264.087069
6,247,1264.261068
12,244,1264.432066
14,243,1264.606064
20,240,1264.775066
14,243,1264.947066
16,242,1265.116591
14,243,1265.287592
16,242,1265.458591
10,245,1265.639591
14,243,1265.815592
14,243,1265.988591
16,242,1266.157593
12,244,1269.123226
18,241,1269.341227
14,243,1269.52422
14,243,1269.699276
12,244,1269.892276
12,244,1270.074272
12,244,1270.256277
14,243,1270.431277
10,245,1270.605276
12,244,1270.785335
22,239,1270.954335
14,243,1271.137336
18,241,1271.309331
18,241,1271.489335
14,243,1271.686335
14,243,1271.898873
14,243,1272.143871
20,240,1272.329921
16,242,1272.501921
12,244,1272.690922
20,240,1272.865921
18,241,1275.876111
16,242,1276.050166
14,243,1276.237166
-224,237,1276.41317
22,239,1276.593167
8,246,1276.770166
20,240,1276.940167
18,241,1277.113166
18,241,1277.288167
14,243,1277.460224
12,244,1277.632228
-228,239,1277.800228
16,242,1277.971755
18,241,1278.140757
-232,241,1278.344755
16,242,1278.575757
14,243,1278.782758
12,244,1278.955756
20,240,1279.125278
14,243,1279.313278
14,243,1279.492278
14,243,1282.500453
18,241,1282.674455
10,245,1282.848454
20,240,1283.019514
20,240,1283.188516
18,241,1283.359044
24,238,1283.527046
12,244,1283.699048
8,246,1283.876044
16,242,1284.059576
14,243,1284.240106
14,243,1284.412163
10,245,1284.587164
16,242,1284.757165
8,246,1284.931165
10,245,1285.117707
12,244,1285.307699
16,242,1285.478702
12,244,1285.64975
16,242,1285.819749
12,244,1285.99475
14,243,1288.93838
8,246,1289.111381
12,244,1289.293444
14,243,1289.487447
18,241,1289.671977
14,243,1289.842976
12,244,1290.016975
12,244,1290.189976
18,241,1290.359975
14,243,1290.531973
-228,239,1290.700506
22,239,1290.872505
6,247,1291.048505
18,241,1291.226506
8,246,1291.399508
12,244,1291.572506
12,244,1291.744504
12,244,1291.915503
6,247,1292.102508
16,242,1292.276507
14,243,1292.448504
16,242,1295.411089
12,244,1295.582089
10,245,1295.75362
16,242,1295.923619
8,246,1296.11062
20,240,1296.282619
8,246,1296.456681
16,242,1296.62668
14,243,1296.797682
18,241,1296.969681
14,243,1297.150217
14,243,1297.322215
10,245,1297.495213
20,240,1297.663215
12,244,1297.846216
16,242,1298.031215
14,243,1298.207215
8,246,1298.381213
10,245,1298.556211
12,244,1298.733217
12,244,1298.914213
14,243,1301.908328
8,246,1302.086329
18,241,1302.256329
14,243,1302.429333
14,243,1302.602329
-220,235,1302.770329
16,242,1302.941328
20,240,1303.111329
14,243,1303.28486
14,243,1303.455861
20,240,1303.62886
6,247,1303.802861
10,245,1303.97786
16,242,1304.149861
6,247,1304.324861
14,243,1304.507862
16,242,1304.69786
14,243,1304.87092
10,245,1305.043921
16,242,1305.218919
20,240,1305.391919
8,246,1308.329546
14,243,1308.503548
18,241,1308.679548
10,245,1308.860079
12,244,1309.038076
20,240,1309.212608
14,243,1309.383608
14,243,1309.556606
10,245,1309.745611
12,244,1309.951602
12,244,1310.173128
14,243,1310.364126
4,248,1310.553127
8,246,1310.732643
8,246,1310.908638
20,240,1311.078639
18,241,1311.257638
12,244,1311.435641
8,246,1311.612641
6,247,1311.786642
14,243,1311.963643
8,246,1314.941791
10,245,1315.114793
14,243,1315.286854
-232,241,1315.457853
18,241,1315.627853
10,245,1315.798909
14,243,1315.971912
16,242,1316.145911
14,243,1316.318911
16,242,1316.500913
14,243,1316.703911
14,243,1316.89591
20,240,1317.081911
10,245,1317.270909
8,246,1317.464912
14,243,1317.667907
14,243,1317.843066
12,244,1318.015066
10,245,1318.188066
16,242,1318.372589
14,243,1318.545589
16,242,1337.660672
16,242,1337.892672
18,241,1338.059672
12,244,1338.232673
8,246,1338.408671
4,248,1338.587673
10,245,1338.758201
12,244,1338.929199
10,245,1339.102197
12,244,1339.274199
14,243,1339.448248
14,243,1339.61825
12,244,1339.788292
14,243,1339.959294
14,243,1340.128293
12,244,1340.299293
16,242,1340.476311
8,246,1340.64931
20,240,1340.821311
14,243,1340.99331
8,246,1341.168309
12,244,1341.340311
10,245,1344.265482
16,242,1344.437479
10,245,1344.609481
14,243,1344.781481
8,246,1344.95448
6,247,1345.127481
12,244,1345.305479
10,245,1345.479477
10,245,1345.651501
12,244,1345.858503
12,244,1346.058504
4,248,1346.242526
10,245,1346.433079
10,245,1346.618075
10,245,1346.791077
-230,240,1346.964103
16,242,1347.135104
14,243,1347.307152
20,240,1347.476153
18,241,1347.645154
8,246,1350.602269
12,244,1350.774285
16,242,1350.945818
8,246,1351.13582
20,240,1351.330816
8,246,1351.511818
6,247,1351.684818
12,244,1351.855816
10,245,1352.027816
16,242,1352.198818
12,244,1352.384678
12,244,1352.558679
10,245,1352.73068
10,245,1352.902681
12,244,1353.07868
14,243,1353.251681
8,246,1353.42768
16,242,1353.600681
14,243,1353.771343
12,244,1353.941343
8,246,1354.119344
10,245,1357.041574
14,243,1357.218577
10,245,1357.392578
8,246,1357.57211
14,243,1357.746111
16,242,1357.92311
12,244,1358.095112
16,242,1358.271111
12,244,1358.450113
14,243,1358.627111
10,245,1358.80411
14,243,1358.977108
20,240,1359.16111
14,243,1359.354111
10,245,1359.542117
10,245,1359.722113
8,246,1359.907109
14,243,1360.08211
12,244,1360.256109
22,239,1360.43011
12,244,1360.603109
12,244,1363.614224
16,242,1363.786222
12,244,1363.959225
14,243,1364.129223
10,245,1364.313225
10,245,1364.486223
20,240,1364.656225
12,244,1364.835227
20,240,1365.006225
14,243,1365.177224
4,248,1365.354225
14,243,1365.527223
12,244,1365.698223
18,241,1365.872223
10,245,1366.053753
16,242,1366.226753
10,245,1366.407753
6,247,1366.587278
16,242,1366.760274
8,246,1366.932815
16,242,1367.105336
16,242,1367.275336
12,244,1370.214499
12,244,1370.384498
20,240,1370.555498
10,245,1370.728556
12,244,1370.899557
14,243,1371.070081
6,247,1371.242615
4,248,1371.416144
16,242,1371.589145
20,240,1371.759145
18,241,1371.935204
16,242,1372.105204
12,244,1372.276204
18,241,1372.451201
14,243,1372.633202
14,243,1372.817259
8,246,1373.01026
14,243,1373.181261
6,247,1373.353259
20,240,1373.528259
6,247,1373.70426
12,244,1376.717922
12,244,1376.889922
14,243,1377.060448
10,245,1377.243449
14,243,1377.420451
18,241,1377.595448
14,243,1377.76545
22,239,1377.93398
14,243,1378.104978
8,246,1378.283036
8,246,1378.468036
10,245,1378.643571
12,244,1378.822571
14,243,1378.99257
10,245,1379.16457
20,240,1379.333566
10,245,1379.512567
8,246,1379.689097
12,244,1379.869097
12,244,1380.048097
12,244,1380.219095
16,242,1383.198529
14,243,1383.368527
14,243,1383.539527
14,243,1383.710528
10,245,1383.889525
8,246,1384.063059
8,246,1384.236061
10,245,1384.408059
12,244,1384.582059
16,242,1384.751116
14,243,1384.925115
16,242,1385.094176
14,243,1385.265175
18,241,1385.433174
18,241,1385.603175
14,243,1385.773237
14,243,1385.945237
14,243,1386.118233
18,241,1386.287236
10,245,1386.459237
18,241,1386.629236
16,242,1389.540298
8,246,1389.712297
16,242,1389.882298
10,245,1390.054298
16,242,1390.2243
10,245,1390.3973
14,243,1390.570299
12,244,1390.742296
18,241,1390.9113
16,242,1391.080299
8,246,1391.252299
12,244,1391.4263
14,243,1391.598298
14,243,1391.7693
12,244,1391.939829
10,245,1392.113827
18,241,1392.284889
12,244,1392.461884
16,242,1392.633884
2,249,1392.809886
18,241,1392.978887
16,242,1395.928188
12,244,1396.101187
18,241,1396.271186
14,243,1396.441246
16,242,1396.612243
18,241,1396.785303
18,241,1396.954304
18,241,1397.123304
6,247,1397.295304
18,241,1397.464305
16,242,1397.634304
12,244,1397.806309
14,243,1397.979302
10,245,1398.150305
12,244,1398.323301
22,239,1398.493304
22,239,1398.66183
16,242,1398.835829
16,242,1399.007859
16,242,1399.176858
16,242,1399.346861
18,241,1402.256862
10,245,1402.429862
24,238,1402.602918
16,242,1402.77845
12,244,1402.950447
14,243,1403.120449
8,246,1403.298447
16,242,1403.46845
20,240,1403.63745
16,242,1403.807449
22,239,1403.974447
12,244,1404.144449
20,240,1404.318467
16,242,1404.493012
10,245,1404.666013
16,242,1404.836013
18,241,1405.004013
10,245,1405.176015
12,244,1405.350009
14,243,1405.523009
-230,240,1405.695011
18,241,1408.59812
24,238,1408.769121
16,242,1408.938139
16,242,1409.108139
12,244,1409.279137
18,241,1409.447138
6,247,1409.621139
12,244,1409.795138
10,245,1409.967139
24,238,1410.133139
14,243,1410.304137
12,244,1410.474139
10,245,1410.646138
14,243,1410.818139
18,241,1410.989139
14,243,1411.160137
14,243,1411.329137
14,243,1411.498137
16,242,1411.66814
12,244,1411.848137
12,244,1412.031136
12,244,1415.22823
12,244,1415.403226
12,244,1415.579227
16,242,1415.759229
16,242,1415.93423
20,240,1416.10223
16,242,1416.274229
18,241,1416.443749
14,243,1416.616748
14,243,1416.787748
16,242,1416.958748
-228,239,1417.126797
14,243,1417.297797
16,242,1417.468798
18,241,1417.638794
16,242,1417.810798
14,243,1417.980852
8,246,1418.153855
16,242,1418.322856
20,240,1418.491855
14,243,1418.662855
16,242,1421.599963
12,244,1421.775966
16,242,1421.946024
12,244,1422.117022
16,242,1422.289025
16,242,1422.459025
6,247,1422.634025
18,241,1422.826023
16,242,1423.009561
20,240,1423.183562
10,245,1423.358093
16,242,1423.535094
20,240,1423.718092
14,243,1423.907619
16,242,1424.082618
14,243,1424.254628
12,244,1424.443627
8,246,1424.628618
20,240,1424.807621
20,240,1425.004617
20,240,1425.181618
12,244,1428.185926
12,244,1428.361925
22,239,1428.532926
16,242,1428.710457
18,241,1428.882977
14,243,1429.055974
16,242,1429.225978
12,244,1429.404974
14,243,1429.58598
12,244,1429.775972
18,241,1429.947977
14,243,1430.11851
14,243,1430.289513
10,245,1430.46351
18,241,1430.632509
20,240,1430.804576
14,243,1430.976573
16,242,1431.145576
12,244,1431.317576
12,244,1431.490594
18,241,1431.684594
14,243,1434.680765
24,238,1434.864766
20,240,1435.045841
18,241,1435.227843
18,241,1435.415841
16,242,1435.594444
12,244,1435.816505
20,240,1436.00604
8,246,1436.194038
16,242,1436.370042
20,240,1436.55204
16,242,1436.726042
18,241,1436.911564
12,244,1437.084564
24,238,1437.266571
12,244,1437.457097
12,244,1437.647099
16,242,1437.829094
12,244,1438.022096
20,240,1438.19312
18,241,1438.375126
18,241,1438.564125
12,244,1441.61323
16,242,1441.79023
10,245,1441.977226
16,242,1442.162762
16,242,1442.347837
16,242,1442.518364
16,242,1442.689366
16,242,1442.859366
14,243,1443.030366
14,243,1443.201365
16,242,1443.375361
18,241,1443.54937
10,245,1443.731362
-224,237,1443.901364
18,241,1444.075363
10,245,1444.252365
20,240,1444.430367
14,243,1444.604364
12,244,1444.777364
18,241,1444.958363
14,243,1445.15439
18,241,1448.126039
14,243,1448.296038
16,242,1448.466095
20,240,1448.634095
18,241,1448.806094
14,243,1448.977098
16,242,1449.148623
16,242,1449.318622
20,240,1449.487625
22,239,1449.657625
16,242,1449.830621
14,243,1450.014623
10,245,1450.189621
10,245,1450.36214
12,244,1450.531172
18,241,1450.700176
14,243,1450.876218
14,243,1451.057222
16,242,1451.228753
20,240,1451.396755
16,242,1451.567755
16,242,1454.582142
12,244,1454.754143
18,241,1454.924142
14,243,1455.094142
16,242,1455.267144
10,245,1455.447138
16,242,1455.626142
16,242,1455.798142
16,242,1455.967161
18,241,1456.136162
20,240,1456.304161
16,242,1456.476158
12,244,1456.646158
22,239,1456.814157
16,242,1456.991156
14,243,1457.165159
14,243,1457.34443
20,240,1457.523431
12,244,1457.695432
18,241,1457.877428
18,241,1458.073427
18,241,1461.194049
20,240,1461.368086
18,241,1461.541087
16,242,1461.718086
12,244,1461.897088
20,240,1462.072085
18,241,1462.242085
14,243,1462.414087
16,242,1462.590086
20,240,1462.766086
18,241,1462.948607
16,242,1463.122606
20,240,1463.291639
14,243,1463.463641
14,243,1463.640641
12,244,1463.817156
12,244,1464.005156
16,242,1464.181199
16,242,1464.355192
10,245,1464.526193
10,245,1464.702193
18,241,1467.644824
22,239,1467.817826
20,240,1467.987826
16,242,1468.161827
22,239,1468.340866
20,240,1468.515865
18,241,1468.689905
18,241,1468.877425
18,241,1469.055426
20,240,1469.229945
16,242,1469.407948
18,241,1469.57898
18,241,1469.747978
24,238,1469.915978
18,241,1470.084978
12,244,1470.255978
16,242,1470.423979
20,240,1470.594978
18,241,1470.762978
12,244,1470.935494
24,238,1471.103494
18,241,1474.087121
20,240,1474.258122
16,242,1474.430123
8,246,1474.605123
16,242,1474.775121
14,243,1474.948122
18,241,1475.121156
12,244,1475.296673
22,239,1475.468674
12,244,1475.640673
12,244,1475.812675
20,240,1475.983675
14,243,1476.153673
20,240,1476.323674
14,243,1476.493203
12,244,1476.666204
22,239,1476.834203
10,245,1477.007204
14,243,1477.177204
12,244,1477.350205
14,243,1477.524204
18,241,1477.714204
16,242,1480.734724
10,245,1480.908242
20,240,1481.077243
20,240,1481.246243
-230,240,1481.416242
20,240,1481.583244
14,243,1481.752244
12,244,1481.921758
24,238,1482.086761
12,244,1482.258761
18,241,1482.427759
14,243,1482.59776
-228,239,1482.76676
20,240,1482.935793
16,242,1483.110793
10,245,1483.288829
18,241,1483.462828
18,241,1483.637828
16,242,1483.806846
18,241,1483.977847
12,244,1484.148847
12,244,1487.190065
20,240,1487.358065
18,241,1487.526065
22,239,1487.693067
22,239,1487.863065
16,242,1488.034066
14,243,1488.207067
16,242,1488.378064
16,242,1488.545064
12,244,1488.715065
14,243,1488.889066
24,238,1489.057066
10,245,1489.228582
14,243,1489.397582
14,243,1489.566584
10,245,1489.736584
14,243,1489.907584
16,242,1490.076099
22,239,1490.2431
14,243,1490.412136
14,243,1490.581136
16,242,1493.512248
16,242,1493.683249
12,244,1493.855248
14,243,1494.029249
12,244,1494.20128
18,241,1494.375281
20,240,1494.545805
14,243,1494.722803
14,243,1494.901805
14,243,1495.079806
20,240,1495.253805
18,241,1495.422803
16,242,1495.596848
20,240,1495.76385
16,242,1495.934369
16,242,1496.102371
18,241,1496.271369
16,242,1496.4409
16,242,1496.6139
18,241,1496.781899
16,242,1496.951415
18,241,1499.86897
16,242,1500.03797
6,247,1500.20997
12,244,1500.380972
20,240,1500.547971
20,240,1500.715971
16,242,1500.891975
14,243,1501.070972
14,243,1501.24297
14,243,1501.436973
18,241,1501.621971
20,240,1501.796974
14,243,1501.969496
12,244,1502.139495
10,245,1502.311496
14,243,1502.481013
12,244,1502.653015
10,245,1502.835014
20,240,1503.024016
16,242,1503.201016
22,239,1503.369583
12,244,1506.5012
14,243,1506.677723
14,243,1506.852726
20,240,1507.027725
22,239,1507.200243
16,242,1507.381248
10,245,1507.555244
14,243,1507.724281
14,243,1507.897281
20,240,1508.066282
18,241,1508.237283
16,242,1508.415318
16,242,1508.589319
14,243,1508.757319
18,241,1508.925352
12,244,1509.095867
12,244,1509.281868
16,242,1509.451866
16,242,1509.622866
16,242,1509.793867
20,240,1509.972871
16,242,1513.05652
12,244,1513.244621
-478,239,1513.425144
20,240,1513.600143
16,242,1513.795141
18,241,1513.9923
18,241,1514.170299
14,243,1514.3413
14,243,1514.535299
18,241,1514.703817
12,244,1514.881818
18,241,1515.056817
18,241,1515.227819
14,243,1515.404817
18,241,1515.581817
16,242,1515.751819
10,245,1515.921848
16,242,1516.093851
16,242,1516.262851
14,243,1516.435909
18,241,1516.604908
20,240,1519.720059
22,239,1519.919058
16,242,1520.109123
10,245,1520.286125
18,241,1520.460123
18,241,1520.629658
16,242,1520.800173
16,242,1520.971174
18,241,1521.141223
16,242,1521.315225
22,239,1521.48522
18,241,1521.655222
16,242,1521.824221
22,239,1521.99322
16,242,1522.163225
20,240,1522.330225
10,245,1522.508231
12,244,1522.684231
16,242,1522.853295
20,240,1523.02329
14,243,1523.193289
14,243,1523.365291
12,244,1526.418975
16,242,1526.591494
22,239,1526.763494
18,241,1526.939527
12,244,1527.111528
12,244,1527.284527
18,241,1527.45653
14,243,1527.629527
18,241,1527.800529
16,242,1527.977529
16,242,1528.153562
18,241,1528.324563
14,243,1528.496562
16,242,1528.672564
18,241,1528.849565
18,241,1529.033563
10,245,1529.223564
18,241,1529.393562
14,243,1529.570595
16,242,1529.739595
16,242,1529.909595
12,244,1549.396028
14,243,1549.63963
16,242,1549.811553
20,240,1549.980087
18,241,1550.151088
20,240,1550.319087
18,241,1550.487087
18,241,1550.656087
14,243,1550.831087
20,240,1550.998087
10,245,1551.171085
16,242,1551.341088
12,244,1551.512619
20,240,1551.679616
16,242,1551.850618
18,241,1552.019618
16,242,1552.187619
20,240,1552.354618
18,241,1552.523619
16,242,1552.693149
18,241,1552.863149
14,243,1553.037148
10,245,1556.017271
18,241,1556.200269
18,241,1556.378268
18,241,1556.555337
16,242,1556.73434
-224,237,1556.908402
14,243,1557.083403
20,240,1557.269399
16,242,1557.4424
14,243,1557.613402
12,244,1557.784402
14,243,1557.955418
14,243,1558.127417
14,243,1558.306945
14,243,1558.484944
12,244,1558.662945
14,243,1558.839945
16,242,1559.011943
20,240,1559.183948
12,244,1559.354947
14,243,1559.526478
18,241,1562.456659
12,244,1562.629663
20,240,1562.800186
10,245,1562.973184
14,243,1563.154184
12,244,1563.333184
20,240,1563.503185
14,243,1563.677711
16,242,1563.849709
18,241,1564.018711
22,239,1564.188707
14,243,1564.358711
16,242,1564.528707
22,239,1564.701712
12,244,1564.906712
16,242,1565.078774
18,241,1565.24978
18,241,1565.420777
20,240,1565.595776
20,240,1565.771779
18,241,1565.950831
20,240,1568.891955
14,243,1569.061999
14,243,1569.234999
14,243,1569.403999
18,241,1569.571994
12,244,1569.741999
14,243,1569.915995
18,241,1570.088999
18,241,1570.259995
20,240,1570.428999
20,240,1570.597058
20,240,1570.766061
16,242,1570.934119
14,243,1571.104122
14,243,1571.277123
20,240,1571.449123
14,243,1571.619122
18,241,1571.787123
14,243,1571.958648
18,241,1572.12865
16,242,1572.299653
16,242,1575.248797
20,240,1575.420797
20,240,1575.588797
14,243,1575.759793
16,242,1575.929798
16,242,1576.099793
16,242,1576.269797
22,239,1576.436793
22,239,1576.603796
24,238,1576.774793
16,242,1576.9468
22,239,1577.119799
12,244,1577.291798
18,241,1577.458797
14,243,1577.627797
18,241,1577.798797
22,239,1577.970855
16,242,1578.138858
16,242,1578.308854
16,242,1578.477858
12,244,1578.647858
18,241,1581.56592
22,239,1581.732986
-228,239,1581.901987
12,244,1582.073989
20,240,1582.243987
10,245,1582.415987
18,241,1582.584985
22,239,1582.751987
10,245,1582.925507
14,243,1583.096512
18,241,1583.27351
18,241,1583.443512
16,242,1583.613512
14,243,1583.786511
16,242,1583.957511
14,243,1584.127517
18,241,1584.305507
18,241,1584.47651
14,243,1584.652508
16,242,1584.823031
18,241,1584.994031
18,241,1585.164032
20,240,1588.109611
14,243,1588.28161
12,244,1588.452606
20,240,1588.622612
16,242,1588.793611
24,238,1588.961137
20,240,1589.130141
16,242,1589.301137
22,239,1589.469141
16,242,1589.640142
18,241,1589.814142
16,242,1589.987672
12,244,1590.159668
-226,238,1590.327672
18,241,1590.497726
24,238,1590.664731
16,242,1590.836731
20,240,1591.013731
14,243,1591.186731
18,241,1591.355731
20,240,1591.523727
8,246,1594.458907
16,242,1594.635908
18,241,1594.807906
22,239,1594.982997
18,241,1595.160997
22,239,1595.329996
14,243,1595.500996
14,243,1595.672997
16,242,1595.842996
16,242,1596.013522
12,244,1596.188529
14,243,1596.364055
18,241,1596.532055
18,241,1596.700056
16,242,1596.870056
14,243,1597.041055
16,242,1597.210581
20,240,1597.390583
14,243,1597.563584
12,244,1597.738114
18,241,1597.908114
20,240,1600.875234
22,239,1601.051238
12,244,1601.227233
18,241,1601.397279
22,239,1601.564279
20,240,1601.73533
12,244,1601.907346
16,242,1602.077348
18,241,1602.247345
14,243,1602.41735
20,240,1602.585345
16,242,1602.756347
20,240,1602.933879
14,243,1603.103952
20,240,1603.272947
20,240,1603.44195
8,246,1603.613951
16,242,1603.784948
12,244,1603.95695
20,240,1604.125951
16,242,1604.297947
16,242,1607.2316
16,242,1607.401601
22,239,1607.5706
18,241,1607.745601
18,241,1607.9176
16,242,1608.090131
18,241,1608.26313
14,243,1608.43413
16,242,1608.606192
10,245,1608.78319
14,243,1608.95619
16,242,1609.12819
12,244,1609.30519
24,238,1609.47019
24,238,1609.636191
20,240,1609.80319
24,238,1609.968251
20,240,1610.136249
16,242,1610.310246
14,243,1610.479248
18,241,1610.647249
12,244,1613.560932
18,241,1613.731932
16,242,1613.901934
14,243,1614.072932
14,243,1614.242992
16,242,1614.412991
16,242,1614.582992
16,242,1614.753994
14,243,1614.924991
16,242,1615.094992
18,241,1615.263992
18,241,1615.432992
12,244,1615.604992
18,241,1615.773993
22,239,1615.942049
10,245,1616.114047
18,241,1616.283047
12,244,1616.456047
16,242,1616.626049
14,243,1616.796047
18,241,1616.966044
-226,238,1617.134579
8,246,1620.069632
16,242,1620.239679
16,242,1620.410679
16,242,1620.579677
12,244,1620.750678
16,242,1620.919737
14,243,1621.095737
20,240,1621.264737
16,242,1621.435736
20,240,1621.603737
18,241,1621.771735
24,238,1621.938262
20,240,1622.109263
22,239,1622.280791
16,242,1622.450791
14,243,1622.620851
18,241,1622.788851
24,238,1622.956851
18,241,1623.126852
18,241,1623.298905
14,243,1623.471908
18,241,1626.372915
20,240,1626.544918
22,239,1626.711919
20,240,1626.879919
16,242,1627.048977
-224,237,1627.216978
22,239,1627.383978
18,241,1627.553977
16,242,1627.724509
18,241,1627.89351
14,243,1628.06451
16,242,1628.23951
16,242,1628.411512
8,246,1628.58551
12,244,1628.75951
16,242,1628.92951
18,241,1629.099509
20,240,1629.268567
16,242,1629.438566
22,239,1629.605566
14,243,1629.777567
14,243,1632.69424
16,242,1632.863239
18,241,1633.032241
14,243,1633.201769
22,239,1633.371769
16,242,1633.540767
20,240,1633.707768
14,243,1633.877769
16,242,1634.046768
12,244,1634.218768
20,240,1634.387769
14,243,1634.556298
16,242,1634.7253
18,241,1634.892299
20,240,1635.059298
14,243,1635.229828
14,243,1635.40383
20,240,1635.571828
12,244,1635.74183
14,243,1635.910884
18,241,1636.079883
14,243,1639.002474
-224,237,1639.168473
14,243,1639.338473
10,245,1639.511474
22,239,1639.678474
14,243,1639.848475
12,244,1640.019005
12,244,1640.191006
16,242,1640.362006
-234,242,1640.532006
18,241,1640.701005
20,240,1640.870065
20,240,1641.038065
8,246,1641.210065
18,241,1641.379595
16,242,1641.548596
20,240,1641.720596
14,243,1641.890596
24,238,1642.056596
20,240,1642.224648
18,241,1642.39465
16,242,1645.326821
22,239,1645.494873
20,240,1645.661874
14,243,1645.831874
16,242,1646.0044
10,245,1646.179398
20,240,1646.348402
18,241,1646.517401
18,241,1646.6854
18,241,1646.854457
20,240,1647.021455
22,239,1647.190458
12,244,1647.362456
16,242,1647.531988
24,238,1647.699989
14,243,1647.87052
20,240,1648.03852
16,242,1648.214048
14,243,1648.386046
18,241,1648.555047
12,244,1648.730048
16,242,1648.902049
10,245,1651.832573
16,242,1652.002573
18,241,1652.172625
10,245,1652.345625
12,244,1652.520144
12,244,1652.691191
16,242,1652.860192
18,241,1653.028193
12,244,1653.201193
16,242,1653.371193
18,241,1653.541723
16,242,1653.712723
12,244,1653.882722
18,241,1654.051723
8,246,1654.225723
14,243,1654.39772
20,240,1654.565723
20,240,1654.737723
18,241,1654.905723
12,244,1655.075721
14,243,1655.246721
12,244,1658.154291
16,242,1658.324291
22,239,1658.492289
16,242,1658.660291
24,238,1658.827291
16,242,1659.002346
16,242,1659.180354
20,240,1659.352347
14,243,1659.523407
16,242,1659.692408
18,241,1659.860407
16,242,1660.029409
16,242,1660.199409
16,242,1660.367936
20,240,1660.536936
14,243,1660.706934
10,245,1660.877465
14,243,1661.046465
14,243,1661.220466
16,242,1661.390464
18,241,1661.559465
16,242,1664.478656
10,245,1664.649656
-226,238,1664.815656
16,242,1664.984656
18,241,1665.151657
14,243,1665.322658
18,241,1665.493656
16,242,1665.661659
14,243,1665.831658
20,240,1665.999184
16,242,1666.167187
12,244,1666.337186
14,243,1666.508716
16,242,1666.681717
12,244,1666.852717
14,243,1667.021718
22,239,1667.188246
12,244,1667.360245
16,242,1667.530246
14,243,1667.706774
16,242,1667.876776
12,244,1670.795923
12,244,1670.968448
14,243,1671.138449
12,244,1671.31045
22,239,1671.479448
16,242,1671.649449
14,243,1671.819449
20,240,1671.98945
16,242,1672.159451
18,241,1672.327451
16,242,1672.498451
14,243,1672.668451
12,244,1672.839451
20,240,1673.00745
14,243,1673.176981
16,242,1673.346981
22,239,1673.515982
18,241,1673.684982
12,244,1673.858983
14,243,1674.029044
10,245,1674.204041
12,244,1677.186194
18,241,1677.371193
18,241,1677.569192
18,241,1677.740192
22,239,1677.919195
20,240,1678.100192
-234,242,1678.275239
16,242,1678.462237
20,240,1678.66024
10,245,1678.836241
20,240,1679.01724
18,241,1679.18524
10,245,1679.35824
14,243,1679.562816
12,244,1679.750816
18,241,1679.922874
18,241,1680.097873
14,243,1680.271874
12,244,1680.463876
14,243,1680.715872
16,242,1680.891386
18,241,1684.091098
20,240,1684.263097
20,240,1684.431097
10,245,1684.606097
22,239,1684.774096
4,248,1684.964158
16,242,1685.155157
14,243,1685.337154
20,240,1685.515159
18,241,1685.686154
16,242,1685.855155
16,242,1686.030153
16,242,1686.217155
10,245,1686.392155
10,245,1686.571688
14,243,1686.741687
16,242,1686.912688
20,240,1687.094687
18,241,1687.275691
12,244,1687.453688
18,241,1687.62569
18,241,1690.576384
22,239,1690.744382
14,243,1690.91444
16,242,1691.084438
12,244,1691.254439
14,243,1691.427439
16,242,1691.601489
22,239,1691.76754
20,240,1691.935541
14,243,1692.105539
8,246,1692.27754
18,241,1692.44554
16,242,1692.618587
16,242,1692.788588
16,242,1692.957589
18,241,1693.127588
16,242,1693.297588
12,244,1693.46812
12,244,1693.641119
18,241,1693.810118
14,243,1693.980117
10,245,1694.15212
10,245,1697.06724
12,244,1697.237284
14,243,1697.407284
12,244,1697.580285
18,241,1697.748284
18,241,1697.916285
18,241,1698.087284
20,240,1698.256282
14,243,1698.4273
18,241,1698.59783
12,244,1698.768828
20,240,1698.936828
18,241,1699.10583
14,243,1699.278828
14,243,1699.45183
16,242,1699.62683
16,242,1699.797828
8,246,1699.986359
18,241,1700.177355
16,242,1700.368359
20,240,1700.545359
18,241,1703.536579
22,239,1703.709636
12,244,1703.881638
12,244,1704.052688
14,243,1704.222689
16,242,1704.393687
12,244,1704.58769
16,242,1704.76376
12,244,1704.942759
14,243,1705.116759
18,241,1705.290758
22,239,1705.462816
10,245,1705.648816
16,242,1705.824816
12,244,1705.996341
18,241,1706.165343
12,244,1706.338341
8,246,1706.51334
14,243,1706.688343
16,242,1706.858342
16,242,1707.028343
