# {"t_start": 1566311232.5322819, "env_id": "SignalizedEco-v0"} 
r,l,t
-193.772967,548,44.499015
-201.31652,548,44.974541
-190.240226,544,45.37554
-195.603436,549,45.778539
-201.54801,543,46.179301
-197.439355,545,46.5783
-195.205799,549,46.976301
-193.862243,546,47.377301
-196.807716,547,50.827937
-194.530883,549,51.234459
-199.01575,546,51.635516
-201.853014,545,52.037516
-198.647897,549,52.451516
-194.963144,548,52.868515
-190.582195,545,53.274043
-198.509305,543,56.028196
-193.172559,548,56.435196
-197.378945,546,56.837196
-198.782993,547,57.240725
-198.278481,544,57.642723
-199.064993,548,58.049255
-197.288053,550,58.453303
-209.485678,544,58.853303
-201.906639,550,61.633356
-206.541048,548,62.045356
-201.63756,546,62.466413
-191.440958,546,62.971941
-196.888006,546,63.389936
-183.372951,545,63.799474
-198.317891,549,64.211474
-198.578723,546,67.02161
-203.514828,546,67.431666
-699.279606,544,67.837191
-187.674079,543,68.242714
-687.583075,548,68.647715
-194.918843,549,69.052714
-200.449863,546,69.454771
-192.456912,548,69.863771
-200.695304,546,72.635991
-202.769166,547,73.048991
-191.508079,547,73.464521
-694.221572,547,73.867518
-189.056031,545,74.269519
-191.809617,546,74.675576
-200.201488,547,75.081577
-192.405596,546,77.848844
-198.710073,546,78.257844
-195.437019,542,78.658844
-189.428388,544,79.069904
-210.110459,551,79.475904
-179.778669,547,79.880953
-190.855126,544,80.287009
-190.052223,546,80.690584
-198.0354,546,83.505069
-195.912557,548,83.915121
-195.448131,548,84.322652
-201.629319,543,84.72618
-203.516499,545,85.13918
-205.926297,546,85.548236
-203.533035,544,85.968235
-202.962411,544,88.776918
-199.024016,551,89.197935
-203.422855,547,89.612951
-181.732702,547,90.029012
-199.868419,547,90.438012
-187.026226,550,90.846572
-202.836499,550,91.264103
-211.181768,547,91.675523
-192.769938,549,94.515136
-699.030749,546,94.918194
-193.884354,546,95.32025
-203.638371,550,95.726249
-193.98618,546,96.130775
-198.379767,547,96.534302
-190.240119,549,96.937356
-199.796107,547,99.727052
-187.696049,547,100.130579
-195.052058,545,100.529631
-207.757401,545,100.933689
-188.332466,547,101.333688
-189.779939,548,101.740741
-204.664493,546,102.143741
-189.716301,548,102.54674
-194.759709,547,105.32192
-203.440659,545,105.72292
-189.028768,548,106.126972
-193.889519,546,106.529972
-195.879154,546,106.932501
-194.509773,547,107.335499
-192.871435,552,107.7435
-204.390276,548,110.491216
-189.778993,549,110.899216
-196.361816,548,111.303216
-197.177723,547,111.7058
-196.753531,550,112.1158
-191.192646,550,112.533805
-185.400548,551,112.959862
-192.557436,546,113.374927
-186.5538,550,116.172515
-190.597704,547,116.577518
-187.044277,547,116.980108
-193.139268,548,117.384103
-195.519187,545,117.788153
-198.260645,549,118.200208
-1189.802156,549,118.607208
-201.31552,549,121.380311
-194.492727,548,121.785311
-199.415586,551,122.195311
-187.785635,545,122.59731
-196.349607,548,123.00131
-202.183114,543,123.40331
-686.547222,546,123.807837
-694.409578,554,124.218837
-202.63401,546,126.98399
-194.851566,547,127.397989
-204.229617,547,127.803986
-201.654241,548,128.210518
-191.942185,548,128.617519
-194.725877,546,129.023519
-198.355462,548,129.430518
-200.123583,544,132.192193
-206.953134,544,132.595193
-188.084849,547,132.999191
-197.262458,547,133.40672
-187.440481,546,133.809722
-182.668052,547,134.214776
-198.744965,546,134.624774
-193.219314,548,135.043837
-195.030762,548,137.906857
-190.903073,549,138.332911
-192.074709,546,138.78344
-193.004565,544,139.239965
-188.425093,547,139.689563
-187.115676,549,140.135607
-193.394361,551,140.561662
-194.73418,550,143.454439
-194.271967,549,143.868439
-197.904569,549,144.287496
-190.666564,547,144.691882
-197.00089,548,145.121902
-187.074997,549,145.53896
-183.825248,551,145.953959
-196.541318,545,146.354156
-187.049165,551,149.174791
-191.754329,549,149.594845
-192.294087,547,150.004844
-186.239954,546,150.408376
-196.341212,549,150.828376
-191.235254,550,151.248971
-203.340596,549,151.658971
-190.236265,545,154.462353
-196.736619,545,154.871355
-186.254321,548,155.288883
-188.704995,547,155.698884
-191.642598,548,156.111883
-186.262799,548,156.515412
-186.638994,548,156.920992
-193.882018,547,157.32699
-183.119951,552,160.087571
-187.941404,548,160.492624
-186.832947,550,160.897625
-188.120638,547,161.300674
-189.290232,546,161.702679
-698.904717,553,162.116207
-190.845384,551,162.519735
-191.172284,551,165.279316
-188.464358,546,165.695317
-189.45973,550,166.102316
-693.517581,554,166.508366
-182.602945,551,166.914894
-201.67448,548,167.314893
-194.062144,550,167.719892
-183.778136,549,168.156893
-193.57091,549,170.95258
-184.867099,549,171.359578
-203.167898,548,171.762629
-179.98458,549,172.17663
-203.743727,548,172.580156
-171.830478,547,172.987155
-184.635972,547,173.396156
-183.285362,545,176.163271
-192.100872,550,176.567272
-204.65876,552,176.972322
-187.869633,550,177.375852
-188.857505,551,177.777852
-179.654744,551,178.184902
-178.872321,550,178.589902
-183.58599,549,178.993903
-186.077293,547,181.7465
-199.832979,551,182.1575
-682.23039,547,182.560032
-190.119361,550,182.966032
-190.841587,548,183.368558
-181.595888,551,183.776611
-196.267461,551,184.183611
-187.601579,548,186.977283
-181.481207,548,187.385283
-189.061137,553,187.795339
-187.965822,548,188.204339
-187.667832,547,188.607885
-182.159512,553,189.016884
-201.195341,550,189.425466
-184.477355,550,192.195073
-186.038256,550,192.599073
-182.406464,549,193.000127
-182.084992,550,193.407673
-195.120589,547,193.810672
-190.018472,549,194.213674
-1173.666748,554,194.6182
-192.938644,550,195.021199
-186.229356,548,197.815907
-177.735228,548,198.219905
-191.193514,547,198.620433
-187.731412,546,199.023433
-197.641518,550,199.428434
-184.099927,551,199.829433
-688.579317,549,200.235434
-196.985208,550,203.008006
-200.035236,549,203.415004
-192.844982,549,203.818066
-180.991692,548,204.221594
-197.795682,553,204.632651
-199.183514,549,205.041651
-176.533395,550,205.450229
-190.024464,548,205.865231
-201.700511,548,245.33637
-681.972748,549,245.811369
-183.227381,548,246.21137
-183.014486,547,246.614896
-186.242756,552,247.015895
-191.380266,551,247.419895
-186.390437,551,247.838424
-184.09745,551,248.240951
-189.025085,549,250.996097
-190.003863,550,251.398098
-183.467025,547,251.797625
-196.401838,553,252.200623
-193.13692,550,252.604624
-191.247094,546,253.003152
-200.506474,551,253.407152
-181.43114,550,256.147771
-181.455089,549,256.550774
-693.582092,555,256.953771
-193.551638,549,257.354823
-199.52437,549,257.757822
-199.665195,552,258.175822
-185.225495,549,258.579822
-192.965509,549,258.983877
-193.438695,548,261.747532
-196.270803,551,262.148531
-198.509612,548,262.547532
-190.006974,548,262.949058
-179.985805,549,263.348584
-184.789028,548,263.747584
-197.623893,550,264.14911
-191.789801,546,266.903852
-196.143551,546,267.302853
-184.678552,550,267.702852
-188.988268,545,268.112381
-186.320808,549,268.524436
-186.432881,547,268.927437
-185.813909,546,269.326967
-177.494819,548,269.730065
-177.74893,546,272.474658
-182.10632,551,272.875659
-193.034976,546,273.273659
-192.439572,547,273.67571
-188.965407,549,274.090235
-190.899173,543,274.494763
-194.699821,549,274.901763
-697.224144,548,277.961548
-188.661977,547,278.373544
-186.878824,547,278.787545
-186.136886,545,279.192071
-193.66956,548,279.594126
-187.353648,549,280.001708
-181.563342,549,280.408706
-189.977877,547,280.814759
-183.405962,547,283.690389
-194.292914,544,284.092917
-182.081148,546,284.499916
-195.435275,549,284.90296
-195.438866,546,285.301965
-186.000859,546,285.704965
-191.43524,546,286.108491
-184.768064,546,288.895567
-185.532934,546,289.301097
-195.352249,547,289.710626
-179.490479,547,290.115156
-191.452621,544,290.516155
-175.786315,548,290.923156
-187.861267,546,291.321681
-193.992544,547,291.723737
-182.519416,547,294.477312
-186.48589,547,294.878314
-193.000995,548,295.282314
-182.537482,547,295.680362
-678.696158,547,296.081362
-177.684019,545,296.480361
-187.766958,547,296.878361
-183.977715,547,299.704526
-178.097393,549,300.114051
-186.081449,550,300.520049
-176.984116,549,300.923049
-193.29619,549,301.329231
-188.037606,547,301.735229
-193.442837,547,302.136285
-183.088755,546,302.536352
-189.043474,546,305.292146
-187.212444,545,305.695147
-185.151187,547,306.100148
-181.192793,550,306.506197
-189.810872,546,306.907253
-185.536745,547,307.312254
-182.41058,546,307.711786
-184.91901,546,310.500599
-180.474111,547,310.902599
-188.15526,548,311.3106
-186.241195,548,311.715599
-178.173666,548,312.116122
-187.059151,549,312.523124
-182.001234,546,312.921124
-189.581227,549,313.329177
-183.780709,549,316.079281
-189.607688,544,316.481809
-178.887035,546,316.882864
-187.275481,547,317.282964
-191.172982,547,317.684964
-184.134221,546,318.089965
-184.374883,546,318.491965
-186.213662,547,321.273552
-186.269487,549,321.676079
-176.689723,546,322.079607
-179.176283,550,322.485134
-187.828891,550,322.887134
-187.377481,546,323.289136
-182.191496,547,323.691135
-174.4662,547,324.093136
-194.797164,549,326.855711
-177.038514,551,327.259711
-186.2817,549,327.66371
-183.052169,548,328.065711
-189.409415,550,328.469238
-182.194742,548,328.872239
-183.499857,548,329.273237
-190.905823,551,332.032929
-180.120327,552,332.436459
-182.708991,549,332.839458
-173.658825,547,333.241459
-187.506318,549,333.644458
-192.082921,549,334.059457
-176.884751,551,334.464982
-179.822953,547,334.864983
-189.388722,549,337.615179
-180.715043,549,338.018235
-186.219532,550,338.420764
-179.664502,550,338.821763
-177.774243,549,339.225819
-181.569401,547,339.628819
-188.123586,549,340.043872
-201.059641,552,342.790025
-200.030448,551,343.197025
-179.570762,551,343.596548
-186.589721,551,343.998549
-178.180593,550,344.399548
-188.564779,549,344.80555
-177.273077,550,345.208304
-181.745902,551,347.972248
-181.796403,551,348.374299
-186.633575,550,348.774362
-175.904659,550,349.18036
-192.588522,553,349.585889
-181.900195,549,349.987946
-192.637256,551,350.409944
-186.038932,551,350.817474
-181.784147,551,353.566693
-177.26066,549,354.028692
-171.471824,552,354.439747
-180.38031,553,354.858745
-187.63727,553,355.292273
-178.936032,553,355.703807
-183.200804,551,356.109333
-177.468805,549,358.852489
-684.094087,554,359.261544
-195.710223,551,359.668596
-176.641361,553,360.077596
-681.366133,554,360.490598
-177.667046,551,360.906597
-188.070108,553,361.315955
-686.708339,557,361.726006
-180.928267,550,364.469343
-190.016717,551,364.876345
-189.478323,552,365.281039
-187.474572,551,365.681038
-183.682932,552,366.086561
-185.132766,550,366.488089
-195.068162,550,366.893616
-183.97412,552,369.660194
-188.67162,551,370.066242
-189.245849,552,370.471821
-183.446605,550,370.89182
-187.905935,549,371.297822
-183.215833,547,371.698822
-188.473705,547,372.10487
-187.693886,549,372.508871
-182.218521,549,375.246006
-194.081741,549,375.646006
-187.822489,548,376.048535
-188.876643,549,376.449588
-175.506958,551,376.85416
-189.323951,549,377.259694
-189.406861,552,377.667693
-185.146318,548,380.401024
-183.403436,551,380.811038
-179.413974,551,381.236025
-182.080713,549,381.644081
-176.524803,550,382.05008
-195.192144,552,382.456079
-194.577231,549,382.86308
-188.502233,550,383.268082
-190.493661,548,386.036622
-183.083551,553,386.440148
-688.441818,555,386.850681
-695.417573,551,387.256047
-183.842577,549,387.657682
-194.176171,549,388.064683
-184.049657,550,388.47174
-187.400162,550,391.241645
-196.374486,552,391.660644
-190.069277,550,392.066643
-193.289216,553,392.495189
-184.551513,550,392.906188
-194.702574,550,393.315187
-194.557032,550,393.720713
-190.971899,550,396.477455
-189.415659,550,396.881504
-192.600941,550,397.284508
-184.878792,549,397.690562
-196.83854,550,398.095562
-188.407391,550,398.499614
-191.659088,550,398.906613
-194.036066,550,399.309613
-192.120263,549,402.101663
-185.61941,549,402.507718
-180.100622,549,402.915718
-187.376517,548,403.317774
-694.637832,554,403.724819
-192.112235,552,404.129821
-183.866898,550,404.531819
-186.744521,549,444.21186
-174.569617,548,444.678882
-205.578929,552,445.082883
-194.357736,549,445.484882
-198.655874,550,445.886881
-194.327472,547,446.286882
-184.442739,548,446.688413
-197.012095,551,447.092938
-196.33412,549,449.834089
-193.534509,551,450.236089
-201.09303,548,450.635089
-197.798201,550,451.040143
-187.279653,550,451.442141
-186.200678,546,451.844141
-195.759741,551,452.247142
-177.859006,550,455.012865
-196.947863,550,455.414863
-190.14399,548,455.815865
-197.186976,548,456.219394
-183.593183,549,456.619447
-194.650603,548,457.026449
-177.847761,551,457.431498
-181.177638,548,457.835553
-191.845631,547,460.586179
-192.88104,549,460.989177
-180.275799,551,461.392229
-179.191512,552,461.794757
-182.728692,550,462.199757
-186.214118,550,462.612813
-188.943294,549,463.027815
-178.683373,546,465.834458
-193.385667,551,466.247461
-181.386799,549,466.651515
-185.941877,548,467.055515
-197.111524,550,467.465516
-187.750795,551,467.882516
-208.129459,548,468.291624
-195.346755,549,468.699682
-184.248185,550,471.486253
-184.622485,550,471.886269
-189.498975,550,472.298796
-183.165233,550,472.70085
-189.122059,551,473.119848
-173.091508,551,473.54191
-186.71796,549,473.95244
-186.335399,549,476.699598
-184.43347,548,477.100599
-183.071953,549,477.499601
-181.734744,550,477.9006
-187.248128,551,478.306126
-187.952093,551,478.712184
-174.991458,552,479.115711
-176.49783,551,479.52071
-183.08005,552,482.280951
-177.759751,548,482.68448
-185.617845,552,483.09248
-181.317537,547,483.497481
-180.051718,550,483.916598
-181.816742,549,484.324616
-683.011831,551,484.727672
-182.356774,550,487.53043
-187.648483,549,487.936956
-189.802887,550,488.341485
-180.653696,550,488.747012
-183.81579,550,489.155545
-181.383049,550,489.562544
-185.828999,548,489.964072
-178.464217,549,490.372126
-194.295019,550,493.132752
-185.835651,551,493.537757
-179.802861,551,493.951816
-181.362643,548,494.360814
-176.453034,551,494.763867
-187.476701,551,495.168868
-690.236123,552,495.573868
-182.460827,549,498.32009
-183.488665,553,498.724793
-188.465894,548,499.129141
-179.827315,549,499.534139
-699.943673,554,499.940668
-178.707098,550,500.347199
-187.794854,549,500.746202
-668.96208,554,503.505045
-187.61924,548,503.906571
-181.532696,550,504.328626
-183.785267,551,504.739628
-179.992016,551,505.145627
-188.114266,549,505.549154
-182.459241,552,505.955154
-185.058329,549,506.363153
-168.419705,550,509.1287
-181.12449,548,509.530756
-177.726082,553,509.939757
-181.358934,550,510.344755
-179.481625,551,510.748756
-184.845309,550,511.158756
-188.548474,551,511.563756
-185.502199,552,514.343395
-173.929623,550,514.761396
-180.545488,553,515.168453
-189.324617,551,515.571981
-179.482554,551,515.972981
-177.663571,552,516.373511
-190.619807,552,516.777509
-177.147191,551,517.18451
-182.733687,548,519.9269
-179.801475,553,520.348899
-184.39796,552,520.756959
-175.995612,551,521.159959
-183.435349,549,521.560009
-177.10737,551,521.963538
-175.881716,552,522.368538
-182.42547,549,525.144896
-178.401183,549,525.545897
-178.995677,551,525.948952
-184.499349,551,526.355954
-175.039129,549,526.757956
-170.618977,549,527.161482
-179.439829,550,527.565011
-179.168057,552,527.972011
-189.498008,552,530.733693
-674.165418,555,531.140695
-184.804567,551,531.543747
-683.436268,554,531.947748
-181.147941,553,532.35928
-175.292303,552,532.764802
-183.88872,552,533.170801
-181.435918,548,535.943938
-170.124941,553,536.35894
-173.094054,551,536.760939
-184.823353,550,537.166937
-185.007403,553,537.568938
-179.347888,552,537.968939
-169.160683,548,538.371466
-180.497207,548,538.775523
-178.08784,550,541.56353
-183.811377,551,541.96753
-184.458336,551,542.371531
-181.580554,550,542.771061
-174.826453,548,543.174117
-188.18386,551,543.57417
-169.972431,550,543.973699
-182.521026,549,546.738059
-179.174038,549,547.14206
-183.283224,548,547.539058
-181.320674,553,547.942057
-181.590704,549,548.345584
-192.981322,551,548.748583
-183.007494,548,549.151639
-179.065518,552,551.898335
-175.270401,550,552.298334
-183.108916,549,552.697334
-186.087154,547,553.09739
-676.416624,551,553.504388
-178.110998,550,553.907389
-190.277316,551,554.311389
-178.607676,548,554.713388
-175.05319,551,557.48696
-184.882019,551,557.890961
-178.726743,552,558.295011
-180.344728,552,558.70006
-188.734357,549,559.101059
-189.663367,549,559.504056
-179.673644,550,559.906111
-676.131137,551,562.653277
-176.076633,551,563.054806
-173.543956,551,563.458807
-175.758287,549,563.859865
-177.427105,551,564.263865
-184.733004,550,564.664865
-177.726629,552,565.069913
-174.312993,548,565.469913
-180.986426,551,568.237327
-179.365674,551,568.645326
-185.684315,552,569.049326
-182.081953,551,569.455853
-180.022175,552,569.861853
-183.299728,553,570.268381
-184.213044,553,570.674382
-177.357192,549,573.410527
-177.16325,550,573.81053
-177.913965,553,574.216531
-171.032156,551,574.619531
-180.942547,552,575.02558
-171.341225,549,575.426158
-180.511689,549,575.829212
-678.393482,554,576.250742
-180.75926,549,579.039678
-176.553144,551,579.449678
-178.265136,550,579.85468
-184.290366,551,580.26468
-175.66786,549,580.666678
-174.435998,552,581.07868
-172.689126,551,581.490205
-182.806093,550,584.256358
-173.388044,549,584.66394
-176.046986,550,585.069941
-176.516734,551,585.481001
-173.74457,553,585.89031
-182.045736,552,586.322311
-172.233389,548,586.73931
-182.340797,550,589.501011
-179.542015,549,589.90901
-181.247423,547,590.31601
-178.278682,550,590.722011
-174.034905,551,591.129541
-170.828248,552,591.535067
-683.203278,554,591.945063
-176.956645,550,592.353067
-172.434882,549,595.101713
-172.878004,550,595.50424
-168.627961,549,595.906822
-180.63561,549,596.31182
-183.944328,548,596.732821
-186.969153,549,597.134822
-180.330657,547,597.539821
-178.394188,547,600.288926
-176.278524,549,600.69393
-174.997565,551,601.098927
-174.214885,553,601.509928
-173.750496,547,601.911926
-178.858629,549,602.3155
-186.301043,550,602.718501
-181.322873,549,603.124558
-176.777222,549,642.501206
-189.940314,547,642.973207
-176.709632,549,643.375265
-172.687476,548,643.775264
-179.182227,548,644.176263
-191.111481,550,644.574789
-176.829963,551,644.977788
-175.783776,549,645.381319
-182.151736,550,648.158417
-666.77727,548,648.555948
-675.808646,550,648.954947
-180.514269,549,649.358947
-169.779767,549,649.759947
-175.942744,551,650.161999
-179.817639,550,650.562998
-672.667976,548,653.32031
-174.438704,551,653.727309
-174.988942,549,654.131309
-172.994527,549,654.535363
-179.17828,551,654.937363
-180.668774,549,655.333362
-182.328896,547,655.732365
-175.543792,548,656.131364
-180.106554,547,658.900904
-172.308168,551,659.302902
-174.227272,549,659.702434
-180.975858,548,660.105485
-180.353945,547,660.504009
-183.70302,549,660.906533
-166.584097,550,661.31058
-173.984694,547,664.049788
-170.158799,552,664.454787
-176.147489,551,664.856314
-181.530914,551,665.260313
-164.506201,551,665.667315
-182.114246,550,666.067315
-181.995936,551,666.472843
-180.624915,550,666.872844
-169.669709,549,669.637005
-170.859572,551,670.044004
-184.042253,548,670.443781
-180.616522,550,670.846532
-172.254707,551,671.249531
-176.079835,550,671.654532
-185.037807,551,672.082533
-166.197594,553,674.845165
-171.893955,549,675.248165
-177.158382,547,675.649693
-169.636216,551,676.056748
-176.984323,551,676.460747
-178.71567,552,676.866803
-177.094681,548,677.267331
-176.272046,550,677.670331
-175.348921,553,680.456381
-176.833619,548,680.862379
-168.242804,551,681.271379
-173.088946,550,681.679179
-180.956688,552,682.099179
-171.646397,551,682.507181
-186.029434,550,682.918238
-179.337271,551,685.678763
-177.470767,552,686.088764
-183.85918,551,686.495764
-177.743451,548,686.903821
-170.614905,550,687.310822
-182.670393,552,687.719406
-181.864408,552,688.132405
-176.040746,551,688.540459
-168.143749,549,691.329089
-172.222783,551,691.73309
-180.890229,551,692.135617
-170.904474,550,692.540618
-170.188276,553,692.948145
-181.25672,551,693.356146
-185.1085,551,693.7742
-675.606161,555,696.710683
-174.668712,550,697.17727
-171.3855,551,697.589814
-174.418841,553,698.000865
-170.200269,552,698.412454
-181.336715,552,698.817981
-176.676285,550,699.278512
-167.216687,552,702.417051
-172.06246,551,702.884047
-174.483254,549,703.371051
-175.073638,552,703.79105
-178.080662,551,704.20705
-173.522037,550,704.619103
-175.233788,552,705.072105
-167.650463,550,705.498104
-177.01886,550,708.3069
-174.77479,549,708.784523
-176.944274,550,709.218588
-173.220338,553,709.681125
-177.727272,549,710.097655
-180.223744,549,710.512654
-184.548137,549,710.930652
-170.187046,549,713.744911
-170.639258,549,714.155969
-162.486093,549,714.56497
-172.562958,549,714.982969
-176.177311,550,715.399499
-170.997094,550,715.8125
-175.302286,551,716.229498
-175.259552,551,716.636027
-172.787675,551,719.427251
-170.13962,550,719.85325
-172.229166,552,720.26225
-181.819908,550,720.668251
-179.601657,550,721.072252
-168.674111,551,721.479252
-168.916236,550,721.88325
-686.63976,552,724.625462
-180.34299,551,725.027989
-184.05888,548,725.428988
-177.088414,551,725.833989
-174.317995,550,726.236988
-176.297641,551,726.638103
-176.275165,552,727.043101
-178.271395,549,727.448102
-178.892569,552,730.230854
-175.204798,551,730.636855
-165.323903,548,731.036854
-179.414852,553,731.443855
-168.233489,551,731.850379
-181.767762,549,732.257379
-175.56005,549,732.665429
-174.57334,549,735.40599
-178.995634,551,735.811044
-174.842864,552,736.21857
-175.609865,549,736.62057
-181.833885,550,737.023571
-175.837424,552,737.424626
-681.321157,554,737.830627
-170.577024,552,740.579769
-171.204879,550,740.98577
-173.765005,550,741.3913
-182.890907,549,741.793067
-172.797319,550,742.197067
-170.282481,551,742.599066
-175.429909,550,743.002066
-184.572268,549,743.404594
-174.043392,549,746.151164
-173.018208,550,746.553164
-185.233883,550,746.957693
-173.939597,547,747.355689
-174.62,548,747.758219
-178.451941,549,748.157748
-180.434483,551,748.560748
-189.31784,551,751.32485
-178.1181,551,751.732848
-174.137043,549,752.135908
-181.727915,551,752.54191
-176.577614,549,752.94291
-184.655271,550,753.345433
-179.819809,550,753.749488
-166.416594,551,754.162488
-172.434146,548,757.059544
-167.686311,548,757.463544
-178.855375,551,757.865069
-179.705944,550,758.264595
-174.098161,550,758.664172
-179.26317,551,759.069232
-173.223661,549,759.473231
-178.917385,552,762.241913
-167.453336,553,762.646914
-171.925991,551,763.052913
-176.301767,550,763.456913
-174.758583,550,763.859911
-173.35333,551,764.265914
-177.563322,552,764.67344
-174.230364,552,765.076497
-174.342705,550,767.897073
-179.820498,551,768.314599
-674.096132,555,768.72465
-165.739726,552,769.130708
-174.048976,552,769.536767
-172.968535,552,769.942765
-174.615303,552,770.348766
-179.622654,549,773.122431
-168.16488,551,773.527433
-178.274496,553,773.933954
-167.452737,552,774.336478
-175.548712,549,774.74348
-178.358466,551,775.15048
-172.224498,548,775.554535
-175.853664,553,775.962536
-176.354071,548,778.71411
-169.966695,548,779.121108
-166.468807,549,779.526162
-176.643161,550,779.933159
-665.805873,552,780.335687
-171.279137,550,780.738743
-173.836246,553,781.159794
-166.852959,550,783.93642
-173.640254,552,784.347478
-169.393034,550,784.753577
-166.719455,551,785.159575
-172.712859,546,785.564578
-171.573823,547,785.966579
-176.772727,551,786.373104
-174.849505,551,789.148629
-172.848901,551,789.559631
-178.510637,550,789.966158
-172.070916,551,790.374738
-180.07432,552,790.782744
-176.846635,549,791.189745
-183.194095,550,791.606785
-169.173187,550,792.018785
-176.733854,549,794.767411
-185.569273,549,795.169413
-184.648759,549,795.569409
-179.411302,553,795.972937
-173.880333,550,796.378464
-173.120719,549,796.778466
-164.411306,550,797.176465
-178.740228,550,799.918247
-178.059076,549,800.318246
-168.70691,551,800.724243
-172.756402,549,801.126302
-166.689195,551,801.533303
-172.318356,550,801.953301
-163.7447,551,802.361352
-173.808785,549,802.76888
-171.361761,548,841.571139
-178.507277,551,842.049667
-169.869038,549,842.454671
-174.998963,553,842.884666
-166.758995,552,843.292717
-170.717603,551,843.702268
-179.692933,549,844.116283
-172.702042,551,844.517281
-171.098725,549,847.46641
-183.952914,549,847.936951
-173.52292,549,848.368016
-170.444411,553,848.785017
-178.497442,547,849.196059
-168.0896,549,849.601057
-178.856236,548,850.007059
-164.70326,551,852.772698
-170.813925,549,853.199699
-184.380649,551,853.61123
-178.643123,551,854.01723
-179.596051,551,854.42123
-166.812556,551,854.829229
-174.746234,550,855.233229
-175.636289,551,855.640283
-163.764291,552,858.422488
-173.819615,552,858.83849
-176.054292,551,859.268486
-177.781698,551,859.67549
-176.256492,550,860.084537
-174.535963,550,860.499538
-169.664617,550,860.908539
-167.84128,553,863.702169
-172.915994,551,864.110223
-176.234227,549,864.512223
-672.552922,556,864.922223
-167.14934,552,865.333281
-172.380503,552,865.742337
-182.470327,550,866.148337
-173.411406,550,866.550859
-179.958181,553,869.315386
-176.698969,551,869.723387
-174.208956,550,870.136386
-168.737038,552,870.544386
-165.182319,551,870.952441
-171.394666,552,871.362486
-175.269924,551,871.772489
-180.417348,550,874.544736
-183.172589,551,874.955264
-176.764088,549,875.357264
-184.897542,551,875.763263
-174.960964,553,876.175793
-182.867639,549,876.581852
-174.700364,550,876.988854
-174.26977,552,877.40038
-170.11699,552,880.145963
-668.466348,554,880.55407
-177.432778,551,880.965071
-172.836137,550,881.372071
-178.027445,549,881.778123
-166.277647,551,882.189126
-172.574355,551,882.596125
-176.52725,552,885.385248
-180.710114,552,885.797247
-170.909706,551,886.206246
-172.302156,550,886.621246
-168.162246,552,887.03178
-172.024757,551,887.43678
-168.108614,553,887.850311
-179.502296,550,890.608938
-173.293955,549,891.015938
-171.507259,552,891.427939
-173.333717,550,891.834461
-181.199722,551,892.248463
-176.449587,550,892.64899
-184.308402,547,893.054045
-178.442231,552,893.464045
-184.676811,552,896.266617
-167.867878,550,896.71562
-183.482235,551,897.152617
-172.137355,552,897.571673
-182.70879,549,897.97673
-182.688286,550,898.391257
-185.000715,548,898.800782
-182.712819,549,901.600891
-195.539657,552,902.005891
-677.366419,554,902.433892
-178.801803,550,902.84142
-175.804832,551,903.25244
-174.846616,550,903.65644
-174.47633,551,904.062442
-176.189185,549,904.480441
-183.778039,549,907.245605
-176.197072,552,907.654658
-182.014854,550,908.060716
-172.405605,552,908.465714
-180.986188,550,908.86777
-180.263347,552,909.272771
-183.809342,553,909.678771
-166.338617,549,912.423519
-172.004927,550,912.831518
-176.952677,549,913.232046
-178.710181,551,913.638047
-176.555423,551,914.045047
-184.705857,553,914.455098
-189.082079,548,914.872097
-183.147997,550,915.277097
-175.367704,552,918.055514
-172.518372,550,918.459038
-173.844119,551,918.861566
-167.797777,548,919.259583
-177.23275,551,919.658582
-182.782111,549,920.059631
-184.302765,552,920.464683
-178.293209,550,923.223
-166.652465,551,923.628999
-185.81695,550,924.033529
-177.138648,553,924.442529
-183.669951,551,924.86153
-179.598202,550,925.27806
-179.08145,552,925.68406
-193.915122,552,928.453363
-177.867932,552,928.864422
-174.684673,549,929.26842
-181.594161,552,929.673421
-178.067734,552,930.082421
-180.80929,550,930.491422
-177.471618,549,930.900474
-179.500179,547,931.308473
-167.279637,553,934.071623
-167.771491,551,934.475625
-181.493017,550,934.882679
-174.992706,552,935.304678
-177.705152,551,935.712678
-172.627935,551,936.118208
-171.260114,550,936.523207
-173.47612,553,939.27636
-184.507092,550,939.678359
-685.105127,554,940.086358
-176.579347,551,940.485413
-172.241376,552,940.892414
-167.919367,551,941.299414
-176.2769,553,941.707462
-173.686584,552,942.114465
-177.415409,550,944.888116
-172.22976,553,945.302118
-168.648915,552,945.717647
-164.150529,549,946.123648
-176.871155,552,946.532648
-168.386156,550,946.937696
-179.350342,550,947.341228
-168.527656,551,950.098508
-171.497285,550,950.500508
-168.822865,551,950.903507
-180.706322,552,951.306032
-169.652155,551,951.709031
-180.063673,551,952.131112
-174.270729,551,952.552112
-176.828918,549,952.961112
-179.904252,550,955.746485
-168.516116,551,956.161005
-174.596848,552,956.56606
-181.527508,551,956.97259
-180.021063,551,957.37359
-673.959316,554,957.78359
-180.099427,552,958.194652
-169.395858,548,960.939227
-175.31246,549,961.344752
-172.680654,550,961.746755
-169.298396,553,962.152815
-173.566791,552,962.562337
-663.508009,555,962.968337
-665.988291,555,963.374336
-164.242067,553,963.783338
-168.629767,552,966.575094
-172.52088,551,966.984095
-176.627518,546,967.386091
-175.475778,550,967.78915
-169.584318,551,968.19415
-181.434797,548,968.596151
-182.239456,549,969.002683
-165.753093,548,971.976263
-185.390825,550,972.417569
-184.925363,548,972.847574
-164.357701,550,973.274571
-174.210117,551,973.697571
-188.926883,547,974.120102
-179.468177,551,974.5361
-166.90347,549,977.38669
-168.907883,549,977.79572
-168.759429,548,978.214256
-176.770858,549,978.635307
-168.015938,552,979.053831
-187.719979,546,979.464938
-662.838131,547,979.879461
-165.889973,550,980.295513
-176.540846,547,983.076617
-169.785916,544,983.482616
-172.055915,548,983.887144
-167.84124,551,984.292668
-173.849393,551,984.696669
-173.441298,549,985.105667
-164.18007,550,985.514669
-168.371729,551,988.332782
-168.012832,548,988.737782
-167.507957,548,989.141783
-163.004765,547,989.548312
-174.547637,547,989.957313
-160.135107,552,990.369327
-164.107307,549,990.778375
-166.537068,553,991.198903
-170.396761,547,993.944483
-171.339712,548,994.347482
-168.069288,552,994.750065
-169.118952,553,995.158062
-177.897772,547,995.558112
-175.064307,549,995.960116
-167.315319,552,996.362115
-171.712777,548,999.11635
-169.946817,546,999.516349
-170.894565,551,999.919543
-664.28095,554,1000.326875
-162.276121,547,1000.724874
-166.021386,548,1001.126875
-173.974112,548,1001.527924
-173.515763,548,1001.930924
-179.296292,543,1040.987354
-165.31346,548,1041.456887
-187.307921,550,1041.863887
-175.867027,551,1042.268883
-178.072543,548,1042.666942
-183.946833,542,1043.062942
-180.478398,548,1043.462943
-178.178125,545,1043.867993
-181.985374,544,1046.677048
-174.657173,552,1047.082047
-173.056197,548,1047.500099
-170.43658,549,1047.968135
-173.838804,548,1048.399135
-169.505377,550,1048.807135
-173.471821,545,1049.210901
-162.422132,547,1051.97154
-173.777311,546,1052.37554
-179.0922,547,1052.773595
-167.621565,546,1053.179596
-168.523619,545,1053.577125
-171.900905,545,1053.980175
-164.233847,547,1054.386177
-170.249988,547,1054.788175
-161.446591,551,1057.64133
-174.02696,545,1058.055857
-178.944155,543,1058.471859
-173.308452,544,1058.879858
-199.983983,545,1059.298857
-187.45149,544,1059.704911
-179.562524,543,1060.113928
-190.147145,545,1062.887097
-174.125967,547,1063.287097
-168.896387,548,1063.683098
-168.867745,546,1064.088107
-183.714232,544,1064.48516
-172.141732,551,1064.88816
-175.630244,545,1065.28616
-161.77493,552,1065.687686
-169.627708,550,1068.43604
-175.221658,545,1068.851093
-167.841184,545,1069.255092
-668.174037,549,1069.656144
-165.772132,548,1070.059144
-162.156106,550,1070.462146
-171.946673,550,1070.866675
-168.500281,546,1073.630247
-179.905011,544,1074.030245
-180.084602,546,1074.430246
-184.10594,547,1074.825247
-165.675432,549,1075.229774
-176.364831,550,1075.628775
-169.651338,546,1076.030829
-174.669512,545,1076.430879
-169.227186,547,1079.208982
-174.19447,548,1079.609035
-175.501163,546,1080.01056
-161.835472,550,1080.41056
-168.30616,547,1080.805614
-163.080564,548,1081.213143
-166.077705,545,1081.60867
-167.98714,549,1084.357829
-173.252885,549,1084.760413
-164.571142,549,1085.162412
-174.664836,547,1085.5628
-173.694184,545,1085.964942
-178.419982,545,1086.366542
-160.394729,547,1086.768544
-182.49263,545,1087.169071
-171.405932,546,1089.939753
-166.635214,549,1090.3418
-171.18643,548,1090.739801
-172.400857,548,1091.147801
-177.192535,545,1091.540852
-174.976705,547,1091.941853
-191.082438,547,1092.340853
-167.241088,546,1095.073428
-168.584527,546,1095.476429
-168.084042,545,1095.872427
-172.26903,549,1096.277427
-160.750032,547,1096.674428
-163.80986,550,1097.080483
-164.561694,550,1097.484535
-672.120168,544,1097.883591
-173.005861,551,1100.663226
-171.144406,548,1101.065278
-171.01697,550,1101.499279
-182.316237,544,1101.907804
-175.560657,546,1102.312805
-670.595217,547,1102.717865
-167.458529,546,1103.128865
-164.090999,547,1105.868474
-163.634057,548,1106.270532
-165.995898,544,1106.668586
-174.569297,546,1107.074643
-172.042097,542,1107.468644
-166.412108,548,1107.869696
-166.182383,547,1108.272696
-164.3671,547,1108.670695
-166.906649,549,1111.45186
-173.154717,543,1111.845858
-166.032227,549,1112.246912
-178.017161,545,1112.641913
-165.619949,541,1113.034913
-162.099399,547,1113.431974
-169.929127,546,1113.827502
-173.57912,548,1116.582161
-171.708452,551,1116.987689
-160.488258,548,1117.386214
-170.053059,546,1117.779214
-182.37321,546,1118.178214
-182.273093,541,1118.570213
-163.129114,546,1118.969213
-160.387233,547,1119.370739
-664.750044,555,1122.131851
-170.962907,542,1122.526377
-169.247817,548,1122.927906
-177.514579,542,1123.326907
-174.494063,549,1123.724956
-176.834562,544,1124.121954
-170.221948,549,1124.523956
-166.126158,544,1127.256069
-168.00955,545,1127.65707
-172.823143,546,1128.056594
-171.423262,544,1128.45465
-178.807604,541,1128.853651
-175.113993,544,1129.255649
-171.913543,542,1129.646754
-171.194997,548,1130.057754
-172.237793,545,1132.821799
-171.139542,543,1133.224799
-177.139942,542,1133.628854
-168.605112,546,1134.032854
-182.676778,541,1134.431424
-190.172598,545,1134.827427
-164.194031,545,1135.226482
-195.674863,544,1137.945639
-169.320918,545,1138.346636
-172.001876,543,1138.767644
-191.835263,542,1139.192638
-185.279932,542,1139.58964
-180.724963,544,1139.993637
-161.395805,547,1140.410691
-172.156561,543,1140.816219
-164.498565,546,1143.563269
-167.694664,544,1143.962798
-164.018443,545,1144.362799
-176.882557,544,1144.760387
-173.30204,545,1145.158387
-179.522976,542,1145.553388
-193.881028,545,1145.953388
-177.596527,543,1148.689442
-171.013303,546,1149.0895
-171.856382,549,1149.49261
-182.320385,544,1149.890609
-181.321613,545,1150.292136
-183.172814,542,1150.705136
-175.520857,546,1151.119137
-179.056933,544,1151.517665
-174.309135,547,1154.266712
-172.483974,544,1154.661767
-170.043296,547,1155.059767
-175.557785,544,1155.456295
-163.603553,547,1155.854293
-169.251053,547,1156.256824
-166.77615,549,1156.656824
-168.575183,546,1159.39173
-172.853808,544,1159.787257
-167.272238,545,1160.196257
-170.54078,548,1160.595258
-168.177205,549,1161.012259
-176.462064,548,1161.418309
-180.826775,544,1161.818311
-180.641637,546,1162.22231
-176.392364,544,1164.96888
-169.843826,548,1165.37441
-173.453727,548,1165.773409
-158.646086,551,1166.173408
-171.876477,544,1166.565933
-166.4126,546,1166.962986
-186.8267,545,1167.36252
-168.276229,550,1170.116854
-164.489157,551,1170.520432
-171.420637,548,1170.923958
-171.90611,549,1171.336958
-172.894647,547,1171.73496
-167.877546,546,1172.135015
-174.763428,546,1172.533015
-176.972045,544,1172.928063
-171.178271,547,1175.677417
-172.990528,545,1176.076417
-174.288222,545,1176.472943
-179.753448,551,1176.876944
-177.389213,545,1177.276993
-169.585374,547,1177.675045
-174.26249,549,1178.074575
-174.107676,548,1180.807731
-163.857404,547,1181.216783
-171.250154,549,1181.636315
-166.42192,548,1182.040316
-158.220327,553,1182.445315
-177.52285,549,1182.845316
-170.708432,549,1183.252366
-168.911791,547,1183.654418
-163.96234,552,1186.427469
-173.051738,550,1186.829469
-165.609253,552,1187.238527
-167.356683,548,1187.641528
-179.071762,548,1188.053544
-173.092386,547,1188.45807
-168.033303,548,1188.869069
-170.406856,549,1191.659175
-164.056318,553,1192.072178
-163.104548,546,1192.477225
-171.007611,548,1192.875227
-168.90864,547,1193.278225
-168.015086,547,1193.676282
-169.815921,547,1194.073282
-178.044786,545,1194.469814
-167.73896,549,1197.221864
-662.398059,554,1197.626913
-170.2888,549,1198.024969
-187.106413,545,1198.429023
-168.210565,552,1198.836021
-173.322576,549,1199.251022
-167.373086,551,1199.654021
-170.019241,546,1238.924916
-672.805203,554,1239.397917
-166.927065,547,1239.798497
-175.847164,545,1240.206544
-167.321315,550,1240.606546
-166.760173,550,1241.009548
-179.318922,549,1241.40959
-187.30994,551,1241.809591
-173.437478,546,1244.572699
-168.120892,547,1244.973701
-173.820264,546,1245.375229
-176.815437,549,1245.776813
-179.507825,544,1246.181811
-174.872033,548,1246.592812
-176.829658,549,1246.997811
-174.728024,547,1249.88784
-172.666854,546,1250.311842
-170.102371,549,1250.721842
-163.294878,547,1251.14037
-175.221861,545,1251.5479
-167.408956,548,1251.953901
-174.517928,548,1252.36843
-178.868749,543,1252.768431
-173.576145,546,1255.541047
-170.257282,545,1255.942534
-173.069102,548,1256.348062
-178.105942,547,1256.754591
-173.9808,547,1257.161646
-171.00988,549,1257.567647
-169.879781,546,1257.970647
-185.743419,546,1260.721769
-173.59827,548,1261.127168
-166.728568,548,1261.531168
-176.204374,548,1261.930216
-170.93104,544,1262.329216
-662.236394,551,1262.733217
-177.468066,548,1263.129764
-171.013844,546,1263.542818
-167.072881,545,1266.301963
-171.357747,547,1266.706962
-174.575056,548,1267.109493
-172.885323,551,1267.511018
-179.710519,546,1267.91007
-174.27861,549,1268.316072
-181.39791,546,1268.7146
-166.868167,547,1271.446705
-168.031715,546,1271.844703
-173.768304,552,1272.251704
-176.457289,548,1272.651705
-191.502602,546,1273.057705
-169.154698,551,1273.467765
-174.558798,548,1273.883762
-169.149533,548,1274.28729
-171.394464,550,1277.037092
-183.092098,546,1277.437089
-174.671102,551,1277.843091
-172.665354,549,1278.246091
-164.750192,552,1278.649089
-176.945528,548,1279.054145
-165.242766,551,1279.458144
-166.200109,552,1282.2293
-160.799405,548,1282.634845
-168.332001,548,1283.039371
-171.816953,549,1283.443422
-163.702644,549,1283.852474
-176.620314,548,1284.275474
-186.091466,549,1284.683003
-172.561949,550,1285.090532
-180.953283,549,1287.826943
-164.289365,548,1288.231995
-168.330051,552,1288.639994
-173.639241,552,1289.044995
-174.272327,549,1289.446102
-168.149368,545,1289.847102
-177.228647,548,1290.251103
-186.681432,548,1293.002198
-165.467208,547,1293.406249
-166.230646,552,1293.81131
-174.625006,549,1294.221857
-169.951173,550,1294.635909
-673.869327,553,1295.044911
-161.407419,551,1295.45191
-185.770206,547,1295.851435
-170.128664,545,1298.586006
-159.905173,552,1298.989006
-168.138943,550,1299.394535
-168.705342,549,1299.796535
-665.509345,554,1300.205583
-668.487478,554,1300.610584
-163.376869,551,1301.012634
-174.234223,544,1303.763234
-169.21948,553,1304.17176
-164.063116,546,1304.587821
-163.542336,553,1304.998819
-168.671749,550,1305.404818
-166.406242,553,1305.809346
-163.825969,548,1306.215876
-661.241168,555,1306.623931
-174.779543,546,1309.372274
-174.820087,549,1309.774803
-170.241135,548,1310.173802
-164.018618,546,1310.571802
-172.242405,551,1310.975852
-171.977273,545,1311.378851
-169.113356,551,1311.779852
-172.940614,548,1314.539428
-169.464798,545,1314.955428
-164.22543,549,1315.363955
-172.053902,547,1315.764953
-183.569552,547,1316.161007
-171.09427,546,1316.561534
-185.216093,548,1316.958591
-165.628762,547,1317.36159
-178.808919,547,1320.161493
-170.275298,546,1320.564493
-181.340492,546,1320.96949
-175.354104,546,1321.382493
-168.297987,549,1321.789493
-168.531199,551,1322.220022
-179.919402,546,1322.675019
-186.611447,546,1325.564304
-176.959034,547,1325.971357
-173.890216,547,1326.376406
-165.319017,547,1326.782407
-163.305352,548,1327.188456
-167.187906,546,1327.590982
-164.720538,545,1327.991982
-158.41569,551,1328.40298
-159.930568,549,1331.201527
-164.59711,549,1331.62553
-164.004965,548,1332.034058
-164.317939,547,1332.442581
-160.232631,548,1332.84764
-165.008723,548,1333.255639
-172.485929,548,1333.658639
-166.820098,550,1336.449691
-173.208905,550,1336.858215
-173.722199,549,1337.264269
-179.12857,547,1337.666265
-160.821704,548,1338.072264
-167.214558,551,1338.479268
-160.611836,548,1338.880269
-165.76223,551,1341.626889
-175.230672,547,1342.032886
-170.755118,550,1342.444935
-165.121645,550,1342.852935
-172.662197,553,1343.262935
-168.518354,547,1343.664995
-163.23183,551,1344.070993
-166.334542,551,1344.479994
-162.419932,550,1347.259116
-170.764405,547,1347.663118
-182.222835,547,1348.067649
-168.7938,548,1348.473173
-170.67583,547,1348.878173
-176.256534,549,1349.286225
-168.528105,549,1349.690224
-185.41822,546,1352.448856
-164.457667,550,1352.855629
-165.924519,550,1353.262686
-176.672918,549,1353.665736
-169.321224,550,1354.073271
-164.095155,551,1354.48427
-181.7954,546,1354.888322
-164.839034,549,1355.295321
-165.872402,548,1358.070405
-173.485166,550,1358.474935
-180.252214,550,1358.879988
-173.841938,548,1359.281987
-177.095462,547,1359.683986
-167.49671,549,1360.087514
-178.107551,547,1360.490568
-181.758637,550,1363.250214
-174.205899,548,1363.654215
-161.862031,553,1364.065214
-177.196973,547,1364.46974
-179.095187,548,1364.871739
-175.444648,549,1365.27574
-171.058701,549,1365.678738
-166.483147,553,1366.096907
-165.715979,550,1368.86218
-167.559495,550,1369.26918
-657.96076,558,1369.682178
-175.750511,550,1370.084235
-163.771339,551,1370.489235
-658.054162,554,1370.896234
-179.521165,550,1371.300283
-177.994182,549,1374.062656
-169.944462,549,1374.463656
-171.489042,552,1374.870657
-164.212795,552,1375.279656
-173.235248,549,1375.684655
-178.297599,548,1376.098656
-175.667056,549,1376.521657
-172.016253,552,1376.988655
-166.942093,551,1379.796124
-185.220286,550,1380.204123
-171.186522,550,1380.609178
-170.99774,548,1381.012178
-167.453491,551,1381.422178
-171.145408,549,1381.828699
-172.468594,548,1382.231703
-172.385101,551,1385.000309
-171.343758,549,1385.40731
-176.768313,548,1385.81231
-162.565383,550,1386.21931
-179.226721,550,1386.635311
-180.913338,548,1387.05131
-167.088249,552,1387.459836
-167.390885,547,1387.863835
-181.891566,550,1390.630494
-172.960566,548,1391.039496
-178.858855,549,1391.442072
-169.385403,549,1391.849127
-165.134976,548,1392.248128
-176.322181,551,1392.650178
-168.359887,549,1393.05318
-190.037402,550,1395.794612
-169.367064,551,1396.200612
-176.536725,552,1396.604612
-177.74931,550,1397.020664
-179.973303,548,1397.431664
-190.740511,551,1397.838253
-168.05788,549,1398.242251
-172.628511,551,1438.08636
-663.991236,554,1438.56636
-172.644367,549,1438.970361
-183.166381,550,1439.373414
-171.386685,550,1439.778475
-166.619861,550,1440.177474
-172.603352,549,1440.575999
-164.124968,552,1440.978997
-179.078921,548,1443.73605
-172.725524,551,1444.141108
-177.634818,549,1444.543159
-177.531022,550,1444.947691
-173.97972,550,1445.351693
-178.735209,548,1445.755692
-168.709513,549,1446.16022
-169.476779,552,1448.916272
-170.833746,549,1449.320276
-176.296616,549,1449.728805
-183.311773,549,1450.130856
-180.383349,550,1450.530855
-172.251748,553,1450.933856
-177.078467,551,1451.341908
-168.762102,548,1451.752436
-175.261562,549,1454.501533
-169.871936,548,1454.900064
-173.101675,547,1455.295063
-176.201482,547,1455.689109
-178.517334,548,1456.090109
-173.834115,550,1456.492111
-171.583253,549,1456.892163
-169.930851,549,1459.672784
-166.752766,548,1460.07731
-180.143493,548,1460.477312
-168.557431,547,1460.885311
-169.823942,548,1461.289838
-164.669495,548,1461.698839
-173.155361,551,1462.109362
-178.46424,547,1462.512423
-165.801068,548,1465.248161
-163.845563,550,1465.65216
-168.632956,548,1466.055161
-184.237947,548,1466.457161
-172.264935,549,1466.85916
-173.31198,549,1467.257162
-168.661886,548,1467.656161
-169.894952,547,1470.430802
-161.961306,550,1470.833801
-178.637295,548,1471.233801
-175.586822,546,1471.636802
-177.921797,550,1472.038853
-167.484008,549,1472.438381
-166.901135,551,1472.84038
-179.023548,550,1473.240907
-169.591665,549,1475.98018
-168.216967,548,1476.377179
-183.803336,549,1476.779179
-160.888009,547,1477.180181
-173.015566,549,1477.579229
-165.516271,552,1477.981283
-172.955252,552,1478.382332
-169.088425,550,1481.153547
-173.228896,549,1481.559077
-172.629487,551,1481.963074
-172.095795,550,1482.367077
-166.90532,547,1482.774076
-163.674616,548,1483.183134
-171.950341,550,1483.590188
-171.46308,550,1484.001187
-163.559748,550,1486.766922
-176.567953,552,1487.176923
-164.736899,550,1487.585449
-170.462564,548,1487.98745
-667.791457,549,1488.39245
-176.63792,550,1488.797501
-172.398271,551,1489.210501
-170.850427,549,1491.967147
-176.250309,549,1492.377201
-177.737906,549,1492.780201
-177.522244,553,1493.189201
-161.981617,549,1493.594729
-180.588762,549,1493.996728
-176.671977,552,1494.39673
-169.59341,552,1494.800728
-173.819032,548,1497.543779
-176.88019,552,1497.945827
-171.339371,550,1498.345828
-174.109798,550,1498.748828
-169.388254,548,1499.150826
-169.288969,550,1499.567883
-175.16407,548,1499.977409
-176.525838,550,1502.709763
-175.034082,551,1503.111763
-169.318805,549,1503.513288
-164.052682,550,1503.916008
-184.665058,548,1504.320009
-170.847631,548,1504.72901
-170.568413,551,1505.131064
-169.440299,549,1507.874692
-173.740021,552,1508.281694
-170.781939,549,1508.683751
-171.165176,550,1509.086275
-170.752831,548,1509.489276
-177.425395,552,1509.905277
-169.85599,550,1510.311809
-170.492785,551,1510.71581
-170.7177,549,1513.522959
-171.864874,552,1513.926959
-673.421607,554,1514.334489
-176.254201,550,1514.739488
-168.588469,551,1515.145545
-179.827654,551,1515.557073
-162.933934,553,1515.965604
-173.469839,549,1518.768707
-180.643586,551,1519.175708
-168.866543,549,1519.577757
-169.046491,550,1519.987758
-171.860018,550,1520.40536
-176.865712,549,1520.80936
-170.908411,549,1521.212417
-677.473473,555,1521.622416
-174.705965,550,1524.375749
-173.296205,548,1524.778748
-175.741495,549,1525.188798
-176.171944,548,1525.593796
-174.09839,551,1526.000798
-178.369365,551,1526.408798
-178.421517,550,1526.816794
-170.455014,549,1529.575528
-183.160965,548,1529.98053
-176.865924,549,1530.405594
-175.490641,547,1530.819594
-185.909338,549,1531.226175
-178.030222,548,1531.633228
-181.284815,550,1532.039754
-182.867517,549,1532.445755
-174.06771,547,1535.197615
-165.213379,550,1535.603615
-169.118304,548,1536.00667
-183.294595,548,1536.40925
-171.392838,548,1536.819252
-171.135622,548,1537.223782
-167.586128,546,1537.625781
-172.965094,549,1540.376749
-174.77193,548,1540.800278
-171.126827,549,1541.208279
-173.538783,549,1541.612277
-173.184758,549,1542.014277
-173.498722,550,1542.416277
-172.770839,548,1542.816327
-180.543149,551,1543.229384
-172.09711,548,1545.969011
-172.907162,547,1546.371011
-180.779696,549,1546.773596
-175.222901,549,1547.170594
-168.260795,550,1547.580647
-186.241827,549,1547.989648
-173.72711,549,1548.397198
-176.972976,550,1551.142363
-175.676013,549,1551.542892
-173.02097,549,1551.948891
-172.154509,551,1552.358941
-175.729746,551,1552.761937
-171.465942,553,1553.170941
-183.559354,553,1553.576939
-176.003244,550,1556.345565
-174.178443,550,1556.751615
-169.650092,551,1557.158669
-170.721026,551,1557.561668
-179.783916,551,1557.963719
-174.558994,549,1558.36972
-172.964281,550,1558.77772
-171.153909,550,1559.179243
-179.923524,553,1561.948297
-177.287917,549,1562.349295
-168.632657,550,1562.752296
-180.989147,549,1563.160346
-171.242135,550,1563.560347
-170.056029,550,1563.967398
-171.234739,550,1564.372928
-179.434256,552,1567.125562
-172.401537,550,1567.531089
-165.977624,550,1567.93509
-176.29629,552,1568.344612
-175.600139,551,1568.752139
-182.561767,549,1569.156137
-167.159795,552,1569.561663
-167.989014,552,1569.970718
-676.81984,554,1572.751339
-168.752816,549,1573.180342
-161.780614,550,1573.590965
-162.855954,551,1573.993966
-167.552818,551,1574.402966
-178.940158,552,1574.808495
-168.985387,551,1575.216494
-176.590617,551,1577.964071
-178.670338,550,1578.368122
-171.433234,549,1578.770122
-171.632432,552,1579.179123
-175.137711,550,1579.580124
-171.277912,551,1579.986174
-172.588532,551,1580.387175
-165.413679,551,1580.793175
-163.944779,550,1583.602414
-170.729698,550,1584.011465
-178.616288,548,1584.422521
-168.999924,548,1584.827518
-166.547373,553,1585.237041
-166.566091,550,1585.644043
-672.180593,549,1586.047043
-172.232925,553,1588.813272
-176.072166,550,1589.216797
-170.460334,551,1589.621797
-176.548117,548,1590.028328
-173.228127,551,1590.431377
-173.866925,548,1590.840379
-173.409373,551,1591.245377
-167.667923,551,1591.650376
-174.898298,548,1594.409533
-173.203816,551,1594.814057
-179.20141,547,1595.21506
-177.456047,548,1595.614195
-169.893585,550,1596.018116
-174.865869,549,1596.420117
-167.692983,552,1596.824117
-167.377036,551,1636.615094
-167.623046,551,1637.08415
-174.339054,550,1637.486149
-172.157897,552,1637.893151
-174.755859,551,1638.296677
-176.550849,549,1638.703678
-174.19494,549,1639.115678
-165.620088,551,1639.518732
-162.840719,553,1642.53601
-182.931335,553,1642.944011
-169.096357,553,1643.376076
-173.978565,550,1643.785132
-170.539869,551,1644.200133
-172.014188,551,1644.610185
-181.521148,550,1645.044711
-171.828611,552,1647.855865
-171.498334,550,1648.263864
-169.667276,551,1648.675919
-162.048779,551,1649.086447
-671.716697,554,1649.498449
-168.243802,551,1649.903446
-174.5197,552,1650.314446
-171.936184,550,1650.714973
-166.676674,552,1653.456074
-184.98453,550,1653.876122
-176.394029,550,1654.279122
-172.870368,551,1654.684172
-170.238539,553,1655.088172
-175.842669,553,1655.494224
-173.569959,551,1655.895753
-179.428074,552,1658.653795
-179.525103,550,1659.056323
-171.224047,551,1659.457983
-172.922522,547,1659.861511
-182.057287,550,1660.262563
-170.211898,550,1660.662562
-169.320271,550,1661.064564
-165.966301,551,1661.466089
-170.367959,550,1664.236298
-172.188035,550,1664.634298
-172.79726,550,1665.0323
-175.991958,552,1665.439298
-178.922834,551,1665.841299
-181.813275,549,1666.246297
-177.954608,551,1666.647299
-172.723259,553,1669.40518
-172.257901,551,1669.805708
-175.625245,550,1670.204708
-170.792102,550,1670.603709
-176.293231,550,1671.004709
-168.996118,550,1671.407239
-178.617421,552,1671.81224
-180.685781,550,1672.218239
-169.702662,550,1674.973922
-179.448476,551,1675.377923
-171.021148,552,1675.778923
-169.320575,551,1676.182924
-177.102437,549,1676.583452
-176.403506,552,1676.984449
-182.995709,551,1677.389977
-172.498637,551,1680.154035
-674.476177,554,1680.559035
-176.322349,551,1680.966035
-167.078897,551,1681.373564
-178.471701,552,1681.777103
-180.696804,552,1682.181103
-170.086085,551,1682.584103
-172.504803,550,1685.369226
-175.783305,551,1685.776223
-173.456459,550,1686.177279
-170.872772,551,1686.584331
-170.41204,551,1686.98933
-178.861575,551,1687.394857
-671.670687,554,1687.797858
-176.134762,552,1688.201857
-169.594673,550,1690.945477
-168.496525,550,1691.354006
-173.039765,552,1691.767004
-169.425228,549,1692.179005
-172.083344,550,1692.593006
-174.166094,551,1693.004535
-177.554701,551,1693.419535
-182.060661,551,1696.251651
-171.773415,548,1696.65765
-180.883076,549,1697.065178
-176.129183,549,1697.487704
-180.349475,550,1697.923708
-170.896844,550,1698.358452
-181.137929,549,1698.772979
-178.189355,549,1699.187979
-167.157808,550,1702.040084
-180.923865,550,1702.451144
-178.131385,550,1702.862142
-178.812372,549,1703.276142
-171.338631,549,1703.679613
-179.314424,549,1704.094613
-176.745149,548,1704.506613
-166.013144,550,1707.279523
-171.678805,551,1707.684578
-178.402513,549,1708.085577
-185.857228,550,1708.493102
-170.172283,551,1708.90463
-177.291128,551,1709.31016
-175.121187,551,1709.712215
-166.607953,550,1710.115739
-176.301447,552,1712.870841
-174.411961,549,1713.274368
-176.87336,550,1713.683424
-177.494463,552,1714.09253
-173.939522,551,1714.498529
-184.313596,551,1714.909122
-175.014125,550,1715.334124
-178.833565,549,1718.094177
-165.611946,551,1718.501175
-172.988023,551,1718.909702
-168.133152,551,1719.327701
-173.529948,551,1719.739702
-166.029698,551,1720.147227
-175.162722,551,1720.552227
-178.976113,552,1720.955227
-172.632997,549,1723.712331
-169.551498,551,1724.118388
-167.339164,550,1724.523389
-165.908362,551,1724.928917
-169.60507,551,1725.346974
-171.671241,553,1725.760972
-167.443897,552,1726.167971
-173.090427,550,1728.903554
-167.680904,551,1729.308555
-176.061844,551,1729.710604
-171.342636,550,1730.116608
-169.256298,551,1730.517133
-165.206686,550,1730.920188
-169.623632,550,1731.322188
-177.453729,552,1734.086032
-175.083438,550,1734.49503
-167.94065,552,1734.90103
-175.464783,551,1735.307084
-168.559556,553,1735.727083
-172.242948,553,1736.135085
-173.068368,552,1736.540609
-168.006386,550,1736.948611
-166.501662,551,1739.780237
-172.045308,550,1740.223764
-181.274931,550,1740.62982
-169.579171,553,1741.034819
-174.633416,553,1741.437875
-173.398882,551,1741.844928
-172.691804,551,1742.246929
-169.866874,552,1744.985437
-168.717409,552,1745.392489
-166.069968,553,1745.81155
-173.436015,553,1746.229548
-183.163853,552,1746.636548
-663.620139,554,1747.043548
-169.962711,552,1747.450074
-173.714551,552,1747.854072
-171.342367,553,1750.589985
-170.440797,551,1750.996984
-165.391969,551,1751.405038
-166.695465,552,1751.809036
-175.269309,552,1752.208034
-170.984175,552,1752.613038
-177.421552,550,1753.018036
-173.719263,552,1755.744631
-166.612384,552,1756.163691
-166.744436,552,1756.574692
-170.720497,551,1756.979743
-166.750008,552,1757.379744
-169.704425,550,1757.782743
-168.446535,553,1758.188273
-169.040165,552,1758.588271
-168.710165,553,1761.33637
-169.331095,552,1761.744371
-170.162609,553,1762.149899
-672.185134,554,1762.557895
-174.681369,553,1762.965902
-166.63275,553,1763.377426
-169.657856,552,1763.779956
-171.133663,552,1766.538535
-175.687597,550,1766.944534
-172.252638,550,1767.345535
-168.751492,551,1767.754593
-179.910516,551,1768.158591
-173.837687,550,1768.561117
-175.646701,551,1768.970648
-166.999179,550,1771.758924
-167.973425,550,1772.168927
-173.578884,552,1772.594926
-183.513304,550,1773.005926
-179.080883,552,1773.416457
-170.982017,550,1773.824457
-169.199258,552,1774.235985
-174.062057,551,1774.646038
-178.942916,551,1777.447135
-183.024355,551,1777.858136
-175.977576,551,1778.267134
-172.251115,552,1778.683136
-173.501754,551,1779.117136
-182.443819,550,1779.528718
-171.507983,550,1779.944244
-169.678035,551,1783.084317
-678.656591,551,1783.491318
-166.464966,551,1783.903318
-160.174748,553,1784.313845
-181.594481,552,1784.721375
-665.539432,554,1785.133374
-175.173135,552,1785.536376
-175.58946,551,1785.944376
-176.468631,550,1788.764096
-179.065918,552,1789.178151
-174.781533,551,1789.591076
-171.488476,552,1790.003077
-171.695061,550,1790.410077
-179.213427,551,1790.823607
-184.583534,551,1791.250669
-173.775954,550,1794.047868
-173.322851,550,1794.453866
-180.857489,551,1794.862866
-175.354693,551,1795.273928
-173.921946,551,1795.682929
-185.126597,552,1796.09393
-170.292952,551,1796.497514
-174.164149,551,1796.908514
-183.227088,551,1836.491304
-170.935563,551,1836.975361
-175.863306,551,1837.378887
-181.713501,551,1837.778889
-178.008328,550,1838.190951
-176.584932,552,1838.599002
-173.486466,551,1839.003002
-183.333395,553,1839.405002
-177.862186,551,1842.371719
-174.599412,551,1842.822262
-181.571072,551,1843.253695
-181.741475,552,1843.674219
-173.746279,552,1844.089275
-173.043375,552,1844.500274
-171.563204,550,1844.920274
-179.108577,552,1847.723992
-181.131269,550,1848.132047
-179.507788,550,1848.54758
-184.585833,553,1848.958578
-182.747081,552,1849.364579
-181.968157,551,1849.768111
-172.411195,552,1850.182111
-179.84482,551,1850.582107
-181.737325,553,1853.333161
-175.828676,553,1853.737689
-176.611426,553,1854.145689
-182.281709,552,1854.549689
-687.330779,554,1854.954688
-185.755223,550,1855.35669
-177.334445,552,1855.760743
-173.102993,553,1858.513058
-179.88977,552,1858.936116
-179.792357,551,1859.337116
-169.555934,552,1859.742117
-177.777937,552,1860.148118
-181.959229,550,1860.549117
-177.03257,551,1860.954118
-176.7265,552,1861.359644
-179.504402,552,1864.107325
-677.767455,554,1864.516338
-180.685159,553,1864.923338
-188.786959,553,1865.33034
-179.330308,553,1865.735393
-177.657143,552,1866.145393
-187.875691,551,1866.546394
-169.657054,553,1869.316534
-175.304746,551,1869.718535
-174.260249,552,1870.12606
-174.544049,553,1870.529501
-177.000419,552,1870.935503
-676.268106,554,1871.342502
-181.986951,552,1871.750502
-183.346746,550,1874.583619
-178.960122,552,1874.989618
-177.991739,551,1875.389667
-173.605102,550,1875.792667
-184.347277,550,1876.196669
-170.641588,551,1876.599668
-180.539558,552,1877.004719
-170.254427,550,1877.40372
-184.216518,553,1880.161355
-173.105933,551,1880.560354
-182.336482,549,1880.965355
-176.086837,551,1881.37241
-170.967763,552,1881.775409
-179.725198,551,1882.180935
-173.452892,552,1882.583616
-181.163828,549,1885.378096
-173.456062,553,1885.782144
-178.638912,552,1886.18667
-184.686933,552,1886.58967
-172.457409,553,1886.994686
-176.335871,553,1887.398689
-172.532095,552,1887.804689
-181.007396,552,1888.211689
-167.296518,551,1891.067617
-173.370896,551,1891.478671
-177.498463,551,1891.894727
-173.143822,550,1892.308728
-170.215551,551,1892.719888
-191.224237,552,1893.132415
-178.129194,552,1893.544417
-173.444385,551,1896.326374
-183.453498,552,1896.763444
-682.933601,554,1897.183986
-179.605447,551,1897.592987
-179.197344,551,1898.005041
-185.261583,551,1898.420039
-182.381312,551,1898.834572
-175.992841,552,1899.24457
-193.544345,551,1902.040874
-174.000829,551,1902.449874
-177.641523,553,1902.864873
-167.470121,550,1903.281325
-169.526036,552,1903.691853
-164.928198,553,1904.103379
-170.806157,551,1904.509904
-178.119621,552,1907.289473
-173.747166,549,1907.708004
-174.269687,552,1908.13805
-171.789912,550,1908.577052
-178.386272,550,1908.987051
-172.66219,552,1909.414051
-170.412841,552,1909.884966
-165.377427,551,1912.77861
-176.639166,551,1913.214611
-171.449598,550,1913.647667
-176.663126,550,1914.060209
-185.926443,551,1914.467211
-172.911423,553,1914.876262
-172.749599,550,1915.281264
-169.785561,548,1915.685261
-164.972355,552,1918.49728
-169.35755,551,1918.904279
-169.163603,552,1919.309279
-167.160624,550,1919.713328
-167.957146,552,1920.119329
-168.818142,553,1920.541394
-171.836631,552,1920.947395
-173.138781,551,1923.718434
-173.49871,552,1924.126959
-171.850853,551,1924.530015
-174.490161,552,1924.93654
-183.584466,552,1925.341541
-169.532433,551,1925.749593
-180.936998,550,1926.156593
-174.433275,553,1926.572593
-169.477006,551,1929.368077
-163.990452,553,1929.773078
-662.891451,555,1930.18363
-185.385364,551,1930.603632
-175.1193,552,1931.018208
-169.868086,551,1931.421731
-180.315817,551,1931.824729
-163.772767,551,1934.602716
-167.702493,551,1935.006246
-170.577388,550,1935.412769
-173.279173,550,1935.82077
-185.866855,552,1936.227771
-181.820246,551,1936.631298
-168.921875,551,1937.039822
-166.117121,552,1937.443822
-168.794986,549,1940.222821
-188.68749,550,1940.63282
305.281319,552,1941.050915
-166.280243,552,1941.452915
-174.634853,551,1941.862915
-180.188152,549,1942.276965
-179.692177,550,1942.692965
-189.182405,552,1945.488695
-178.45425,550,1945.902695
-176.750678,550,1946.312755
-169.877912,551,1946.736758
-176.571892,552,1947.157752
-162.933004,552,1947.569286
-179.126385,552,1947.984283
-180.521389,551,1950.812922
-177.262178,551,1951.253927
-179.630039,552,1951.68001
-193.75479,550,1952.113557
-173.178036,552,1952.603561
-672.453979,554,1953.050404
-175.837198,551,1953.480584
-188.257371,551,1953.896646
-188.107263,551,1956.693887
-189.149044,550,1957.106415
-198.466417,551,1957.515034
-191.256998,549,1957.936033
-186.964198,551,1958.338098
-187.194734,550,1958.746643
-172.239377,551,1959.146226
-187.471929,551,1961.929639
-200.286659,552,1962.332641
-176.911135,551,1962.73319
-180.991013,551,1963.144264
-189.200834,548,1963.565264
-196.370998,551,1963.977263
-189.116842,551,1964.384387
-196.463868,550,1964.796915
