ERewMean,EpLenMean,EpRewMean,EpThisIter,EpisodesSoFar,TimeElapsed,TimestepsSoFar,entloss,entropy,ev_tdlam_before,meankl,optimgain,surrgain
-4.232462,40.875,-71.39679,69,69,5.380914688110352,3057,0.0,1.4233184,-8.678436279296875e-05,0.0005096435,0.004355467,0.004355467
-4.580442,57.85,-138.83398,54,123,9.011144399642944,6131,0.0,1.410041,0.0050577521324157715,0.00066420855,0.0023509401,0.0023509401
-4.1958957,57.0,-87.89365,48,171,12.621235132217407,9206,0.0,1.4258155,4.0531158447265625e-06,0.0005353051,0.0020106812,0.0020106812
-2.8040938,74.025,-41.09677,43,214,16.21714949607849,12229,0.0,1.4327375,0.0031160712242126465,0.0008439605,0.0015705192,0.0015705192
-3.5771096,80.8,-47.07304,39,253,19.772660493850708,15325,0.0,1.4322505,0.11158281564712524,0.0003027992,0.0009509702,0.0009509702
-4.8839355,73.2,-103.663864,44,297,23.30785608291626,18376,0.0,1.4271779,0.14409351348876953,0.0006328218,0.0038180985,0.0038180985
-3.4596267,61.95,-70.74658,56,353,26.86894202232361,21483,0.0,1.430514,0.11012816429138184,0.0005714783,0.0024275498,0.0024275498
-3.5198426,84.0,-111.741356,35,388,30.39608860015869,24555,0.0,1.4371055,0.17247772216796875,0.0005337338,0.0037530775,0.0037530775
-3.1348443,75.875,11.672288,37,425,33.946550369262695,27572,0.0,1.4335047,0.22276604175567627,0.0010352057,0.0039491626,0.0039491626
-2.7143357,96.4,-6.6924224,31,456,37.511513471603394,30685,0.0,1.4373847,0.3215526342391968,0.00066902273,0.0036170986,0.0036170986
-3.9330356,78.575,-93.07439,37,493,40.88656258583069,33566,0.0,1.4334377,0.2283165454864502,0.00044822568,0.0019792635,0.0019792635
-2.5196805,103.2,37.893017,27,520,44.22373104095459,36732,0.0,1.4429914,0.3335413336753845,0.0006217502,0.001921509,0.001921509
-3.3371398,86.525,-37.649414,37,557,47.58428978919983,39704,0.0,1.4457731,0.27464795112609863,0.0009090132,0.0044567953,0.0044567953
-2.0848935,109.0,-24.303669,26,583,50.911359786987305,43007,0.0,1.4439913,0.46374940872192383,0.00066497736,0.0040817326,0.0040817326
-2.2089531,125.675,10.105741,24,607,54.28066897392273,46020,0.0,1.4444036,0.3919493556022644,0.000507315,0.004313287,0.004313287
-2.0954149,104.8,110.18219,30,637,57.88471174240112,49101,0.0,1.448514,0.4107712507247925,0.0008127168,0.0014359584,0.0014359584
-1.8762783,104.375,172.60173,28,665,61.41327667236328,52039,0.0,1.4288923,0.39230912923812866,0.00081526936,0.0028347943,0.0028347943
-1.9268138,109.4,229.60738,28,693,64.83652329444885,55115,0.0,1.435825,0.6202037334442139,0.0007991644,0.004314009,0.004314009
-1.1829674,138.875,273.33676,21,714,68.29422736167908,58255,0.0,1.4360074,0.2993120551109314,0.0005731575,0.0019872496,0.0019872496
-0.99457216,143.575,261.12796,22,736,71.64481544494629,61435,0.0,1.4386598,0.2734833359718323,0.00062772416,0.0024061438,0.0024061438
-0.275496,142.325,282.36276,21,757,74.95188546180725,64457,0.0,1.4288597,0.5268277525901794,0.00045848373,0.0026990392,0.0026990392
-1.7504028,113.775,175.99785,29,786,78.29247283935547,67550,0.0,1.4264919,0.44794875383377075,0.00071332714,0.004035809,0.004035809
-1.3028293,109.775,235.80693,22,808,81.59854030609131,70539,0.0,1.4218982,0.6420662999153137,0.0008279977,0.004027437,0.004027437
-0.78933334,137.5,312.91083,23,831,84.88311004638672,73587,0.0,1.4183421,0.7417506575584412,0.0003445314,0.0035215963,0.0035215963
0.015654624,142.55,319.41617,21,852,88.19472455978394,76651,0.0,1.4179306,0.6087396144866943,0.00028470941,0.0031407047,0.0031407047
0.85541594,153.725,363.33368,19,871,91.58044219017029,79736,0.0,1.420595,0.7964074462652206,0.00043660146,0.003870532,0.003870532
0.62323225,159.175,400.05356,20,891,94.9696717262268,82839,0.0,1.4185847,0.7976260036230087,0.0006895712,0.0044337506,0.0044337506
0.97239304,170.05,419.89264,17,908,98.34726929664612,85970,0.0,1.4006404,0.4865734577178955,0.0009713334,0.0014883984,0.0014883984
1.0689356,174.05,390.174,19,927,101.60982036590576,88962,0.0,1.405218,0.49011194705963135,0.0005457774,0.0020296772,0.0020296772
-0.57125807,156.65,214.0874,20,947,104.89888906478882,92038,0.0,1.3958198,0.19823187589645386,0.0007402135,0.00597339,0.00597339
-0.4344406,167.375,263.33975,14,961,123.66090631484985,95151,0.0,1.3943759,-0.2510380744934082,0.00022916803,0.00072659337,0.00072659337
0.8253862,191.65,410.51895,15,976,127.10404253005981,98089,0.0,1.4006352,0.8037118911743164,0.00075413723,0.0034257516,0.0034257516
1.4950938,188.475,441.82364,18,994,130.48346376419067,101206,0.0,1.3969101,0.3381199240684509,0.0004555886,0.0010290121,0.0010290121
0.62833977,169.625,365.41113,20,1014,133.83809113502502,104409,0.0,1.3990697,0.49555569887161255,0.00065054063,0.0017662734,0.0017662734
0.87684405,171.575,405.41843,15,1029,137.4113142490387,107415,0.0,1.3969493,0.605818510055542,0.00042999515,0.001477005,0.001477005
1.2170619,177.9,440.6212,17,1046,140.93670868873596,110475,0.0,1.3947759,0.511240690946579,0.0002355976,0.0015789103,0.0015789103
0.52127284,172.85,403.14832,20,1066,144.4233901500702,113656,0.0,1.3920232,0.6116481423377991,0.0005194172,0.0022304237,0.0022304237
0.58480215,160.65,401.4293,19,1085,148.00604128837585,116674,0.0,1.3884887,0.857200562953949,0.0008302545,0.005459755,0.005459755
0.027194727,146.675,304.02875,22,1107,151.53471446037292,119729,0.0,1.3831104,0.1540318727493286,0.0013799034,0.002827558,0.002827558
0.4429958,160.525,332.73895,16,1123,155.07888984680176,122876,0.0,1.3895947,0.6516770720481873,0.00071533816,0.0020838943,0.0020838943
1.7708899,184.35,479.75626,17,1140,158.63170981407166,125701,0.0,1.3897076,0.8074873387813568,0.0008151075,0.005158584,0.005158584
0.892015,174.45,422.229,19,1159,162.08728170394897,129013,0.0,1.3911738,0.5585799813270569,0.0002315917,0.0012325747,0.0012325747
0.18184881,170.9,365.95844,18,1177,165.5462200641632,131948,0.0,1.4054904,0.2008916139602661,0.0007528274,0.0014351113,0.0014351113
-0.10316958,167.85,328.73788,18,1195,169.2079451084137,134948,0.0,1.4095184,0.3806025981903076,0.0002772344,0.0020856045,0.0020856045
0.24257343,166.05,363.6145,20,1215,172.7923288345337,138170,0.0,1.419611,0.5221103727817535,0.00046411375,0.00048535876,0.00048535876
0.105658576,158.65,329.3764,20,1235,176.31448435783386,141294,0.0,1.4202329,0.3894810676574707,0.0011296333,0.0013832793,0.0013832793
0.2749403,160.675,351.01477,19,1254,179.8040874004364,144377,0.0,1.4156157,0.7308616042137146,0.00043659704,0.0035874303,0.0035874303
0.88104373,168.0,425.30045,18,1272,183.25919604301453,147435,0.0,1.4139351,0.8489598631858826,0.0003266826,0.0034907272,0.0034907272
0.7793249,172.25,400.42474,17,1289,186.7308144569397,150525,0.0,1.4154447,0.45651018619537354,0.00024941927,0.0013341155,0.0013341155
-0.29979253,152.425,277.43066,23,1312,190.2078619003296,153532,0.0,1.4236832,0.18382060527801514,0.0009938066,0.0012521687,0.0012521687
-0.82059276,146.55,230.04453,18,1330,193.66491174697876,156581,0.0,1.418252,0.34188681840896606,0.00031911934,0.003684622,0.003684622
0.11453567,158.3,312.7979,19,1349,197.14036965370178,159680,0.0,1.4164428,0.765862375497818,0.00074198254,0.0043136375,0.0043136375
1.1773756,159.925,419.1212,19,1368,200.62160181999207,162770,0.0,1.410677,0.8232893496751785,0.0010067472,0.0055713565,0.0055713565
0.7090537,162.2,379.20343,19,1387,204.07128143310547,165771,0.0,1.4020977,0.38263118267059326,0.001374282,0.0021630097,0.0021630097
-0.2138702,156.0,313.27472,20,1407,207.5278115272522,168785,0.0,1.4015182,0.32450830936431885,0.00030938184,0.0013806192,0.0013806192
-0.0922688,151.05,323.34564,21,1428,211.06294560432434,172022,0.0,1.401344,0.6787548363208771,0.00025992098,0.005409797,0.005409797
0.47798634,156.575,344.02573,19,1447,214.50003147125244,175048,0.0,1.3835739,0.44760662317276,0.00070959603,0.0021525251,0.0021525251
-1.3512865,133.625,206.63155,25,1472,217.9330976009369,178161,0.0,1.3839998,0.6001423001289368,0.00097046763,0.0066077416,0.0066077416
-2.0206711,132.8,249.2242,22,1494,221.3887016773224,181126,0.0,1.3826684,0.5445957779884338,0.00092970254,0.004551815,0.004551815
-0.5666269,151.225,355.87408,18,1512,224.85539960861206,184210,0.0,1.3806705,0.8640361279249191,0.0005608989,0.0021680733,0.0021680733
0.68386793,167.275,397.36035,19,1531,250.39550709724426,187386,0.0,1.3736577,0.4982656240463257,0.0005162409,0.0018427838,0.0018427838
0.6061759,171.95,406.96634,17,1548,253.9115538597107,190276,0.0,1.3713142,0.820620596408844,0.001093776,0.0011241572,0.0011241572
0.78632635,169.125,424.39697,19,1567,257.4741642475128,193337,0.0,1.3706294,0.8823130503296852,0.0007848525,0.0048122467,0.0048122467
0.5853267,157.45,376.9471,21,1588,260.943975687027,196574,0.0,1.3705759,0.5695075392723083,0.00049393444,0.001519598,0.001519598
-0.06899309,148.75,347.6154,20,1608,264.43151473999023,199517,0.0,1.3759488,0.7798308730125427,0.0005385419,0.002920673,0.002920673
0.22544575,154.475,372.12408,19,1627,267.916015625,202541,0.0,1.3699061,0.5625176727771759,0.0010288787,0.0019227918,0.0019227918
1.1247698,168.625,410.05215,17,1644,271.3940579891205,205725,0.0,1.3770137,0.5396343171596527,0.0006290695,0.0024487732,0.0024487732
0.9956441,175.975,429.87567,18,1662,274.86625695228577,208823,0.0,1.3724123,0.5176600515842438,0.00084502547,0.0028917182,0.0028917182
1.0318551,174.625,427.0725,18,1680,278.3182716369629,211902,0.0,1.3718191,0.5421951115131378,0.00121292,0.0026286312,0.0026286312
1.1917114,169.4,439.292,17,1697,281.80178904533386,215032,0.0,1.3677961,0.7166301608085632,0.0014409837,0.0049710562,0.0049710562
1.2671764,170.925,436.9623,19,1716,285.2439703941345,217943,0.0,1.3728029,0.5318207144737244,0.0006394112,0.0020100297,0.0020100297
1.0078384,168.65,410.19443,17,1733,288.70896196365356,221158,0.0,1.3727139,0.5060246884822845,0.0010440053,0.005944013,0.005944013
1.613039,179.0,430.56464,16,1749,292.2021949291229,224014,0.0,1.356042,0.5577628314495087,0.00071857014,0.0017015884,0.0017015884
1.2789028,177.275,438.04346,18,1767,295.6452782154083,227174,0.0,1.361269,0.7890300899744034,0.0010007081,0.0060128407,0.0060128407
1.408542,168.625,449.52872,19,1786,299.06984519958496,230332,0.0,1.3617004,0.9060439392924309,0.0013685129,0.0068417303,0.0068417303
1.8007004,172.975,429.5092,17,1803,302.555367231369,233272,0.0,1.359552,0.3697793483734131,0.0002490489,0.00078998023,0.00078998023
1.6584454,178.975,431.0402,18,1821,306.0023844242096,236503,0.0,1.3573837,0.6552881002426147,0.00023316825,0.0012249527,0.0012249527
1.9083115,181.85,456.54242,15,1836,309.4375636577606,239524,0.0,1.3558675,0.8235489875078201,0.00062317477,0.0029276803,0.0029276803
1.7221447,182.625,449.48016,19,1855,312.93660712242126,242665,0.0,1.3528061,0.19839227199554443,0.0007633862,0.0041590827,0.0041590827
0.6475084,163.325,393.2364,19,1874,316.3705096244812,245678,0.0,1.3517742,0.5830141603946686,0.0007778192,0.0031023026,0.0031023026
1.5111718,171.15,460.8396,16,1890,319.80354475975037,248677,0.0,1.3474193,0.883361928164959,0.0008870869,0.0052165017,0.0052165017
2.5292618,181.3,505.31525,17,1907,323.25686049461365,251712,0.0,1.3463446,0.531500905752182,0.00050555216,0.0012554551,0.0012554551
2.1879056,177.7,463.40356,18,1925,326.6531276702881,254911,0.0,1.3344115,0.34978264570236206,0.0010448614,0.0018151826,0.0018151826
2.0765374,180.45,481.81323,17,1942,330.08664989471436,257997,0.0,1.3439336,0.7369391024112701,0.0010525811,0.00404327,0.00404327
1.7839868,176.75,446.38388,17,1959,333.5457842350006,260966,0.0,1.344429,0.38642418384552,0.0010313777,0.0016689437,0.0016689437
0.30587047,154.5,286.60135,22,1981,336.9783411026001,264172,0.0,1.3331665,0.34481239318847656,0.001170981,0.0051006866,0.0051006866
1.1508505,165.7,361.14722,16,1997,340.414466381073,267175,0.0,1.3280944,0.5446210205554962,0.0012105751,0.0041027996,0.0041027996
1.0901991,169.4,349.43936,18,2015,343.8775489330292,270281,0.0,1.3187488,0.2605630159378052,0.0003665913,0.00206569,0.00206569
1.9165013,175.65,436.29755,17,2032,347.3117003440857,273236,0.0,1.3187255,0.4892578721046448,0.00018131157,0.0014502931,0.0014502931
1.6907527,168.75,401.2379,19,2051,350.7631537914276,276401,0.0,1.3067937,0.21656018495559692,0.00082627573,0.0022703419,0.0022703419
2.1007345,179.175,450.5506,16,2067,354.62023758888245,279481,0.0,1.3050537,0.5793540179729462,0.0002774356,0.00613245,0.00613245
1.9813601,175.25,478.42764,18,2085,358.0845787525177,282450,0.0,1.3162837,0.8605064749717712,0.00064171077,0.006734645,0.006734645
1.3071473,162.125,400.21606,20,2105,361.5556712150574,285643,0.0,1.3187255,0.18640875816345215,0.00012971759,0.00094541843,0.00094541843
1.1480429,163.5,340.36688,18,2123,365.0659854412079,288623,0.0,1.3160416,0.267272412776947,0.0005277892,0.0005403908,0.0005403908
1.1377678,164.3,338.69604,19,2142,368.5793797969818,291768,0.0,1.3298017,0.267886221408844,0.00057583256,0.0008037311,0.0008037311
0.9286129,162.225,319.06726,19,2161,372.0561013221741,294861,0.0,1.3152776,0.21273785829544067,0.00064147316,0.001487947,0.001487947
1.7126058,173.325,414.4876,16,2177,375.5916666984558,297916,0.0,1.3295532,0.46108198165893555,0.00076539716,0.0026554018,0.0026554018
1.8926084,173.6,453.403,18,2195,379.0417010784149,300914,0.0,1.3193666,0.5273483693599701,0.00068205595,0.00096375495,0.00096375495
2.1514192,173.35,475.86737,18,2213,382.5483639240265,304117,0.0,1.3185363,0.6137056946754456,0.0008930315,0.00322346,0.00322346
2.1210601,174.925,475.09995,17,2230,386.0329999923706,307084,0.0,1.3253247,0.7398544549942017,0.0012067468,0.0046422514,0.0046422514
2.4075081,173.25,494.42963,18,2248,389.50687527656555,310172,0.0,1.3234849,0.5911623239517212,0.0005345402,0.0013759999,0.0013759999
-0.06939907,152.85,235.33907,22,2270,393.0071175098419,313198,0.0,1.3242129,-0.009950518608093262,0.00043009073,0.0032931922,0.0032931922
-0.41415787,155.95,208.46843,18,2288,396.4527237415314,316410,0.0,1.3282146,0.34623849391937256,0.0010230948,0.0013874838,0.0013874838
1.0086989,172.25,337.59555,17,2305,399.8593239784241,319469,0.0,1.316927,0.34124618768692017,0.0008950162,0.0032633897,0.0032633897
1.0309687,167.675,353.22607,20,2325,403.3157618045807,322554,0.0,1.3221745,0.2522101402282715,0.00059358595,0.0022102927,0.0022102927
0.28675207,153.85,317.61053,20,2345,406.74956583976746,325623,0.0,1.326662,0.21820402145385742,0.0013080792,0.004929564,0.004929564
0.5795044,158.475,364.61902,19,2364,410.1656668186188,328700,0.0,1.336676,0.30006563663482666,0.00086518837,0.004022598,0.004022598
1.627286,170.275,447.688,16,2380,413.58788537979126,331684,0.0,1.3445972,0.6804094314575195,0.001051152,0.0033776853,0.0033776853
2.4971044,181.15,530.6232,17,2397,417.03146290779114,334736,0.0,1.3462893,0.7556414157152176,0.0007287674,0.005048445,0.005048445
2.467803,187.175,592.1556,16,2413,420.4481327533722,337846,0.0,1.3596121,0.20347118377685547,0.0010358222,0.005248306,0.005248306
1.6657616,183.525,535.1948,18,2431,423.8698592185974,340905,0.0,1.3559895,0.26081544160842896,0.0006299038,0.003844985,0.003844985
0.5162,171.175,398.81808,18,2449,427.3319492340088,343975,0.0,1.3594035,0.15917927026748657,0.00085372763,0.0059220237,0.0059220237
1.3787969,178.875,529.2032,16,2465,430.7352545261383,347023,0.0,1.3574514,0.09599018096923828,0.00087877206,0.0055991393,0.0055991393
1.920153,184.725,635.52313,17,2482,434.13966131210327,350150,0.0,1.3485643,0.22773057222366333,0.0006976966,0.0032317087,0.0032317087
1.9098984,187.425,650.0967,15,2497,437.64843559265137,353080,0.0,1.3547288,0.18735766410827637,0.0010231064,0.004843635,0.004843635
2.5919652,197.725,683.0618,15,2512,441.09950160980225,356287,0.0,1.3718542,0.3326362371444702,0.00089648063,0.0031884846,0.0031884846
2.6464417,202.175,674.12134,15,2527,444.5090696811676,359310,0.0,1.3707271,0.26292771100997925,0.001020101,0.004174799,0.004174799
2.4063919,198.75,625.5842,17,2544,447.95023345947266,362479,0.0,1.3656301,0.29277491569519043,0.0013149885,0.0033577986,0.0033577986
0.8757992,183.925,424.26505,17,2561,451.3658413887024,365458,0.0,1.3670579,0.20387697219848633,0.0009173066,0.011057831,0.011057831
1.4391571,190.775,564.793,15,2576,454.7904462814331,368493,0.0,1.3708792,0.1636907458305359,0.0009210587,0.0076468377,0.0076468377
2.1312099,200.45,695.74347,15,2591,471.7886645793915,371646,0.0,1.3661504,0.3013274073600769,0.0012316627,0.00420587,0.00420587
2.409329,203.175,712.3273,16,2607,475.197478055954,374747,0.0,1.3705763,0.11556392908096313,0.00086319796,0.004643145,0.004643145
1.8616585,192.125,605.472,16,2623,478.661052942276,377774,0.0,1.3683802,0.015042126178741455,0.0012276763,0.010048281,0.010048281
2.493582,199.175,692.0748,14,2637,482.13179206848145,380732,0.0,1.3684365,0.14436662197113037,0.000949648,0.003441124,0.003441124
3.2045102,214.2,836.3966,15,2652,485.6449761390686,383982,0.0,1.3801655,0.21955043077468872,0.0008813239,0.004737777,0.004737777
3.2151794,214.85,875.8107,14,2666,489.1636242866516,386904,0.0,1.3741139,0.5100617408752441,0.00079721474,0.0034724772,0.0034724772
2.9942641,213.85,888.79474,14,2680,492.76483511924744,389932,0.0,1.3652339,0.20773392915725708,0.0009778742,0.00559438,0.00559438
3.0822015,218.1,889.359,14,2694,496.28649616241455,393144,0.0,1.3673466,0.2328587770462036,0.0008064395,0.0033539769,0.0033539769
3.5215526,227.125,1026.196,13,2707,499.71987652778625,396210,0.0,1.3637398,0.2855117917060852,0.0008645913,0.0036595839,0.0036595839
4.09101,228.825,1182.5426,14,2721,503.1739501953125,399341,0.0,1.3579773,0.3721674680709839,0.0008442816,0.0033000268,0.0033000268
3.9474883,220.8,1275.1567,14,2735,506.6326801776886,402240,0.0,1.3470387,0.4018373489379883,0.00089701073,0.0055807014,0.0055807014
4.0948524,215.675,1344.2614,14,2749,510.05376505851746,405290,0.0,1.3410019,0.3502461910247803,0.0009993003,0.0032743684,0.0032743684
4.364613,218.775,1393.1644,14,2763,513.4922502040863,408359,0.0,1.3269634,0.34730637073516846,0.0010126644,0.0044975537,0.0044975537
4.9826927,213.75,1531.2113,15,2778,516.9355673789978,411583,0.0,1.3333983,0.38354307413101196,0.00094082643,0.0035120596,0.0035120596
5.038208,215.225,1514.9447,14,2792,520.331787109375,414665,0.0,1.3329396,0.26275819540023804,0.0011324807,0.004967864,0.004967864
5.074044,217.925,1393.6461,13,2805,523.7904937267303,417605,0.0,1.34223,0.2909430265426636,0.0009164961,0.003327544,0.003327544
5.8351035,230.725,1492.396,13,2818,527.2968668937683,420812,0.0,1.3325267,0.4015553593635559,0.00091915653,0.004321865,0.004321865
6.588202,230.525,1656.3193,14,2832,530.8663785457611,423886,0.0,1.3177472,0.6313165426254272,0.0008989524,0.003592696,0.003592696
7.39245,231.7,1855.5953,13,2845,534.3810651302338,426873,0.0,1.3266678,0.5699672400951385,0.0007168095,0.0031835225,0.0031835225
6.05344,213.675,1625.8455,15,2860,537.8761601448059,429841,0.0,1.334076,0.5029087960720062,0.00093755004,0.0048323623,0.0048323623
5.754216,212.85,1549.9197,15,2875,541.3517098426819,433141,0.0,1.3213744,0.49261510372161865,0.0008796754,0.0032538623,0.0032538623
5.8306046,213.525,1570.8958,13,2888,544.8368351459503,436084,0.0,1.3074037,0.49582552909851074,0.0010438082,0.005562808,0.005562808
6.6621056,224.725,1652.8958,13,2901,548.276867389679,439087,0.0,1.3179554,0.4285302758216858,0.00092094165,0.0031333256,0.0031333256
6.8465667,227.6,1632.3942,14,2915,551.7009482383728,442245,0.0,1.3276654,0.689469963312149,0.0009262168,0.003763479,0.003763479
6.6421432,223.25,1650.8977,14,2929,555.1177747249603,445256,0.0,1.3209532,0.6244819164276123,0.0007835889,0.0062825507,0.0062825507
7.2426615,222.675,1826.8977,14,2943,558.5963807106018,448456,0.0,1.3150271,0.742889791727066,0.0010209699,0.0021683003,0.0021683003
6.5631914,216.425,1720.825,14,2957,562.0394866466522,451390,0.0,1.3137755,0.5469366610050201,0.0010429808,0.0069892756,0.0069892756
6.9161963,221.475,1741.75,14,2971,565.4825143814087,454595,0.0,1.3227845,0.5098935961723328,0.001294887,0.0043419967,0.0043419967
5.7956657,216.325,1500.303,15,2986,568.9480783939362,457702,0.0,1.3316101,0.2235018014907837,0.0008054781,0.0026288629,0.0026288629
5.619001,215.725,1418.1555,14,3000,572.3717057704926,460733,0.0,1.3209287,0.3982709050178528,0.0010195652,0.00455328,0.00455328
5.4100356,215.25,1441.4055,13,3013,593.6227324008942,463644,0.0,1.3011411,0.5457232594490051,0.00097252737,0.003389233,0.003389233
6.6169043,224.675,1685.1025,14,3027,597.0502927303314,466908,0.0,1.3098164,0.43021082878112793,0.0013557337,0.0026376706,0.0026376706
7.321161,230.325,1831.0,13,3040,600.5083336830139,469946,0.0,1.299774,0.6936585605144501,0.0009740703,0.0043096854,0.0043096854
7.8641257,231.85,1881.321,13,3053,603.9283761978149,472918,0.0,1.2953123,0.7405193448066711,0.0009813636,0.004002648,0.004002648
7.4486923,227.275,1807.571,14,3067,607.3939957618713,475999,0.0,1.2915956,0.5143410265445709,0.0010730417,0.0029455982,0.0029455982
7.476538,226.85,1809.321,14,3081,610.9508125782013,479213,0.0,1.2989826,0.5036653876304626,0.0008643875,0.0021353113,0.0021353113
7.0061226,217.475,1786.5,15,3096,614.4654636383057,482291,0.0,1.2998673,0.6946858465671539,0.0010093433,0.0043835915,0.0043835915
7.0802126,214.55,1812.1116,14,3110,618.0020110607147,485311,0.0,1.2947619,0.6803339123725891,0.00031966344,0.0036407572,0.0036407572
7.364273,216.875,1914.8613,14,3124,621.4911684989929,488378,0.0,1.2968673,0.7293192744255066,0.0007964556,0.0018617968,0.0018617968
7.63877,221.85,1923.6116,13,3137,624.9306089878082,491407,0.0,1.3121034,0.7186833918094635,0.0008414073,0.002412697,0.002412697
7.5646286,226.525,1867.0,13,3150,628.370195388794,494372,0.0,1.2879412,0.47972172498703003,0.0008850613,0.002402015,0.002402015
6.985759,226.575,1665.5,14,3164,631.8913404941559,497441,0.0,1.2966304,0.6421040594577789,0.0010646912,0.0034700737,0.0034700737
6.1967382,219.95,1524.75,15,3179,635.3339672088623,500685,0.0,1.2936949,0.507355809211731,0.0003282329,0.0042527015,0.0042527015
6.3655825,219.575,1567.0,13,3192,638.7550928592682,503639,0.0,1.2928102,0.607909768819809,0.0009985913,0.0039822324,0.0039822324
7.6373878,226.95,1880.75,13,3205,642.2551443576813,506756,0.0,1.2940902,0.8470330387353897,0.0010126042,0.0028212916,0.0028212916
8.409327,232.25,2054.0,13,3218,645.6649627685547,509897,0.0,1.2867756,0.8920562341809273,0.001100333,0.0027656897,0.0027656897
9.308232,240.45,2241.75,13,3231,649.0951764583588,513016,0.0,1.2924117,0.7432096898555756,0.00093480124,0.0027384448,0.0027384448
8.688062,236.05,2122.25,13,3244,652.5717458724976,515958,0.0,1.2858964,0.8090627193450928,0.0013270186,0.0051095732,0.0051095732
8.500268,234.275,2070.25,13,3257,656.0367805957794,519026,0.0,1.2984865,0.711775153875351,0.0008151128,0.0031212512,0.0031212512
7.6141877,226.375,1927.0,14,3271,659.4648275375366,522071,0.0,1.2896422,0.6589318215847015,0.0014376962,0.0044580367,0.0044580367
7.7927566,224.875,1988.5,14,3285,662.9391000270844,525196,0.0,1.2761306,0.8247827738523483,0.00090179715,0.002893436,0.002893436
7.372397,223.375,1887.25,13,3298,666.354959487915,528201,0.0,1.2708131,0.5269322395324707,0.0009500173,0.0036505933,0.0036505933
7.7551017,224.2,1962.75,14,3312,669.7784595489502,531274,0.0,1.2742609,0.7501750439405441,0.00073074625,0.0018175654,0.0018175654
7.3590193,221.05,1850.5,15,3327,673.2359871864319,534495,0.0,1.2748394,0.6886368989944458,0.0009009294,0.0041018887,0.0041018887
7.0493774,216.1,1816.75,14,3341,676.677255153656,537561,0.0,1.262854,0.6676728129386902,0.0011210501,0.0041749817,0.0041749817
7.5248017,222.5,1877.0,13,3354,680.0803370475769,540603,0.0,1.2593364,0.6858846843242645,0.000728641,0.0025208208,0.0025208208
8.357561,230.3,2040.5,13,3367,683.5169050693512,543707,0.0,1.2575074,0.7697161436080933,0.0011074747,0.002837023,0.002837023
8.9057255,236.025,2128.75,13,3380,686.9319829940796,546766,0.0,1.2538213,0.778872013092041,0.000969413,0.0032092475,0.0032092475
9.125728,237.2,2182.75,12,3392,690.3348541259766,549650,0.0,1.2493657,0.9119799062609673,0.0010284227,0.006338659,0.006338659
8.695088,234.75,2077.25,14,3406,693.7741372585297,552854,0.0,1.2446898,0.53667351603508,0.00078943744,0.0042808144,0.0042808144
8.490262,235.975,2038.75,13,3419,714.906665802002,555967,0.0,1.2507344,0.6527941823005676,0.0008191671,0.0021850402,0.0021850402
7.3443766,226.075,1819.0,14,3433,718.2897119522095,558934,0.0,1.2490009,0.7402748763561249,0.0011200799,0.0030456819,0.0030456819
7.779914,228.4,1924.75,13,3446,721.717586517334,561990,0.0,1.2380904,0.7594498544931412,0.00096879556,0.0033940787,0.0033940787
7.9863687,227.225,1964.0,13,3459,725.1235864162445,565056,0.0,1.254213,0.7884032130241394,0.0008631928,0.0025946365,0.0025946365
8.13376,229.275,1951.25,14,3473,728.5535109043121,568105,0.0,1.252509,0.5643182992935181,0.001387969,0.0077052102,0.0077052102
8.3615055,230.225,2004.75,13,3486,732.0588734149933,571199,0.0,1.2459044,0.8960469663143158,0.0009937248,0.0040748673,0.0040748673
8.395953,229.075,2002.5,14,3500,735.5746536254883,574462,0.0,1.2456075,0.7884239703416824,0.001217747,0.003546425,0.003546425
8.770264,231.45,2111.0,13,3513,739.0500338077545,577363,0.0,1.2542421,0.6996360719203949,0.00085568224,0.0031575784,0.0031575784
8.417566,226.125,2051.5,14,3527,742.517876625061,580480,0.0,1.2516459,0.8214507699012756,0.00089017494,0.003029926,0.003029926
7.5104017,219.8,1866.0,14,3541,745.9412586688995,583491,0.0,1.2558513,0.5382104516029358,0.0012305476,0.0049178,0.0049178
7.2902937,215.85,1832.75,15,3556,749.3976535797119,586714,0.0,1.2521424,0.7629981935024261,0.00090185757,0.0041715293,0.0041715293
7.845688,222.65,1945.0,13,3569,752.8846890926361,589813,0.0,1.2448406,0.9132351130247116,0.00093797134,0.0033581983,0.0033581983
8.730428,229.775,2132.5,12,3581,756.2999980449677,592682,0.0,1.2487794,0.9377190694212914,0.0009881696,0.0046601505,0.0046601505
9.180252,236.15,2185.75,14,3595,759.7201008796692,595926,0.0,1.2527081,0.6590227484703064,0.0007754631,0.0018770703,0.0018770703
8.214064,227.9,1994.25,14,3609,763.2168605327606,598929,0.0,1.2479864,0.6319657564163208,0.0011313703,0.0076992414,0.0076992414
7.8729525,226.075,1908.0,13,3622,766.6854856014252,601958,0.0,1.2425536,0.7893181294202805,0.0010341967,0.0047670226,0.0047670226
7.5483794,220.475,1893.0,15,3637,770.1907863616943,605094,0.0,1.2360454,0.6958195865154266,0.00072303606,0.0013624858,0.0013624858
7.990779,224.05,1965.5,13,3650,773.6952269077301,608128,0.0,1.23385,0.787151038646698,0.0011539193,0.002833848,0.002833848
7.5503755,219.45,1912.5,14,3664,777.16335105896,611208,0.0,1.2272948,0.730338841676712,0.0010883325,0.0057009296,0.0057009296
7.755986,222.75,1951.5,14,3678,780.6234731674194,614240,0.0,1.2043153,0.7497215867042542,0.0010156851,0.0042391154,0.0042391154
7.708884,224.0,1952.0,13,3691,784.155825138092,617327,0.0,1.2140809,0.7709523588418961,0.0010261451,0.0036283107,0.0036283107
8.467937,230.95,2091.0,13,3704,787.5731387138367,620446,0.0,1.2013019,0.9369348138570786,0.0008498764,0.0043767006,0.0043767006
8.900476,234.95,2165.25,13,3717,790.9932358264923,623394,0.0,1.1981442,0.8277453929185867,0.00042680648,0.0019591385,0.0019591385
9.1276655,235.525,2215.5,13,3730,794.4403781890869,626510,0.0,1.1982137,0.7745869308710098,0.000916749,0.0041086846,0.0041086846
8.275462,227.575,2071.25,14,3744,797.8335425853729,629549,0.0,1.1918352,0.7966788113117218,0.0010846521,0.006735116,0.006735116
8.700406,231.575,2143.5,13,3757,801.2255871295929,632657,0.0,1.186737,0.9223036915063858,0.0009069386,0.0037893134,0.0037893134
8.29056,228.775,2038.75,14,3771,804.6482720375061,635900,0.0,1.180329,0.6857124865055084,0.000773842,0.0021288272,0.0021288272
8.7478695,232.3,2113.0,13,3784,808.0541079044342,638841,0.0,1.1765136,0.8054820746183395,0.0011217749,0.00441408,0.00441408
8.779035,231.55,2113.25,13,3797,811.4597985744476,641919,0.0,1.165397,0.9445385672152042,0.00078292534,0.003276549,0.003276549
8.58195,228.625,2094.25,14,3811,814.8684775829315,645045,0.0,1.1637639,0.7126924991607666,0.0011690293,0.0038036753,0.0038036753
8.761621,232.9,2118.0,13,3824,836.1075251102448,648157,0.0,1.1624538,0.7805929332971573,0.00038272937,0.0007812905,0.0007812905
8.325485,230.775,2012.75,13,3837,839.4905624389648,651150,0.0,1.1824957,0.6797074973583221,0.00086749677,0.001829531,0.001829531
8.330759,230.725,2013.5,13,3850,842.8832321166992,654192,0.0,1.1676111,0.7315655946731567,0.001003272,0.002968681,0.002968681
8.764397,233.475,2080.25,13,3863,846.3020596504211,657258,0.0,1.167518,0.7896154671907425,0.00088061515,0.0033771961,0.0033771961
8.984248,234.4,2132.0,13,3876,849.7487704753876,660332,0.0,1.1665567,0.9241935536265373,0.0009700701,0.004718263,0.004718263
9.224658,234.975,2185.0,13,3889,853.2015097141266,663356,0.0,1.1693945,0.8003050237894058,0.0010684658,0.001541662,0.001541662
8.703954,230.475,2085.8706,14,3903,856.7091364860535,666477,0.0,1.1729975,0.6979569494724274,0.00073754817,0.0041324478,0.0041324478
8.476469,230.0,2036.6205,13,3916,860.1693663597107,669532,0.0,1.1773442,0.7896315306425095,0.00080738607,0.0026749272,0.0026749272
7.659636,222.9,1876.75,15,3931,863.5866463184357,672744,0.0,1.1659831,0.5793336927890778,0.0009810256,0.004027313,0.004027313
8.077906,227.075,1948.75,13,3944,867.0242459774017,675795,0.0,1.1691219,0.7377010583877563,0.0010394673,0.0029658584,0.0029658584
8.3090105,227.775,2001.0,13,3957,870.4290957450867,678884,0.0,1.1639338,0.9315261691808701,0.0009591712,0.004761528,0.004761528
8.794653,233.275,2085.0,13,3970,873.8451886177063,681842,0.0,1.1517706,0.5640614628791809,0.0014064213,0.0036519056,0.0036519056
8.347227,228.075,2008.25,14,3984,877.2972280979156,684918,0.0,1.1480101,0.7197626829147339,0.000386343,0.0027550005,0.0027550005
8.332756,228.25,2006.5,13,3997,880.682074546814,688014,0.0,1.1387244,0.9404154047369957,0.0008194309,0.0030226074,0.0030226074
8.996379,230.925,2161.75,13,4010,884.0921764373779,691079,0.0,1.1402289,0.9475845657289028,0.00076182844,0.0039947215,0.0039947215
9.231813,233.375,2218.25,14,4024,887.5677373409271,694253,0.0,1.1403521,0.8472113460302353,0.0009901227,0.0041030156,0.0041030156
8.813303,229.4,2146.5,13,4037,891.0153477191925,697190,0.0,1.1332008,0.8452214449644089,0.0014443742,0.0041978084,0.0041978084
8.162816,224.75,2022.5,14,4051,894.5175833702087,700306,0.0,1.1300439,0.74677774310112,0.0011039786,0.002470813,0.002470813
8.586128,228.65,2094.75,13,4064,898.0041449069977,703399,0.0,1.1318576,0.9370784685015678,0.00093810214,0.004366318,0.004366318
8.197363,227.225,1966.25,14,4078,901.4571113586426,706521,0.0,1.127662,0.5389102399349213,0.0008799842,0.004248929,0.004248929
8.035637,225.25,1921.25,14,4092,904.9097528457642,709555,0.0,1.128692,0.6428365111351013,0.0009875076,0.0044500805,0.0044500805
7.512944,222.55,1781.75,14,4106,908.4270136356354,712675,0.0,1.1261059,0.5513196587562561,0.0009801585,0.0028297391,0.0028297391
7.464586,221.325,1770.5,13,4119,911.9276752471924,715613,0.0,1.122927,0.6928468346595764,0.00087697734,0.0028657373,0.0028657373
8.038775,227.3,1886.25,13,4132,915.3453509807587,718647,0.0,1.1224889,0.8734129667282104,0.0011507948,0.0068348683,0.0068348683
7.8407464,223.95,1904.8606,15,4147,918.7948732376099,721869,0.0,1.1231078,0.7633311152458191,0.0009480547,0.003863616,0.003863616
7.3618193,219.9,1858.1106,14,4161,922.1946692466736,724876,0.0,1.1225604,0.7070116102695465,0.0009648837,0.0029467798,0.0029467798
7.2238274,216.875,1823.25,14,4175,925.595707654953,728039,0.0,1.1263449,0.7276854813098907,0.0010483625,0.003453125,0.003453125
8.269938,225.075,2014.25,13,4188,929.0427975654602,731100,0.0,1.1326972,0.8402471393346786,0.0009858933,0.0030038941,0.0030038941
9.008429,231.325,2125.75,13,4201,932.4288809299469,734129,0.0,1.131234,0.7925657629966736,0.00118569,0.0049032113,0.0049032113
9.453438,236.125,2241.0,13,4214,935.8356447219849,737247,0.0,1.1299416,0.9311653673648834,0.00096564804,0.004926877,0.004926877
9.202268,235.9,2188.0,13,4227,956.7419776916504,740301,0.0,1.128205,0.7953964918851852,0.001101988,0.0026379128,0.0026379128
8.884878,232.55,2118.25,13,4240,960.1923935413361,743198,0.0,1.1252984,0.6766400933265686,0.000895961,0.00357177,0.00357177
8.91581,231.55,2116.0,13,4253,963.6261284351349,746272,0.0,1.1271883,0.9217721298336983,0.00080944225,0.003872335,0.003872335
8.000994,222.5,1925.0,15,4268,967.0111696720123,749438,0.0,1.1242913,0.585033118724823,0.0009951876,0.0032643164,0.0032643164
8.531351,226.875,2045.75,13,4281,970.5384697914124,752512,0.0,1.1260754,0.9283409342169762,0.00091299467,0.0032221612,0.0032221612
8.073804,224.1,1936.25,14,4295,974.0165512561798,755627,0.0,1.1214526,0.6021126210689545,0.00080299843,0.0023892142,0.0023892142
8.27814,226.4,1954.75,14,4309,977.5226986408234,758731,0.0,1.117545,0.6603413224220276,0.0011939424,0.004182409,0.004182409
8.263575,226.7,1954.25,13,4322,981.0488216876984,761815,0.0,1.1205727,0.9095829874277115,0.0010985943,0.004606904,0.004606904
8.746962,230.7,2071.25,13,4335,984.4659535884857,764855,0.0,1.121308,0.7893092781305313,0.0011113756,0.004989398,0.004989398
8.975317,229.775,2180.5,14,4349,987.8680329322815,767922,0.0,1.1202375,0.8596469312906265,0.00085713185,0.00205715,0.00205715
8.988665,229.575,2181.75,13,4362,991.3481109142303,770998,0.0,1.1166147,0.9524990953505039,0.000837191,0.0045520943,0.0045520943
9.222255,230.325,2235.0,13,4375,994.7693848609924,774068,0.0,1.1112133,0.9547836221754551,0.00076480134,0.0028550446,0.0028550446
9.434995,234.025,2233.75,13,4388,998.1629083156586,777045,0.0,1.12015,0.8472111225128174,0.0008574868,0.002446097,0.002446097
9.207843,232.95,2178.75,13,4401,1001.6159632205963,780080,0.0,1.1151733,0.7806415855884552,0.0008643693,0.0025878064,0.0025878064
8.631819,228.3,2051.5,14,4415,1005.011040687561,783200,0.0,1.1117865,0.7117737531661987,0.0011509255,0.0038050257,0.0038050257
8.258821,225.575,1986.0,14,4429,1008.3920910358429,786305,0.0,1.112337,0.7208539545536041,0.001246114,0.0033500912,0.0033500912
8.197425,224.35,1977.25,13,4442,1011.8210916519165,789289,0.0,1.1033937,0.8454962819814682,0.0011277444,0.0077817645,0.0077817645
8.766968,229.025,2103.25,13,4455,1015.2075612545013,792361,0.0,1.1061685,0.9465928860008717,0.00092238764,0.004139929,0.004139929
9.407814,234.325,2230.5,13,4468,1018.6096413135529,795439,0.0,1.1061724,0.9594437591731548,0.00088341656,0.004573906,0.004573906
9.690875,236.425,2291.0,13,4481,1022.0561602115631,798510,0.0,1.1024851,0.9503234624862671,0.0009120808,0.006219484,0.006219484
9.269587,232.225,2218.25,14,4495,1025.5358154773712,801650,0.0,1.1013707,0.8538059145212173,0.0011222279,0.0034268645,0.0034268645
8.4338455,224.175,2074.75,14,4509,1029.0179212093353,804641,0.0,1.1011748,0.7901933044195175,0.0012301019,0.0117738405,0.0117738405
8.21277,223.15,2021.75,14,4523,1032.5349597930908,807907,0.0,1.0965053,0.7844768762588501,0.0009965976,0.0011726859,0.0011726859
8.410835,226.375,2041.5,13,4536,1036.0421242713928,810939,0.0,1.0834445,0.7997929453849792,0.00092321174,0.0027179495,0.0027179495
9.263995,233.95,2184.5,13,4549,1039.5525784492493,813999,0.0,1.0810876,0.9526969082653522,0.0010624602,0.0037014831,0.0037014831
9.479928,235.075,2237.25,13,4562,1043.0612661838531,817074,0.0,1.084381,0.9616064950823784,0.00078210636,0.0030501934,0.0030501934
9.0550375,232.675,2132.25,13,4575,1046.4510760307312,820007,0.0,1.0851154,0.5661130845546722,0.0008529409,0.0025456627,0.0025456627
8.1003895,226.05,1907.5,15,4590,1049.8758437633514,823277,0.0,1.0840993,0.5640440881252289,0.0009631409,0.0047511817,0.0047511817
7.6145754,222.225,1791.5,13,4603,1053.294927597046,826196,0.0,1.0857027,0.7032715976238251,0.0011106901,0.0024349599,0.0024349599
7.845983,221.85,1880.25,14,4617,1056.7189700603485,829352,0.0,1.0841767,0.8464783877134323,0.0004333842,0.003967376,0.003967376
8.513098,228.925,2058.0,13,4630,1077.516812324524,832434,0.0,1.0848905,0.8338092416524887,0.0009521867,0.0018983943,0.0018983943
9.005072,232.675,2174.75,13,4643,1080.929543018341,835503,0.0,1.0856398,0.947962936013937,0.0009714151,0.004269548,0.004269548
8.9956875,232.875,2174.5,13,4656,1084.3361501693726,838585,0.0,1.0912874,0.965909268707037,0.0013157089,0.0041742623,0.0041742623
9.682144,236.775,2292.25,13,4669,1087.731240272522,841672,0.0,1.0951325,0.9602516181766987,0.00088867126,0.0034940809,0.0034940809
9.685164,236.75,2292.75,13,4682,1091.2178766727448,844738,0.0,1.0957335,0.9605419337749481,0.001456818,0.0025338966,0.0025338966
9.312271,233.775,2195.75,13,4695,1094.7104442119598,847694,0.0,1.1018047,0.7758696973323822,0.0008601006,0.0031376553,0.0031376553
9.350141,232.975,2197.0,13,4708,1098.1870193481445,850755,0.0,1.104065,0.9325908273458481,0.00088348286,0.004190732,0.004190732
9.355214,232.7,2195.5,13,4721,1101.701470375061,853810,0.0,1.1012896,0.9642410352826118,0.00096062734,0.004728788,0.004728788
9.757093,234.95,2292.25,13,4734,1105.1839275360107,856852,0.0,1.1015319,0.9624431505799294,0.0011993442,0.0026965004,0.0026965004
9.7202635,235.7,2290.75,13,4747,1108.5870015621185,859944,0.0,1.1061943,0.9570345431566238,0.001000984,0.0046929014,0.0046929014
9.722585,235.725,2291.5,13,4760,1111.9966530799866,863004,0.0,1.104361,0.9687620736658573,0.0010545735,0.00358051,0.00358051
9.47467,235.15,2236.75,14,4774,1115.3902077674866,866258,0.0,1.1053163,0.8058082908391953,0.001087567,0.0053283465,0.0053283465
9.249878,231.6,2175.75,13,4787,1118.7711584568024,869208,0.0,1.102447,0.8086002022027969,0.0010663242,0.0032619247,0.0032619247
9.251013,231.65,2176.5,13,4800,1122.1918685436249,872270,0.0,1.103666,0.9632527194917202,0.0009083091,0.0044304305,0.0044304305
9.272366,231.225,2177.25,14,4814,1125.5944683551788,875507,0.0,1.0896841,0.8117342293262482,0.0008613777,0.002971662,0.002971662
9.3356495,232.525,2187.5,13,4827,1129.008028268814,878509,0.0,1.0891494,0.7611135691404343,0.00093413424,0.0024774515,0.0024774515
9.124559,231.15,2133.5,13,4840,1132.4203038215637,881516,0.0,1.0895076,0.812592402100563,0.0008658753,0.0012419132,0.0012419132
8.700305,227.45,2063.0,14,4854,1135.8168659210205,884605,0.0,1.0807214,0.7274870276451111,0.0010820539,0.007071458,0.007071458
8.453356,225.55,2006.0,14,4868,1139.7990045547485,887765,0.0,1.0837401,0.6602912545204163,0.0010961368,0.0040573026,0.0040573026
8.4615555,225.4,2006.5,13,4881,1143.5345199108124,890769,0.0,1.0792631,0.7621674984693527,0.0010387888,0.002119858,0.002119858
9.1061325,230.25,2131.0,13,4894,1147.1314208507538,893815,0.0,1.0754418,0.9203878939151764,0.0009408679,0.002444142,0.002444142
9.551536,233.75,2241.25,13,4907,1150.5944681167603,896880,0.0,1.0724486,0.9600415900349617,0.0007941529,0.0042861872,0.0042861872
9.546217,233.75,2240.25,13,4920,1154.0711495876312,899887,0.0,1.0683007,0.8029806315898895,0.00090443046,0.002296272,0.002296272
8.595972,226.25,2075.5,15,4935,1157.5729501247406,903100,0.0,1.0609972,0.6812331974506378,0.0011217041,0.0017672858,0.0017672858
8.600935,226.125,2075.5,13,4948,1161.0601975917816,906158,0.0,1.0642318,0.9511421956121922,0.0009208482,0.0030826125,0.0030826125
7.9354525,221.65,1951.25,14,4962,1164.6522443294525,909219,0.0,1.0697651,0.5923206508159637,0.0008620617,0.0030946538,0.0030946538
7.937285,224.075,1896.75,14,4976,1168.1493668556213,912298,0.0,1.0626222,0.5300184190273285,0.0009811901,0.0024479725,0.0024479725
7.4685774,221.1,1786.5,13,4989,1171.654428243637,915237,0.0,1.0699469,0.7462463974952698,0.0009780655,0.003057514,0.003057514
8.340181,227.15,1965.25,14,5003,1175.117856502533,918499,0.0,1.066618,0.798677608370781,0.0009309822,0.001570826,0.001570826
9.052841,231.55,2131.5,13,5016,1178.5383262634277,921560,0.0,1.0646453,0.9432512149214745,0.00031022503,0.0024111222,0.0024111222
9.274881,234.95,2188.25,13,5029,1199.6202540397644,924635,0.0,1.0564666,0.8093515783548355,0.00095283036,0.0029499133,0.0029499133
9.030112,232.925,2130.5,13,5042,1203.0090057849884,927579,0.0,1.0417999,0.6834888756275177,0.0009712169,0.003095744,0.003095744
9.017939,233.175,2130.0,13,5055,1206.4425699710846,930654,0.0,1.0446075,0.9225171953439713,0.00095970323,0.0038853455,0.0038853455
9.24382,233.15,2182.5,13,5068,1209.818702697754,933723,0.0,1.0460485,0.9695845693349838,0.0008879039,0.004313069,0.004313069
8.952681,229.025,2151.25,14,5082,1213.2082705497742,936740,0.0,1.0442884,0.7747846692800522,0.0013321084,0.01080361,0.01080361
8.748245,227.775,2100.0,14,5096,1216.7165367603302,940001,0.0,1.0433351,0.801723837852478,0.0011617538,0.007948287,0.007948287
8.7329235,228.175,2100.25,13,5109,1220.2015461921692,943083,0.0,1.0422364,0.914064921438694,0.0003123924,0.0022496546,0.0022496546
9.477556,235.6,2241.75,13,5122,1223.6644985675812,946164,0.0,1.0422972,0.9542415030300617,0.00092928315,0.0040372857,0.0040372857
9.476459,235.575,2241.25,13,5135,1227.1671206951141,949230,0.0,1.0417486,0.9609440490603447,0.0009701342,0.0042483397,0.0042483397
9.485979,235.425,2242.25,13,5148,1230.63174366951,952262,0.0,1.0389307,0.8092472106218338,0.0011572362,0.0059367293,0.0059367293
9.5086565,234.95,2243.0,13,5161,1234.0073091983795,955323,0.0,1.0391333,0.8261077851057053,0.00093743234,0.0028095574,0.0028095574
8.875333,229.925,2119.5,14,5175,1237.4328246116638,958427,0.0,1.0308837,0.7182633578777313,0.00094193703,0.0032798436,0.0032798436
8.637021,227.75,2061.75,13,5188,1240.8288605213165,961372,0.0,1.0265583,0.6807431876659393,0.0009376639,0.0051444555,0.0051444555
8.627719,228.0,2062.0,13,5201,1244.242018699646,964443,0.0,1.0264508,0.9410969018936157,0.001049158,0.004320887,0.004320887
8.844691,228.95,2113.25,14,5215,1247.7097222805023,967585,0.0,1.0178932,0.8644132763147354,0.0009518692,0.004816634,0.004816634
9.022426,229.675,2159.75,13,5228,1251.1420741081238,970559,0.0,1.0185928,0.8288516700267792,0.0003022033,0.0018360158,0.0018360158
9.031664,229.4,2159.25,13,5241,1254.6180939674377,973619,0.0,1.0146585,0.9500415213406086,0.000975224,0.0043565617,0.0043565617
9.454135,233.35,2231.75,13,5254,1258.3016362190247,976683,0.0,1.0133992,0.9631257988512516,0.0008244145,0.0038877763,0.0038877763
9.746631,235.4,2294.25,13,5267,1261.779265165329,979738,0.0,1.0103124,0.9620827659964561,0.0008882152,0.00533473,0.00533473
9.743455,235.425,2293.75,14,5281,1265.2341833114624,983036,0.0,1.0061435,0.9477561824023724,0.0009059429,0.002987222,0.002987222
9.743331,235.4,2293.5,13,5294,1268.7116453647614,986099,0.0,1.0014628,0.9751399345695972,0.0009748141,0.0039482526,0.0039482526
8.448225,225.2,1997.25,14,5308,1272.1249585151672,988982,0.0,1.0030799,0.4998980164527893,0.0012064973,0.004744274,0.004744274
8.453235,224.975,1996.25,13,5321,1275.5453066825867,992035,0.0,1.0046711,0.8838787376880646,0.00095949153,0.0045016236,0.0045016236
7.2055254,213.475,1783.25,16,5337,1279.0190598964691,995246,0.0,1.0026854,0.6387174427509308,0.0009048758,0.008952936,0.008952936
7.3633986,213.625,1872.0,14,5351,1282.5452275276184,998231,0.0,0.99947876,0.7548648566007614,0.00075389695,0.0042601028,0.0042601028
7.1465287,212.5,1819.25,14,5365,1286.275024175644,1001470,0.0,1.000611,0.7778205722570419,0.0010480926,0.0043870737,0.0043870737
8.431191,224.25,2036.75,13,5378,1289.7318706512451,1004448,0.0,0.99991673,0.7857218980789185,0.0010036159,0.005304031,0.005304031
9.067389,231.0,2129.5,13,5391,1293.2169494628906,1007471,0.0,1.0056535,0.7852377742528915,0.00088710245,0.0030785762,0.0030785762
9.27713,232.3,2182.25,13,5404,1296.682152748108,1010528,0.0,0.9982528,0.847327396273613,0.00089689187,0.003139754,0.003139754
9.099112,230.575,2169.25,14,5418,1300.1325087547302,1013671,0.0,0.99680585,0.8479501754045486,0.0012413888,0.0071412525,0.0071412525
8.432129,226.175,2088.25,14,5432,1321.1090960502625,1016750,0.0,0.9963767,0.79278165102005,0.00038280155,0.0035115944,0.0035115944
8.436203,226.125,2088.75,13,5445,1324.4801709651947,1019807,0.0,0.9890142,0.9490295946598053,0.0010881532,0.0050870865,0.0050870865
8.86274,229.875,2160.25,13,5458,1327.928736448288,1022866,0.0,0.9927447,0.9728794954717159,0.00079366256,0.003929595,0.003929595
9.741606,235.525,2294.25,13,5471,1331.3107726573944,1025933,0.0,0.9932558,0.9546405673027039,0.00082062185,0.0044379705,0.0044379705
9.533282,234.45,2243.75,13,5484,1334.738894701004,1028949,0.0,0.9934614,0.7974586188793182,0.0008799836,0.0020540522,0.0020540522
9.52706,234.575,2243.5,13,5497,1338.1864502429962,1032015,0.0,0.99005073,0.9410300254821777,0.0009266098,0.0034311058,0.0034311058
8.8177,229.35,2074.0,14,5511,1341.6287059783936,1035107,0.0,0.99150825,0.6330074667930603,0.000987568,0.004817561,0.004817561
9.038488,230.15,2124.75,13,5524,1345.0694341659546,1038155,0.0,0.98819035,0.8896180763840675,0.0009943633,0.005609488,0.005609488
8.771832,227.525,2062.75,14,5538,1348.572120666504,1041350,0.0,0.9868696,0.8521623462438583,0.001172819,0.0038270978,0.0038270978
9.489293,232.375,2230.5,13,5551,1351.9898386001587,1044402,0.0,0.9819953,0.9286465868353844,0.0010907776,0.0068176948,0.0068176948
9.259438,231.525,2177.25,13,5564,1355.3639566898346,1047416,0.0,0.98313206,0.802884891629219,0.0010076448,0.002097832,0.002097832
9.538492,233.8,2238.75,13,5577,1358.7914481163025,1050470,0.0,0.98284847,0.9356903806328773,0.001014372,0.0078043775,0.0078043775
9.532588,234.1,2240.25,13,5590,1362.168053150177,1053532,0.0,0.9884314,0.9763723202049732,0.0009901355,0.007838924,0.007838924
8.473811,225.375,2045.75,15,5605,1365.5672698020935,1056666,0.0,0.9889223,0.5489585399627686,0.0010500551,0.0050325734,0.0050325734
8.21628,223.8,1989.5,13,5618,1369.0239489078522,1059654,0.0,0.9872132,0.7722185701131821,0.00094826566,0.004475703,0.004475703
8.206464,223.8,1987.25,13,5631,1372.4291508197784,1062717,0.0,0.98489577,0.9635762982070446,0.0009839323,0.0064197,0.0064197
9.053212,230.05,2164.0,14,5645,1375.815754890442,1065868,0.0,0.9839758,0.8662443161010742,0.0009870729,0.0043917396,0.0043917396
8.833932,228.9,2110.25,14,5659,1379.22931432724,1069045,0.0,0.98638135,0.703225165605545,0.0010666543,0.0049013644,0.0049013644
8.8300495,229.1,2111.25,13,5672,1382.6099195480347,1072115,0.0,0.9805884,0.9544505402445793,0.0009821312,0.0052190176,0.0052190176
9.269094,232.625,2183.5,13,5685,1386.0739398002625,1075173,0.0,0.9768987,0.9667665958404541,0.0009057063,0.0068851425,0.0068851425
9.732383,235.725,2294.0,13,5698,1389.5473327636719,1078239,0.0,0.9743573,0.9710687678307295,0.0014680362,0.00720514,0.00720514
9.310823,231.6,2221.0,13,5711,1392.9978559017181,1081146,0.0,0.9737146,0.8714278787374496,0.00031903642,0.004836228,0.004836228
9.085548,230.775,2169.0,14,5725,1396.4179186820984,1084404,0.0,0.9768903,0.804926723241806,0.001109079,0.005121077,0.005121077
9.086699,230.7,2168.5,13,5738,1399.8375601768494,1087467,0.0,0.980654,0.9689125511795282,0.0009291814,0.0054739267,0.0054739267
9.508087,234.875,2242.0,13,5751,1403.2771201133728,1090541,0.0,0.9747918,0.9678614065051079,0.0010503639,0.0036898062,0.0036898062
9.74057,235.575,2294.5,13,5764,1406.6729142665863,1093593,0.0,0.9692181,0.9718390759080648,0.00095532276,0.0065114126,0.0065114126
9.735515,235.775,2295.25,13,5777,1410.128531217575,1096659,0.0,0.9647224,0.9810661897063255,0.0010378918,0.006780243,0.006780243
8.908167,227.5,2150.75,14,5791,1413.570635318756,1099641,0.0,0.9646502,0.7781606763601303,0.00073773164,0.0048555033,0.0048555033
8.90717,227.475,2150.25,13,5804,1417.0197687149048,1102692,0.0,0.966217,0.9497908055782318,0.0009276722,0.0053747487,0.0053747487
8.916453,227.275,2150.5,13,5817,1420.5043106079102,1105750,0.0,0.9702432,0.9352116584777832,0.0010664497,0.0050063008,0.0050063008
9.081968,234.325,2195.25,13,5830,1441.4752879142761,1108932,0.0,0.9687188,0.8010749220848083,0.0010025714,0.0027099028,0.0027099028
9.264394,236.25,2211.25,13,5843,1444.858323097229,1111907,0.0,0.9677422,0.8294735997915268,0.000939829,0.0027122276,0.0027122276
9.264351,236.15,2210.25,13,5856,1448.2628877162933,1114958,0.0,0.96234924,0.9515153244137764,0.0009632835,0.005923798,0.005923798
8.431856,223.15,2036.0,15,5871,1451.6914076805115,1118093,0.0,0.96402043,0.7041662633419037,0.0009978651,0.0044475016,0.0044475016
8.674829,225.125,2092.75,13,5884,1455.0914952754974,1121148,0.0,0.9589738,0.9373960345983505,0.0011027615,0.005943976,0.005943976
8.660251,225.4,2092.0,13,5897,1458.5000133514404,1124207,0.0,0.9558111,0.9712631534785032,0.000863071,0.0037535795,0.0037535795
9.321901,231.25,2219.75,14,5911,1462.0016741752625,1127343,0.0,0.959359,0.8767401054501534,0.0008521912,0.003753027,0.003753027
9.340757,230.8,2219.75,13,5924,1465.4940967559814,1130380,0.0,0.956299,0.9650427512824535,0.001181976,0.005222907,0.005222907
9.342775,230.725,2219.5,13,5937,1468.99471616745,1133436,0.0,0.9479676,0.9686263538897038,0.0009342501,0.0049605793,0.0049605793
9.568293,233.4,2241.75,13,5950,1472.5143072605133,1136444,0.0,0.94733673,0.7905527204275131,0.00094312563,0.0026760388,0.0026760388
9.351438,232.325,2189.25,14,5964,1475.9259631633759,1139673,0.0,0.9464621,0.7959119826555252,0.0010253418,0.0039637852,0.0039637852
8.881966,228.0,2075.75,13,5977,1479.3175230026245,1142556,0.0,0.95043135,0.7356483042240143,0.0010514113,0.004537688,0.004537688
8.665051,226.925,2023.5,14,5991,1482.7536029815674,1145753,0.0,0.9521789,0.6414777338504791,0.0009275945,0.0049714446,0.0049714446
8.892474,227.85,2077.0,13,6004,1486.1416883468628,1148787,0.0,0.94865876,0.8843055665493011,0.001061945,0.0039096107,0.0039096107
8.938889,229.8,2086.0,14,6018,1489.5391719341278,1151983,0.0,0.9526999,0.6784758567810059,0.0010174294,0.004638059,0.004638059
8.898213,229.075,2079.75,13,6031,1492.9619698524475,1154916,0.0,0.9525764,0.6381129026412964,0.0009663088,0.0042555756,0.0042555756
8.876203,229.525,2079.0,13,6044,1496.3441560268402,1157968,0.0,0.9516683,0.9225220531225204,0.0009855401,0.004886843,0.004886843
9.303502,231.9,2184.5,13,6057,1499.7402749061584,1161025,0.0,0.9504373,0.9582525193691254,0.00087088277,0.003093769,0.003093769
9.557396,233.725,2242.5,14,6071,1503.1755290031433,1164265,0.0,0.9570928,0.8128812164068222,0.00090683455,0.0023559255,0.0023559255
9.103111,230.45,2132.25,13,6084,1506.5634624958038,1167186,0.0,0.95876074,0.7043334245681763,0.0010003472,0.0036328929,0.0036328929
8.890193,229.3,2080.0,14,6098,1509.9510645866394,1170430,0.0,0.9615068,0.8198476731777191,0.0010392503,0.0036814471,0.0036814471
9.115888,230.275,2133.5,13,6111,1513.3653857707977,1173476,0.0,0.95668703,0.9429074861109257,0.0011369651,0.0036849836,0.0036849836
8.922476,227.775,2161.75,14,6125,1516.7724304199219,1176491,0.0,0.9441828,0.7722675055265427,0.0013814993,0.007365867,0.007365867
8.930862,227.5,2161.0,13,6138,1520.1695754528046,1179530,0.0,0.93987155,0.9437189660966396,0.0009808909,0.0036508755,0.0036508755
8.488969,225.4,2054.75,13,6151,1523.5871737003326,1182492,0.0,0.9403077,0.6702717542648315,0.001103751,0.0057528834,0.0057528834
9.358891,232.175,2189.75,14,6165,1526.973878622055,1185778,0.0,0.9407986,0.9193279519677162,0.0009954426,0.0045546195,0.0045546195
8.832998,227.95,2070.75,13,6178,1530.3622131347656,1188648,0.0,0.93987155,0.7412901222705841,0.0010418108,0.0037140169,0.0037140169
8.823351,226.525,2102.75,14,6192,1533.8157958984375,1191786,0.0,0.9398826,0.8284627050161362,0.0009674349,0.0062949476,0.0062949476
8.82431,226.425,2102.0,13,6205,1537.2459197044373,1194835,0.0,0.93902856,0.9521263167262077,0.0009884982,0.0053065754,0.0053065754
8.85553,226.85,2106.75,14,6219,1540.68820977211,1197957,0.0,0.9401543,0.7553032487630844,0.0010126145,0.0041250605,0.0041250605
9.253379,233.75,2196.0,13,6232,1561.6666951179504,1201136,0.0,0.9403686,0.9017429128289223,0.00097320817,0.004919506,0.004919506
8.8218355,230.15,2124.75,13,6245,1565.1104073524475,1204041,0.0,0.9409093,0.8579980283975601,0.0010300385,0.004132358,0.004132358
9.285055,234.525,2237.25,13,6258,1568.5205223560333,1207105,0.0,0.9402793,0.9719548635184765,0.0009980128,0.0057034413,0.0057034413
9.322057,231.425,2221.0,13,6271,1571.9136111736298,1210158,0.0,0.9392803,0.9608982689678669,0.0009433999,0.0031974327,0.0031974327
8.652872,225.475,2090.5,15,6286,1575.3737230300903,1213296,0.0,0.93802136,0.6944670975208282,0.00067621405,0.0058715977,0.0058715977
8.339258,222.175,2025.0,14,6300,1578.7790338993073,1216463,0.0,0.93661237,0.8354990482330322,0.0013409046,0.0030883662,0.0030883662
8.126218,221.0,1972.5,13,6313,1582.2467377185822,1219473,0.0,0.9372561,0.7879074960947037,0.0010131152,0.0023696553,0.0023696553
9.2208185,230.725,2174.5,13,6326,1585.7510163784027,1222525,0.0,0.9330134,0.9551422521471977,0.00097380485,0.007184736,0.007184736
9.115172,229.85,2168.25,14,6340,1589.2441155910492,1225657,0.0,0.9328281,0.858890488743782,0.0006196424,0.006724403,0.006724403
8.910959,226.9,2148.25,14,6354,1592.7188875675201,1228784,0.0,0.9314292,0.8645757883787155,0.0006009973,0.0035795395,0.0035795395
8.913061,226.9,2148.75,13,6367,1596.1948642730713,1231838,0.0,0.9276116,0.959566343575716,0.0010142484,0.004493802,0.004493802
9.066248,228.55,2159.75,13,6380,1599.6039063930511,1234799,0.0,0.9275922,0.8111295998096466,0.0010136341,0.0035344306,0.0035344306
9.4906645,232.475,2232.0,13,6393,1602.9881234169006,1237848,0.0,0.926961,0.9410877116024494,0.00097223994,0.0034301784,0.0034301784
9.50102,232.125,2231.0,13,6406,1606.431319475174,1240888,0.0,0.92715716,0.9715532101690769,0.0009806994,0.0033309131,0.0033309131
9.367698,230.325,2221.0,14,6420,1609.8491909503937,1244012,0.0,0.9270637,0.8634579330682755,0.0006556013,0.005228125,0.005228125
9.369677,230.125,2219.5,13,6433,1613.2567584514618,1247053,0.0,0.92636055,0.967303104698658,0.0009888868,0.0048279576,0.0048279576
9.368469,230.025,2218.25,13,6446,1616.6971199512482,1250089,0.0,0.9282941,0.9588068574666977,0.0011073487,0.0042965915,0.0042965915
8.514911,224.05,2042.75,15,6461,1620.132245540619,1253208,0.0,0.92864776,0.5398513972759247,0.00030937613,0.0027839765,0.0027839765
8.090664,220.425,1973.0,14,6475,1623.5153822898865,1256336,0.0,0.92437524,0.7944923788309097,0.00085373875,0.00549682,0.00549682
7.6540403,218.425,1868.75,13,6488,1626.92897939682,1259295,0.0,0.92371637,0.658289909362793,0.0008814183,0.0032613238,0.0032613238
8.646767,226.05,2054.0,14,6502,1630.3010556697845,1262485,0.0,0.9180693,0.760926753282547,0.0010682754,0.004272195,0.004272195
9.076276,229.75,2125.75,13,6515,1633.703629732132,1265526,0.0,0.91534495,0.9445431791245937,0.0009104957,0.0057221414,0.0057221414
9.294211,230.925,2179.5,13,6528,1637.1668910980225,1268532,0.0,0.9157737,0.8003108948469162,0.00083734933,0.0028175095,0.0028175095
9.355527,232.275,2189.75,14,6542,1640.6079680919647,1271776,0.0,0.9115705,0.8131511211395264,0.00094207283,0.0017942752,0.0017942752
9.353467,232.3,2189.5,13,6555,1644.0202331542969,1274818,0.0,0.9066557,0.9483100511133671,0.00097048486,0.009226012,0.009226012
9.351339,232.275,2188.75,13,6568,1647.4983506202698,1277823,0.0,0.9072848,0.8064029216766357,0.0010502018,0.0055444576,0.0055444576
9.323422,231.375,2184.0,13,6581,1650.9099123477936,1280796,0.0,0.90964794,0.8414511978626251,0.0010578987,0.0040580244,0.0040580244
9.315071,231.6,2184.25,14,6595,1654.3519871234894,1284082,0.0,0.90813106,0.9582308195531368,0.0009037231,0.004559938,0.004559938
9.5403385,232.6,2238.0,13,6608,1657.8035883903503,1287127,0.0,0.90463185,0.9738766457885504,0.00097037834,0.006937764,0.006937764
9.312262,228.35,2237.0,14,6622,1661.219735622406,1290166,0.0,0.8973693,0.9755154605954885,0.0009285141,0.0053701852,0.0053701852
9.283976,229.85,2242.0,13,6635,1682.1053779125214,1293276,0.0,0.90061325,0.9799194820225239,0.000951735,0.0043643196,0.0043643196
9.003133,227.45,2179.0,13,6648,1685.4924659729004,1296225,0.0,0.9000852,0.840647965669632,0.0010436043,0.004851891,0.004851891
9.500059,233.275,2239.0,13,6661,1688.9180669784546,1299265,0.0,0.89676136,0.9691381119191647,0.0009747096,0.006119156,0.006119156
9.117574,227.6,2162.0,14,6675,1692.3024051189423,1302380,0.0,0.9001748,0.8599968403577805,0.0013275044,0.004117813,0.004117813
8.759229,225.0,2100.25,14,6689,1695.7464489936829,1305458,0.0,0.90173393,0.7219452857971191,0.00029652895,0.0020921344,0.0020921344
8.756965,224.875,2098.5,13,6702,1699.1621489524841,1308495,0.0,0.8952329,0.9370344057679176,0.0009514379,0.0041399915,0.0041399915
9.172976,228.95,2170.75,13,6715,1702.5751492977142,1311538,0.0,0.8919961,0.9693752769380808,0.00090579916,0.0049235695,0.0049235695
9.8142185,233.85,2295.0,14,6729,1706.0797934532166,1314812,0.0,0.8866859,0.9772769492119551,0.00091613224,0.0064159036,0.0064159036
9.8069515,234.075,2295.5,13,6742,1709.5563673973083,1317858,0.0,0.88021564,0.9619368650019169,0.0009832835,0.011601699,0.011601699
9.804927,234.15,2295.75,13,6755,1713.0117297172546,1320904,0.0,0.88241506,0.9755365382879972,0.00096251356,0.004730878,0.004730878
9.800738,234.15,2294.75,13,6768,1716.4719586372375,1323945,0.0,0.8832185,0.9720097873359919,0.0010833076,0.004666194,0.004666194
8.665387,225.1,2049.25,15,6783,1719.8790843486786,1327094,0.0,0.8859651,0.5631658136844635,0.0010585807,0.0095736915,0.0095736915
8.12554,220.775,1929.25,13,6796,1723.2731325626373,1329969,0.0,0.8867769,0.7115181982517242,0.0010241271,0.007883062,0.007883062
8.132912,220.775,1931.0,14,6810,1726.6956882476807,1333244,0.0,0.8801461,0.9470038823783398,0.00095073273,0.010296072,0.010296072
9.048289,228.875,2124.5,13,6823,1730.104726076126,1336249,0.0,0.87975806,0.8122724145650864,0.0009628402,0.005088086,0.005088086
8.809141,226.6,2103.5,14,6837,1733.5054743289948,1339266,0.0,0.8790581,0.765244260430336,0.0011226004,0.0068360586,0.0068360586
8.355249,223.1,2028.0,14,6851,1736.9100260734558,1342402,0.0,0.8797613,0.8539475649595261,0.0009623168,0.004421909,0.004421909
8.903685,227.3,2148.25,13,6864,1740.3148090839386,1345455,0.0,0.87860173,0.9449154548346996,0.00092529954,0.0038626918,0.0038626918
9.336345,230.95,2219.75,13,6877,1743.7313685417175,1348504,0.0,0.8832085,0.9763302728533745,0.0009655676,0.004888984,0.004888984
9.787163,234.55,2295.5,13,6890,1747.178842306137,1351549,0.0,0.88445807,0.958023689687252,0.0011007263,0.008977725,0.008977725
9.79438,234.3,2294.75,13,6903,1750.5804085731506,1354593,0.0,0.8838899,0.9597837254405022,0.0010517549,0.0067539234,0.0067539234
9.801854,234.325,2296.75,13,6916,1754.0027298927307,1357644,0.0,0.8807771,0.9717441704124212,0.00094858836,0.00781217,0.00781217
9.796567,234.425,2296.5,13,6929,1757.4627723693848,1360692,0.0,0.885334,0.9738433733582497,0.0010465838,0.0050003217,0.0050003217
9.567922,233.5,2242.75,14,6943,1760.866855621338,1363933,0.0,0.88774556,0.8110954463481903,0.0009909229,0.0038803986,0.0038803986
9.13001,229.65,2168.5,13,6956,1764.2614209651947,1366830,0.0,0.891674,0.8499381244182587,0.000976465,0.006879844,0.006879844
8.702387,225.75,2095.25,14,6970,1767.7075436115265,1369957,0.0,0.8910244,0.852094441652298,0.0009945973,0.0039036805,0.0039036805
8.598571,223.625,2081.25,14,6984,1771.1856122016907,1373117,0.0,0.8899117,0.8485386371612549,0.0008864839,0.0035081338,0.0035081338
9.021169,227.85,2155.5,13,6997,1774.6616904735565,1376182,0.0,0.886686,0.9702222440391779,0.00097506685,0.00556808,0.00556808
9.442794,231.975,2229.5,13,7010,1778.1663405895233,1379236,0.0,0.8870232,0.9277550801634789,0.00096267485,0.0116561325,0.0116561325
9.779332,234.95,2297.5,13,7023,1781.597963809967,1382281,0.0,0.8820774,0.9616350643336773,0.000980984,0.0044670873,0.0044670873
9.763205,237.4,2313.0,13,7036,1802.3632061481476,1385442,0.0,0.88541776,0.9737778231501579,0.0009788704,0.011577591,0.011577591
9.762957,237.2,2311.0,13,7049,1805.7677645683289,1388491,0.0,0.8844802,0.9786443915218115,0.001016866,0.007097429,0.007097429
9.546165,236.1,2258.25,13,7062,1809.1942839622498,1391492,0.0,0.8858941,0.8002156317234039,0.00093061203,0.003971448,0.003971448
9.567328,233.425,2241.75,13,7075,1812.5808384418488,1394547,0.0,0.88211054,0.9492543116211891,0.000997011,0.006550414,0.006550414
9.577798,233.3,2243.0,13,7088,1816.0004427433014,1397590,0.0,0.8781767,0.9798796400427818,0.0009545586,0.004527058,0.004527058
9.564028,233.475,2241.5,13,7101,1819.4384610652924,1400637,0.0,0.87240666,0.9589777700603008,0.0009519858,0.0070361733,0.0070361733
9.514148,231.825,2231.0,14,7115,1822.85622382164,1403820,0.0,0.8764619,0.8420956581830978,0.0010357623,0.009556584,0.009556584
9.51741,231.675,2230.25,13,7128,1826.3380336761475,1406857,0.0,0.877158,0.9608712643384933,0.0009449294,0.0063485443,0.0063485443
9.105737,227.75,2160.5,14,7142,1829.8336598873138,1409981,0.0,0.8796055,0.846876248717308,0.00091277267,0.006407703,0.006407703
9.384729,230.15,2223.25,13,7155,1833.2877039909363,1413026,0.0,0.8758538,0.9629623368382454,0.00096207764,0.009214622,0.009214622
9.166453,229.1,2170.75,13,7168,1836.7758276462555,1416021,0.0,0.8790501,0.7942184954881668,0.0010029841,0.0034606636,0.0034606636
9.587858,233.075,2243.25,13,7181,1840.195407629013,1419070,0.0,0.87379885,0.9708268884569407,0.0010565184,0.007852053,0.007852053
9.163427,229.2,2171.0,14,7195,1843.5834934711456,1422194,0.0,0.87127703,0.8693117201328278,0.00097559585,0.005495038,0.005495038
9.389017,230.25,2225.25,13,7208,1846.9790706634521,1425231,0.0,0.870575,0.9595250375568867,0.0010547718,0.003918428,0.003918428
9.382747,230.4,2225.25,13,7221,1850.4025933742523,1428286,0.0,0.8698621,0.9602659195661545,0.00096098264,0.006212881,0.006212881
9.373316,230.475,2224.25,14,7235,1853.8140709400177,1431413,0.0,0.86912966,0.8623667061328888,0.00073581096,0.0054258336,0.0054258336
9.069582,228.65,2161.5,14,7249,1857.2091138362885,1434613,0.0,0.86585575,0.8395046442747116,0.001045769,0.0057481527,0.0057481527
9.079923,228.375,2161.25,13,7262,1860.6126809120178,1437656,0.0,0.8636691,0.9441783651709557,0.0009250545,0.005456045,0.005456045
9.274274,229.95,2176.25,13,7275,1864.0413210391998,1440611,0.0,0.8665255,0.8585136234760284,0.0010264121,0.0037729687,0.0037729687
9.287682,229.55,2175.5,13,7288,1867.4388949871063,1443654,0.0,0.86269236,0.9531656578183174,0.0009678371,0.013656367,0.013656367
9.573834,231.825,2238.5,13,7301,1870.8660206794739,1446694,0.0,0.8588867,0.9655927456915379,0.00095086446,0.006160999,0.006160999
9.596405,232.975,2244.25,14,7315,1874.2830197811127,1449930,0.0,0.85831803,0.8031388521194458,0.00095491664,0.0042501204,0.0042501204
9.341107,231.1,2185.75,13,7328,1877.6865389347076,1452898,0.0,0.8525703,0.8232493102550507,0.0008599797,0.0032937676,0.0032937676
9.114321,230.125,2132.0,13,7341,1881.105057477951,1455899,0.0,0.8565955,0.7755465358495712,0.00090249255,0.004948873,0.004948873
9.11331,230.175,2132.25,14,7355,1884.517704486847,1459137,0.0,0.8626396,0.8055405467748642,0.0009817213,0.004911508,0.004911508
9.369559,231.975,2190.25,13,7368,1887.9042670726776,1462177,0.0,0.8590908,0.9499358646571636,0.0011428021,0.0053113266,0.0053113266
9.582724,233.25,2243.75,13,7381,1891.3323485851288,1465229,0.0,0.8533638,0.9806441627442837,0.0010188349,0.0064547025,0.0064547025
9.463205,231.25,2228.0,14,7395,1894.7421996593475,1468387,0.0,0.8522553,0.852101132273674,0.0014487723,0.011016459,0.011016459
9.003874,229.075,2136.0,13,7408,1898.1618626117706,1471340,0.0,0.85307884,0.6683647930622101,0.0009835438,0.009479285,0.009479285
9.0017805,229.075,2135.5,13,7421,1901.6241652965546,1474392,0.0,0.85324335,0.9414567574858665,0.0009851408,0.02110619,0.02110619
8.862194,232.75,2156.0,13,7434,1922.8920633792877,1477463,0.0,0.8529082,0.8521387279033661,0.0008572101,0.009099108,0.009099108
9.090255,234.325,2196.75,13,7447,1926.2771444320679,1480478,0.0,0.85421824,0.791472539305687,0.0010525874,0.0044879206,0.0044879206
9.1006775,234.1,2197.0,14,7461,1929.6737520694733,1483756,0.0,0.85100144,0.9617461822926998,0.00096404273,0.0070806234,0.0070806234
9.569338,233.55,2243.5,13,7474,1933.0907940864563,1486805,0.0,0.85033053,0.9645912572741508,0.00097586546,0.005254552,0.005254552
9.771645,234.9,2295.25,13,7487,1936.5280072689056,1489874,0.0,0.8455391,0.9810135643929243,0.0009770789,0.009707229,0.009707229
9.748805,235.4,2294.75,13,7500,1939.9465761184692,1492939,0.0,0.84421736,0.9813281148672104,0.0009843614,0.004263529,0.004263529
9.320265,231.725,2223.5,13,7513,1943.3691897392273,1495839,0.0,0.8475129,0.8689294308423996,0.0009664544,0.0050283046,0.0050283046
9.351474,231.05,2224.25,14,7527,1946.8077147006989,1499116,0.0,0.8430183,0.9694719891995192,0.0009212682,0.0052867434,0.0052867434
9.380665,230.425,2225.0,13,7540,1950.278501033783,1502156,0.0,0.8433526,0.9662275314331055,0.0009852252,0.005118349,0.005118349
